country,year,tonnes,hazard,operation
European Union - 27 countries (from 2020),2010,252050000,Hazardous and non-hazardous - total [HAZ_NHAZ],Waste treatment [TRT]
European Union - 27 countries (from 2020),2012,243840000,Hazardous and non-hazardous - total [HAZ_NHAZ],Waste treatment [TRT]
European Union - 27 countries (from 2020),2014,227290000,Hazardous and non-hazardous - total [HAZ_NHAZ],Waste treatment [TRT]
European Union - 27 countries (from 2020),2016,246940000,Hazardous and non-hazardous - total [HAZ_NHAZ],Waste treatment [TRT]
European Union - 27 countries (from 2020),2018,269910000,Hazardous and non-hazardous - total [HAZ_NHAZ],Waste treatment [TRT]
European Union - 27 countries (from 2020),2020,270470000,Hazardous and non-hazardous - total [HAZ_NHAZ],Waste treatment [TRT]
European Union - 27 countries (from 2020),2022,281740000,Hazardous and non-hazardous - total [HAZ_NHAZ],Waste treatment [TRT]
European Union - 28 countries (2013-2020),2010,305070000,Hazardous and non-hazardous - total [HAZ_NHAZ],Waste treatment [TRT]
European Union - 28 countries (2013-2020),2012,293660000,Hazardous and non-hazardous - total [HAZ_NHAZ],Waste treatment [TRT]
European Union - 28 countries (2013-2020),2014,283460000,Hazardous and non-hazardous - total [HAZ_NHAZ],Waste treatment [TRT]
European Union - 28 countries (2013-2020),2016,307270000,Hazardous and non-hazardous - total [HAZ_NHAZ],Waste treatment [TRT]
European Union - 28 countries (2013-2020),2018,331470000,Hazardous and non-hazardous - total [HAZ_NHAZ],Waste treatment [TRT]
Belgium,2010,123515,Hazardous and non-hazardous - total [HAZ_NHAZ],Waste treatment [TRT]
Belgium,2012,243167,Hazardous and non-hazardous - total [HAZ_NHAZ],Waste treatment [TRT]
Belgium,2014,222219,Hazardous and non-hazardous - total [HAZ_NHAZ],Waste treatment [TRT]
Belgium,2016,472985,Hazardous and non-hazardous - total [HAZ_NHAZ],Waste treatment [TRT]
Belgium,2018,585408,Hazardous and non-hazardous - total [HAZ_NHAZ],Waste treatment [TRT]
Belgium,2020,4710913,Hazardous and non-hazardous - total [HAZ_NHAZ],Waste treatment [TRT]
Belgium,2022,2615946,Hazardous and non-hazardous - total [HAZ_NHAZ],Waste treatment [TRT]
Bulgaria,2010,48877,Hazardous and non-hazardous - total [HAZ_NHAZ],Waste treatment [TRT]
Bulgaria,2012,487036,Hazardous and non-hazardous - total [HAZ_NHAZ],Waste treatment [TRT]
Bulgaria,2014,682013,Hazardous and non-hazardous - total [HAZ_NHAZ],Waste treatment [TRT]
Bulgaria,2016,611674,Hazardous and non-hazardous - total [HAZ_NHAZ],Waste treatment [TRT]
Bulgaria,2018,525966,Hazardous and non-hazardous - total [HAZ_NHAZ],Waste treatment [TRT]
Bulgaria,2020,938974,Hazardous and non-hazardous - total [HAZ_NHAZ],Waste treatment [TRT]
Bulgaria,2022,325674,Hazardous and non-hazardous - total [HAZ_NHAZ],Waste treatment [TRT]
Czechia,2010,2986424,Hazardous and non-hazardous - total [HAZ_NHAZ],Waste treatment [TRT]
Czechia,2012,3502831,Hazardous and non-hazardous - total [HAZ_NHAZ],Waste treatment [TRT]
Czechia,2014,3583425,Hazardous and non-hazardous - total [HAZ_NHAZ],Waste treatment [TRT]
Czechia,2016,4893384,Hazardous and non-hazardous - total [HAZ_NHAZ],Waste treatment [TRT]
Czechia,2018,7411884,Hazardous and non-hazardous - total [HAZ_NHAZ],Waste treatment [TRT]
Czechia,2020,7066101,Hazardous and non-hazardous - total [HAZ_NHAZ],Waste treatment [TRT]
Czechia,2022,6697014,Hazardous and non-hazardous - total [HAZ_NHAZ],Waste treatment [TRT]
Denmark,2010,2188962,Hazardous and non-hazardous - total [HAZ_NHAZ],Waste treatment [TRT]
Denmark,2012,2743145,Hazardous and non-hazardous - total [HAZ_NHAZ],Waste treatment [TRT]
Denmark,2014,3297001,Hazardous and non-hazardous - total [HAZ_NHAZ],Waste treatment [TRT]
Denmark,2016,3471625,Hazardous and non-hazardous - total [HAZ_NHAZ],Waste treatment [TRT]
Denmark,2018,4090287,Hazardous and non-hazardous - total [HAZ_NHAZ],Waste treatment [TRT]
Denmark,2020,3695102,Hazardous and non-hazardous - total [HAZ_NHAZ],Waste treatment [TRT]
Denmark,2022,4491554,Hazardous and non-hazardous - total [HAZ_NHAZ],Waste treatment [TRT]
Germany,2010,74824387,Hazardous and non-hazardous - total [HAZ_NHAZ],Waste treatment [TRT]
Germany,2012,75561613,Hazardous and non-hazardous - total [HAZ_NHAZ],Waste treatment [TRT]
Germany,2014,76384581,Hazardous and non-hazardous - total [HAZ_NHAZ],Waste treatment [TRT]
Germany,2016,83796189,Hazardous and non-hazardous - total [HAZ_NHAZ],Waste treatment [TRT]
Germany,2018,83042460,Hazardous and non-hazardous - total [HAZ_NHAZ],Waste treatment [TRT]
Germany,2020,85706884,Hazardous and non-hazardous - total [HAZ_NHAZ],Waste treatment [TRT]
Germany,2022,80811555,Hazardous and non-hazardous - total [HAZ_NHAZ],Waste treatment [TRT]
Estonia,2010,608427,Hazardous and non-hazardous - total [HAZ_NHAZ],Waste treatment [TRT]
Estonia,2012,543081,Hazardous and non-hazardous - total [HAZ_NHAZ],Waste treatment [TRT]
Estonia,2014,724210,Hazardous and non-hazardous - total [HAZ_NHAZ],Waste treatment [TRT]
Estonia,2016,509531,Hazardous and non-hazardous - total [HAZ_NHAZ],Waste treatment [TRT]
Estonia,2018,1026665,Hazardous and non-hazardous - total [HAZ_NHAZ],Waste treatment [TRT]
Estonia,2020,671028,Hazardous and non-hazardous - total [HAZ_NHAZ],Waste treatment [TRT]
Estonia,2022,766354,Hazardous and non-hazardous - total [HAZ_NHAZ],Waste treatment [TRT]
Ireland,2010,458963,Hazardous and non-hazardous - total [HAZ_NHAZ],Waste treatment [TRT]
Ireland,2012,286405,Hazardous and non-hazardous - total [HAZ_NHAZ],Waste treatment [TRT]
Ireland,2014,398461,Hazardous and non-hazardous - total [HAZ_NHAZ],Waste treatment [TRT]
Ireland,2016,444150,Hazardous and non-hazardous - total [HAZ_NHAZ],Waste treatment [TRT]
Ireland,2018,877569,Hazardous and non-hazardous - total [HAZ_NHAZ],Waste treatment [TRT]
Ireland,2020,554329,Hazardous and non-hazardous - total [HAZ_NHAZ],Waste treatment [TRT]
Ireland,2022,748543,Hazardous and non-hazardous - total [HAZ_NHAZ],Waste treatment [TRT]
Greece,2010,1544754,Hazardous and non-hazardous - total [HAZ_NHAZ],Waste treatment [TRT]
Greece,2012,604369,Hazardous and non-hazardous - total [HAZ_NHAZ],Waste treatment [TRT]
Greece,2014,140112,Hazardous and non-hazardous - total [HAZ_NHAZ],Waste treatment [TRT]
Greece,2016,138099,Hazardous and non-hazardous - total [HAZ_NHAZ],Waste treatment [TRT]
Greece,2018,718860,Hazardous and non-hazardous - total [HAZ_NHAZ],Waste treatment [TRT]
Greece,2020,1573901,Hazardous and non-hazardous - total [HAZ_NHAZ],Waste treatment [TRT]
Greece,2022,2236071,Hazardous and non-hazardous - total [HAZ_NHAZ],Waste treatment [TRT]
Spain,2010,11383724,Hazardous and non-hazardous - total [HAZ_NHAZ],Waste treatment [TRT]
Spain,2012,27393121,Hazardous and non-hazardous - total [HAZ_NHAZ],Waste treatment [TRT]
Spain,2014,7097160,Hazardous and non-hazardous - total [HAZ_NHAZ],Waste treatment [TRT]
Spain,2016,9148448,Hazardous and non-hazardous - total [HAZ_NHAZ],Waste treatment [TRT]
Spain,2018,14495808,Hazardous and non-hazardous - total [HAZ_NHAZ],Waste treatment [TRT]
Spain,2020,14371856,Hazardous and non-hazardous - total [HAZ_NHAZ],Waste treatment [TRT]
Spain,2022,14647979,Hazardous and non-hazardous - total [HAZ_NHAZ],Waste treatment [TRT]
France,2010,65061585,Hazardous and non-hazardous - total [HAZ_NHAZ],Waste treatment [TRT]
France,2012,61818603,Hazardous and non-hazardous - total [HAZ_NHAZ],Waste treatment [TRT]
France,2014,60551785,Hazardous and non-hazardous - total [HAZ_NHAZ],Waste treatment [TRT]
France,2016,63998536,Hazardous and non-hazardous - total [HAZ_NHAZ],Waste treatment [TRT]
France,2018,68965855,Hazardous and non-hazardous - total [HAZ_NHAZ],Waste treatment [TRT]
France,2020,53196319,Hazardous and non-hazardous - total [HAZ_NHAZ],Waste treatment [TRT]
France,2022,62028210,Hazardous and non-hazardous - total [HAZ_NHAZ],Waste treatment [TRT]
Croatia,2010,44352,Hazardous and non-hazardous - total [HAZ_NHAZ],Waste treatment [TRT]
Croatia,2012,250193,Hazardous and non-hazardous - total [HAZ_NHAZ],Waste treatment [TRT]
Croatia,2014,287439,Hazardous and non-hazardous - total [HAZ_NHAZ],Waste treatment [TRT]
Croatia,2016,450954,Hazardous and non-hazardous - total [HAZ_NHAZ],Waste treatment [TRT]
Croatia,2018,305411,Hazardous and non-hazardous - total [HAZ_NHAZ],Waste treatment [TRT]
Croatia,2020,420733,Hazardous and non-hazardous - total [HAZ_NHAZ],Waste treatment [TRT]
Croatia,2022,431573,Hazardous and non-hazardous - total [HAZ_NHAZ],Waste treatment [TRT]
Italy,2010,31130088,Hazardous and non-hazardous - total [HAZ_NHAZ],Waste treatment [TRT]
Italy,2012,30865123,Hazardous and non-hazardous - total [HAZ_NHAZ],Waste treatment [TRT]
Italy,2014,31389371,Hazardous and non-hazardous - total [HAZ_NHAZ],Waste treatment [TRT]
Italy,2016,34092663,Hazardous and non-hazardous - total [HAZ_NHAZ],Waste treatment [TRT]
Italy,2018,40364355,Hazardous and non-hazardous - total [HAZ_NHAZ],Waste treatment [TRT]
Italy,2020,45583675,Hazardous and non-hazardous - total [HAZ_NHAZ],Waste treatment [TRT]
Italy,2022,53984294,Hazardous and non-hazardous - total [HAZ_NHAZ],Waste treatment [TRT]
Cyprus,2010,160251,Hazardous and non-hazardous - total [HAZ_NHAZ],Waste treatment [TRT]
Cyprus,2012,138221,Hazardous and non-hazardous - total [HAZ_NHAZ],Waste treatment [TRT]
Cyprus,2014,111232,Hazardous and non-hazardous - total [HAZ_NHAZ],Waste treatment [TRT]
Cyprus,2016,187343,Hazardous and non-hazardous - total [HAZ_NHAZ],Waste treatment [TRT]
Cyprus,2018,219631,Hazardous and non-hazardous - total [HAZ_NHAZ],Waste treatment [TRT]
Cyprus,2020,259675,Hazardous and non-hazardous - total [HAZ_NHAZ],Waste treatment [TRT]
Cyprus,2022,228953,Hazardous and non-hazardous - total [HAZ_NHAZ],Waste treatment [TRT]
Latvia,2010,146712,Hazardous and non-hazardous - total [HAZ_NHAZ],Waste treatment [TRT]
Latvia,2012,155323,Hazardous and non-hazardous - total [HAZ_NHAZ],Waste treatment [TRT]
Latvia,2014,113431,Hazardous and non-hazardous - total [HAZ_NHAZ],Waste treatment [TRT]
Latvia,2016,112528,Hazardous and non-hazardous - total [HAZ_NHAZ],Waste treatment [TRT]
Latvia,2018,396407,Hazardous and non-hazardous - total [HAZ_NHAZ],Waste treatment [TRT]
Latvia,2020,317839,Hazardous and non-hazardous - total [HAZ_NHAZ],Waste treatment [TRT]
Latvia,2022,368226,Hazardous and non-hazardous - total [HAZ_NHAZ],Waste treatment [TRT]
Lithuania,2010,320869,Hazardous and non-hazardous - total [HAZ_NHAZ],Waste treatment [TRT]
Lithuania,2012,457263,Hazardous and non-hazardous - total [HAZ_NHAZ],Waste treatment [TRT]
Lithuania,2014,575433,Hazardous and non-hazardous - total [HAZ_NHAZ],Waste treatment [TRT]
Lithuania,2016,764791,Hazardous and non-hazardous - total [HAZ_NHAZ],Waste treatment [TRT]
Lithuania,2018,661381,Hazardous and non-hazardous - total [HAZ_NHAZ],Waste treatment [TRT]
Lithuania,2020,602860,Hazardous and non-hazardous - total [HAZ_NHAZ],Waste treatment [TRT]
Lithuania,2022,634913,Hazardous and non-hazardous - total [HAZ_NHAZ],Waste treatment [TRT]
Luxembourg,2010,539297,Hazardous and non-hazardous - total [HAZ_NHAZ],Waste treatment [TRT]
Luxembourg,2012,524528,Hazardous and non-hazardous - total [HAZ_NHAZ],Waste treatment [TRT]
Luxembourg,2014,496708,Hazardous and non-hazardous - total [HAZ_NHAZ],Waste treatment [TRT]
Luxembourg,2016,502535,Hazardous and non-hazardous - total [HAZ_NHAZ],Waste treatment [TRT]
Luxembourg,2018,390251,Hazardous and non-hazardous - total [HAZ_NHAZ],Waste treatment [TRT]
Luxembourg,2020,542699,Hazardous and non-hazardous - total [HAZ_NHAZ],Waste treatment [TRT]
Luxembourg,2022,1092887,Hazardous and non-hazardous - total [HAZ_NHAZ],Waste treatment [TRT]
Hungary,2010,2374434,Hazardous and non-hazardous - total [HAZ_NHAZ],Waste treatment [TRT]
Hungary,2012,1923520,Hazardous and non-hazardous - total [HAZ_NHAZ],Waste treatment [TRT]
Hungary,2014,2415994,Hazardous and non-hazardous - total [HAZ_NHAZ],Waste treatment [TRT]
Hungary,2016,2580731,Hazardous and non-hazardous - total [HAZ_NHAZ],Waste treatment [TRT]
Hungary,2018,3478197,Hazardous and non-hazardous - total [HAZ_NHAZ],Waste treatment [TRT]
Hungary,2020,4320114,Hazardous and non-hazardous - total [HAZ_NHAZ],Waste treatment [TRT]
Hungary,2022,3793996,Hazardous and non-hazardous - total [HAZ_NHAZ],Waste treatment [TRT]
Malta,2010,756584,Hazardous and non-hazardous - total [HAZ_NHAZ],Waste treatment [TRT]
Malta,2012,507563,Hazardous and non-hazardous - total [HAZ_NHAZ],Waste treatment [TRT]
Malta,2014,788308,Hazardous and non-hazardous - total [HAZ_NHAZ],Waste treatment [TRT]
Malta,2016,1030298,Hazardous and non-hazardous - total [HAZ_NHAZ],Waste treatment [TRT]
Malta,2018,1759966,Hazardous and non-hazardous - total [HAZ_NHAZ],Waste treatment [TRT]
Malta,2020,2947811,Hazardous and non-hazardous - total [HAZ_NHAZ],Waste treatment [TRT]
Malta,2022,2062368,Hazardous and non-hazardous - total [HAZ_NHAZ],Waste treatment [TRT]
Netherlands,2010,20079722,Hazardous and non-hazardous - total [HAZ_NHAZ],Waste treatment [TRT]
Netherlands,2012,19420519,Hazardous and non-hazardous - total [HAZ_NHAZ],Waste treatment [TRT]
Netherlands,2014,18892255,Hazardous and non-hazardous - total [HAZ_NHAZ],Waste treatment [TRT]
Netherlands,2016,19409926,Hazardous and non-hazardous - total [HAZ_NHAZ],Waste treatment [TRT]
Netherlands,2018,20339362,Hazardous and non-hazardous - total [HAZ_NHAZ],Waste treatment [TRT]
Netherlands,2020,20259180,Hazardous and non-hazardous - total [HAZ_NHAZ],Waste treatment [TRT]
Netherlands,2022,20027460,Hazardous and non-hazardous - total [HAZ_NHAZ],Waste treatment [TRT]
Austria,2010,5908180,Hazardous and non-hazardous - total [HAZ_NHAZ],Waste treatment [TRT]
Austria,2012,6285962,Hazardous and non-hazardous - total [HAZ_NHAZ],Waste treatment [TRT]
Austria,2014,9160040,Hazardous and non-hazardous - total [HAZ_NHAZ],Waste treatment [TRT]
Austria,2016,10009516,Hazardous and non-hazardous - total [HAZ_NHAZ],Waste treatment [TRT]
Austria,2018,10548788,Hazardous and non-hazardous - total [HAZ_NHAZ],Waste treatment [TRT]
Austria,2020,10709663,Hazardous and non-hazardous - total [HAZ_NHAZ],Waste treatment [TRT]
Austria,2022,10890585,Hazardous and non-hazardous - total [HAZ_NHAZ],Waste treatment [TRT]
Poland,2010,3173454,Hazardous and non-hazardous - total [HAZ_NHAZ],Waste treatment [TRT]
Poland,2012,3016359,Hazardous and non-hazardous - total [HAZ_NHAZ],Waste treatment [TRT]
Poland,2014,5109453,Hazardous and non-hazardous - total [HAZ_NHAZ],Waste treatment [TRT]
Poland,2016,3730719,Hazardous and non-hazardous - total [HAZ_NHAZ],Waste treatment [TRT]
Poland,2018,4354088,Hazardous and non-hazardous - total [HAZ_NHAZ],Waste treatment [TRT]
Poland,2020,4965153,Hazardous and non-hazardous - total [HAZ_NHAZ],Waste treatment [TRT]
Poland,2022,5283890,Hazardous and non-hazardous - total [HAZ_NHAZ],Waste treatment [TRT]
Portugal,2010,526638,Hazardous and non-hazardous - total [HAZ_NHAZ],Waste treatment [TRT]
Portugal,2012,576904,Hazardous and non-hazardous - total [HAZ_NHAZ],Waste treatment [TRT]
Portugal,2014,503805,Hazardous and non-hazardous - total [HAZ_NHAZ],Waste treatment [TRT]
Portugal,2016,879274,Hazardous and non-hazardous - total [HAZ_NHAZ],Waste treatment [TRT]
Portugal,2018,935368,Hazardous and non-hazardous - total [HAZ_NHAZ],Waste treatment [TRT]
Portugal,2020,1282041,Hazardous and non-hazardous - total [HAZ_NHAZ],Waste treatment [TRT]
Portugal,2022,1469543,Hazardous and non-hazardous - total [HAZ_NHAZ],Waste treatment [TRT]
Romania,2010,881671,Hazardous and non-hazardous - total [HAZ_NHAZ],Waste treatment [TRT]
Romania,2012,787277,Hazardous and non-hazardous - total [HAZ_NHAZ],Waste treatment [TRT]
Romania,2014,657901,Hazardous and non-hazardous - total [HAZ_NHAZ],Waste treatment [TRT]
Romania,2016,1156358,Hazardous and non-hazardous - total [HAZ_NHAZ],Waste treatment [TRT]
Romania,2018,585992,Hazardous and non-hazardous - total [HAZ_NHAZ],Waste treatment [TRT]
Romania,2020,960730,Hazardous and non-hazardous - total [HAZ_NHAZ],Waste treatment [TRT]
Romania,2022,1010001,Hazardous and non-hazardous - total [HAZ_NHAZ],Waste treatment [TRT]
Slovenia,2010,686217,Hazardous and non-hazardous - total [HAZ_NHAZ],Waste treatment [TRT]
Slovenia,2012,312540,Hazardous and non-hazardous - total [HAZ_NHAZ],Waste treatment [TRT]
Slovenia,2014,524347,Hazardous and non-hazardous - total [HAZ_NHAZ],Waste treatment [TRT]
Slovenia,2016,596321,Hazardous and non-hazardous - total [HAZ_NHAZ],Waste treatment [TRT]
Slovenia,2018,1012160,Hazardous and non-hazardous - total [HAZ_NHAZ],Waste treatment [TRT]
Slovenia,2020,979261,Hazardous and non-hazardous - total [HAZ_NHAZ],Waste treatment [TRT]
Slovenia,2022,1158667,Hazardous and non-hazardous - total [HAZ_NHAZ],Waste treatment [TRT]
Slovakia,2010,499762,Hazardous and non-hazardous - total [HAZ_NHAZ],Waste treatment [TRT]
Slovakia,2012,435228,Hazardous and non-hazardous - total [HAZ_NHAZ],Waste treatment [TRT]
Slovakia,2014,435389,Hazardous and non-hazardous - total [HAZ_NHAZ],Waste treatment [TRT]
Slovakia,2016,408993,Hazardous and non-hazardous - total [HAZ_NHAZ],Waste treatment [TRT]
Slovakia,2018,354486,Hazardous and non-hazardous - total [HAZ_NHAZ],Waste treatment [TRT]
Slovakia,2020,868664,Hazardous and non-hazardous - total [HAZ_NHAZ],Waste treatment [TRT]
Slovakia,2022,1208792,Hazardous and non-hazardous - total [HAZ_NHAZ],Waste treatment [TRT]
Finland,2010,24787784,Hazardous and non-hazardous - total [HAZ_NHAZ],Waste treatment [TRT]
Finland,2012,4370197,Hazardous and non-hazardous - total [HAZ_NHAZ],Waste treatment [TRT]
Finland,2014,1727279,Hazardous and non-hazardous - total [HAZ_NHAZ],Waste treatment [TRT]
Finland,2016,2057185,Hazardous and non-hazardous - total [HAZ_NHAZ],Waste treatment [TRT]
Finland,2018,1213288,Hazardous and non-hazardous - total [HAZ_NHAZ],Waste treatment [TRT]
Finland,2020,1228328,Hazardous and non-hazardous - total [HAZ_NHAZ],Waste treatment [TRT]
Finland,2022,964033,Hazardous and non-hazardous - total [HAZ_NHAZ],Waste treatment [TRT]
Sweden,2010,801565,Hazardous and non-hazardous - total [HAZ_NHAZ],Waste treatment [TRT]
Sweden,2012,627599,Hazardous and non-hazardous - total [HAZ_NHAZ],Waste treatment [TRT]
Sweden,2014,1017767,Hazardous and non-hazardous - total [HAZ_NHAZ],Waste treatment [TRT]
Sweden,2016,1480338,Hazardous and non-hazardous - total [HAZ_NHAZ],Waste treatment [TRT]
Sweden,2018,1254820,Hazardous and non-hazardous - total [HAZ_NHAZ],Waste treatment [TRT]
Sweden,2020,1740076,Hazardous and non-hazardous - total [HAZ_NHAZ],Waste treatment [TRT]
Iceland,2010,7274,Hazardous and non-hazardous - total [HAZ_NHAZ],Waste treatment [TRT]
Iceland,2012,2891,Hazardous and non-hazardous - total [HAZ_NHAZ],Waste treatment [TRT]
Iceland,2014,343851,Hazardous and non-hazardous - total [HAZ_NHAZ],Waste treatment [TRT]
Iceland,2016,475366,Hazardous and non-hazardous - total [HAZ_NHAZ],Waste treatment [TRT]
Iceland,2018,608969,Hazardous and non-hazardous - total [HAZ_NHAZ],Waste treatment [TRT]
Iceland,2020,412990,Hazardous and non-hazardous - total [HAZ_NHAZ],Waste treatment [TRT]
Iceland,2022,116403,Hazardous and non-hazardous - total [HAZ_NHAZ],Waste treatment [TRT]
Norway,2010,330928,Hazardous and non-hazardous - total [HAZ_NHAZ],Waste treatment [TRT]
Norway,2012,840152,Hazardous and non-hazardous - total [HAZ_NHAZ],Waste treatment [TRT]
Norway,2014,1964564,Hazardous and non-hazardous - total [HAZ_NHAZ],Waste treatment [TRT]
Norway,2016,2366510,Hazardous and non-hazardous - total [HAZ_NHAZ],Waste treatment [TRT]
Norway,2018,2425045,Hazardous and non-hazardous - total [HAZ_NHAZ],Waste treatment [TRT]
Norway,2020,2924832,Hazardous and non-hazardous - total [HAZ_NHAZ],Waste treatment [TRT]
Norway,2022,2608793,Hazardous and non-hazardous - total [HAZ_NHAZ],Waste treatment [TRT]
United Kingdom,2010,53018460,Hazardous and non-hazardous - total [HAZ_NHAZ],Waste treatment [TRT]
United Kingdom,2012,49817511,Hazardous and non-hazardous - total [HAZ_NHAZ],Waste treatment [TRT]
United Kingdom,2014,56175681,Hazardous and non-hazardous - total [HAZ_NHAZ],Waste treatment [TRT]
United Kingdom,2016,60336741,Hazardous and non-hazardous - total [HAZ_NHAZ],Waste treatment [TRT]
United Kingdom,2018,61700534,Hazardous and non-hazardous - total [HAZ_NHAZ],Waste treatment [TRT]
Bosnia and Herzegovina,2022,69077,Hazardous and non-hazardous - total [HAZ_NHAZ],Waste treatment [TRT]
Montenegro,2012,8360,Hazardous and non-hazardous - total [HAZ_NHAZ],Waste treatment [TRT]
Montenegro,2014,22394,Hazardous and non-hazardous - total [HAZ_NHAZ],Waste treatment [TRT]
Montenegro,2016,10085,Hazardous and non-hazardous - total [HAZ_NHAZ],Waste treatment [TRT]
Montenegro,2018,1830,Hazardous and non-hazardous - total [HAZ_NHAZ],Waste treatment [TRT]
Montenegro,2020,24110,Hazardous and non-hazardous - total [HAZ_NHAZ],Waste treatment [TRT]
Montenegro,2022,250,Hazardous and non-hazardous - total [HAZ_NHAZ],Waste treatment [TRT]
North Macedonia,2010,60,Hazardous and non-hazardous - total [HAZ_NHAZ],Waste treatment [TRT]
North Macedonia,2012,8363,Hazardous and non-hazardous - total [HAZ_NHAZ],Waste treatment [TRT]
North Macedonia,2014,7269,Hazardous and non-hazardous - total [HAZ_NHAZ],Waste treatment [TRT]
North Macedonia,2018,8034,Hazardous and non-hazardous - total [HAZ_NHAZ],Waste treatment [TRT]
North Macedonia,2020,51724,Hazardous and non-hazardous - total [HAZ_NHAZ],Waste treatment [TRT]
North Macedonia,2022,56321,Hazardous and non-hazardous - total [HAZ_NHAZ],Waste treatment [TRT]
Albania,2014,0,Hazardous and non-hazardous - total [HAZ_NHAZ],Waste treatment [TRT]
Albania,2022,42751,Hazardous and non-hazardous - total [HAZ_NHAZ],Waste treatment [TRT]
Serbia,2010,133,Hazardous and non-hazardous - total [HAZ_NHAZ],Waste treatment [TRT]
Serbia,2012,869,Hazardous and non-hazardous - total [HAZ_NHAZ],Waste treatment [TRT]
Serbia,2014,51770,Hazardous and non-hazardous - total [HAZ_NHAZ],Waste treatment [TRT]
Serbia,2016,259266,Hazardous and non-hazardous - total [HAZ_NHAZ],Waste treatment [TRT]
Serbia,2018,359784,Hazardous and non-hazardous - total [HAZ_NHAZ],Waste treatment [TRT]
Serbia,2020,452123,Hazardous and non-hazardous - total [HAZ_NHAZ],Waste treatment [TRT]
Serbia,2022,257530,Hazardous and non-hazardous - total [HAZ_NHAZ],Waste treatment [TRT]
Türkiye,2010,97359,Hazardous and non-hazardous - total [HAZ_NHAZ],Waste treatment [TRT]
Türkiye,2012,277518,Hazardous and non-hazardous - total [HAZ_NHAZ],Waste treatment [TRT]
Türkiye,2014,497156,Hazardous and non-hazardous - total [HAZ_NHAZ],Waste treatment [TRT]
Türkiye,2016,152187,Hazardous and non-hazardous - total [HAZ_NHAZ],Waste treatment [TRT]
Türkiye,2018,7999,Hazardous and non-hazardous - total [HAZ_NHAZ],Waste treatment [TRT]
Türkiye,2020,21399,Hazardous and non-hazardous - total [HAZ_NHAZ],Waste treatment [TRT]
Kosovo*,2016,0,Hazardous and non-hazardous - total [HAZ_NHAZ],Waste treatment [TRT]
Kosovo*,2020,13765,Hazardous and non-hazardous - total [HAZ_NHAZ],Waste treatment [TRT]
Kosovo*,2022,83858,Hazardous and non-hazardous - total [HAZ_NHAZ],Waste treatment [TRT]
European Union - 27 countries (from 2020),2010,59990000,Hazardous and non-hazardous - total [HAZ_NHAZ],"Disposal - landfill and other (D1-D7, D12) [DSP_L_OTH]"
European Union - 27 countries (from 2020),2012,38350000,Hazardous and non-hazardous - total [HAZ_NHAZ],"Disposal - landfill and other (D1-D7, D12) [DSP_L_OTH]"
European Union - 27 countries (from 2020),2014,30060000,Hazardous and non-hazardous - total [HAZ_NHAZ],"Disposal - landfill and other (D1-D7, D12) [DSP_L_OTH]"
European Union - 27 countries (from 2020),2016,31340000,Hazardous and non-hazardous - total [HAZ_NHAZ],"Disposal - landfill and other (D1-D7, D12) [DSP_L_OTH]"
European Union - 27 countries (from 2020),2018,33670000,Hazardous and non-hazardous - total [HAZ_NHAZ],"Disposal - landfill and other (D1-D7, D12) [DSP_L_OTH]"
European Union - 27 countries (from 2020),2020,25310000,Hazardous and non-hazardous - total [HAZ_NHAZ],"Disposal - landfill and other (D1-D7, D12) [DSP_L_OTH]"
European Union - 27 countries (from 2020),2022,25130000,Hazardous and non-hazardous - total [HAZ_NHAZ],"Disposal - landfill and other (D1-D7, D12) [DSP_L_OTH]"
European Union - 28 countries (2013-2020),2010,62080000,Hazardous and non-hazardous - total [HAZ_NHAZ],"Disposal - landfill and other (D1-D7, D12) [DSP_L_OTH]"
European Union - 28 countries (2013-2020),2012,40570000,Hazardous and non-hazardous - total [HAZ_NHAZ],"Disposal - landfill and other (D1-D7, D12) [DSP_L_OTH]"
European Union - 28 countries (2013-2020),2014,32440000,Hazardous and non-hazardous - total [HAZ_NHAZ],"Disposal - landfill and other (D1-D7, D12) [DSP_L_OTH]"
European Union - 28 countries (2013-2020),2016,33820000,Hazardous and non-hazardous - total [HAZ_NHAZ],"Disposal - landfill and other (D1-D7, D12) [DSP_L_OTH]"
European Union - 28 countries (2013-2020),2018,35180000,Hazardous and non-hazardous - total [HAZ_NHAZ],"Disposal - landfill and other (D1-D7, D12) [DSP_L_OTH]"
Belgium,2010,84860,Hazardous and non-hazardous - total [HAZ_NHAZ],"Disposal - landfill and other (D1-D7, D12) [DSP_L_OTH]"
Belgium,2012,139665,Hazardous and non-hazardous - total [HAZ_NHAZ],"Disposal - landfill and other (D1-D7, D12) [DSP_L_OTH]"
Belgium,2014,169217,Hazardous and non-hazardous - total [HAZ_NHAZ],"Disposal - landfill and other (D1-D7, D12) [DSP_L_OTH]"
Belgium,2016,75448,Hazardous and non-hazardous - total [HAZ_NHAZ],"Disposal - landfill and other (D1-D7, D12) [DSP_L_OTH]"
Belgium,2018,83628,Hazardous and non-hazardous - total [HAZ_NHAZ],"Disposal - landfill and other (D1-D7, D12) [DSP_L_OTH]"
Belgium,2020,52275,Hazardous and non-hazardous - total [HAZ_NHAZ],"Disposal - landfill and other (D1-D7, D12) [DSP_L_OTH]"
Belgium,2022,18302,Hazardous and non-hazardous - total [HAZ_NHAZ],"Disposal - landfill and other (D1-D7, D12) [DSP_L_OTH]"
Bulgaria,2010,18814,Hazardous and non-hazardous - total [HAZ_NHAZ],"Disposal - landfill and other (D1-D7, D12) [DSP_L_OTH]"
Bulgaria,2012,417774,Hazardous and non-hazardous - total [HAZ_NHAZ],"Disposal - landfill and other (D1-D7, D12) [DSP_L_OTH]"
Bulgaria,2014,29503,Hazardous and non-hazardous - total [HAZ_NHAZ],"Disposal - landfill and other (D1-D7, D12) [DSP_L_OTH]"
Bulgaria,2016,65535,Hazardous and non-hazardous - total [HAZ_NHAZ],"Disposal - landfill and other (D1-D7, D12) [DSP_L_OTH]"
Bulgaria,2018,399577,Hazardous and non-hazardous - total [HAZ_NHAZ],"Disposal - landfill and other (D1-D7, D12) [DSP_L_OTH]"
Bulgaria,2020,37133,Hazardous and non-hazardous - total [HAZ_NHAZ],"Disposal - landfill and other (D1-D7, D12) [DSP_L_OTH]"
Bulgaria,2022,39575,Hazardous and non-hazardous - total [HAZ_NHAZ],"Disposal - landfill and other (D1-D7, D12) [DSP_L_OTH]"
Czechia,2010,260646,Hazardous and non-hazardous - total [HAZ_NHAZ],"Disposal - landfill and other (D1-D7, D12) [DSP_L_OTH]"
Czechia,2012,310153,Hazardous and non-hazardous - total [HAZ_NHAZ],"Disposal - landfill and other (D1-D7, D12) [DSP_L_OTH]"
Czechia,2014,359940,Hazardous and non-hazardous - total [HAZ_NHAZ],"Disposal - landfill and other (D1-D7, D12) [DSP_L_OTH]"
Czechia,2016,409372,Hazardous and non-hazardous - total [HAZ_NHAZ],"Disposal - landfill and other (D1-D7, D12) [DSP_L_OTH]"
Czechia,2018,280280,Hazardous and non-hazardous - total [HAZ_NHAZ],"Disposal - landfill and other (D1-D7, D12) [DSP_L_OTH]"
Czechia,2020,326694,Hazardous and non-hazardous - total [HAZ_NHAZ],"Disposal - landfill and other (D1-D7, D12) [DSP_L_OTH]"
Czechia,2022,634842,Hazardous and non-hazardous - total [HAZ_NHAZ],"Disposal - landfill and other (D1-D7, D12) [DSP_L_OTH]"
Denmark,2010,138901,Hazardous and non-hazardous - total [HAZ_NHAZ],"Disposal - landfill and other (D1-D7, D12) [DSP_L_OTH]"
Denmark,2012,113432,Hazardous and non-hazardous - total [HAZ_NHAZ],"Disposal - landfill and other (D1-D7, D12) [DSP_L_OTH]"
Denmark,2014,124345,Hazardous and non-hazardous - total [HAZ_NHAZ],"Disposal - landfill and other (D1-D7, D12) [DSP_L_OTH]"
Denmark,2016,141699,Hazardous and non-hazardous - total [HAZ_NHAZ],"Disposal - landfill and other (D1-D7, D12) [DSP_L_OTH]"
Denmark,2018,27136,Hazardous and non-hazardous - total [HAZ_NHAZ],"Disposal - landfill and other (D1-D7, D12) [DSP_L_OTH]"
Denmark,2020,34368,Hazardous and non-hazardous - total [HAZ_NHAZ],"Disposal - landfill and other (D1-D7, D12) [DSP_L_OTH]"
Denmark,2022,31391,Hazardous and non-hazardous - total [HAZ_NHAZ],"Disposal - landfill and other (D1-D7, D12) [DSP_L_OTH]"
Germany,2010,3716366,Hazardous and non-hazardous - total [HAZ_NHAZ],"Disposal - landfill and other (D1-D7, D12) [DSP_L_OTH]"
Germany,2012,4717252,Hazardous and non-hazardous - total [HAZ_NHAZ],"Disposal - landfill and other (D1-D7, D12) [DSP_L_OTH]"
Germany,2014,5605211,Hazardous and non-hazardous - total [HAZ_NHAZ],"Disposal - landfill and other (D1-D7, D12) [DSP_L_OTH]"
Germany,2016,6114132,Hazardous and non-hazardous - total [HAZ_NHAZ],"Disposal - landfill and other (D1-D7, D12) [DSP_L_OTH]"
Germany,2020,6575054,Hazardous and non-hazardous - total [HAZ_NHAZ],"Disposal - landfill and other (D1-D7, D12) [DSP_L_OTH]"
Germany,2022,5411301,Hazardous and non-hazardous - total [HAZ_NHAZ],"Disposal - landfill and other (D1-D7, D12) [DSP_L_OTH]"
Estonia,2010,21522,Hazardous and non-hazardous - total [HAZ_NHAZ],"Disposal - landfill and other (D1-D7, D12) [DSP_L_OTH]"
Estonia,2012,19779,Hazardous and non-hazardous - total [HAZ_NHAZ],"Disposal - landfill and other (D1-D7, D12) [DSP_L_OTH]"
Estonia,2014,18052,Hazardous and non-hazardous - total [HAZ_NHAZ],"Disposal - landfill and other (D1-D7, D12) [DSP_L_OTH]"
Estonia,2016,13324,Hazardous and non-hazardous - total [HAZ_NHAZ],"Disposal - landfill and other (D1-D7, D12) [DSP_L_OTH]"
Estonia,2018,46548,Hazardous and non-hazardous - total [HAZ_NHAZ],"Disposal - landfill and other (D1-D7, D12) [DSP_L_OTH]"
Estonia,2020,48198,Hazardous and non-hazardous - total [HAZ_NHAZ],"Disposal - landfill and other (D1-D7, D12) [DSP_L_OTH]"
Estonia,2022,47543,Hazardous and non-hazardous - total [HAZ_NHAZ],"Disposal - landfill and other (D1-D7, D12) [DSP_L_OTH]"
Ireland,2010,11658,Hazardous and non-hazardous - total [HAZ_NHAZ],"Disposal - landfill and other (D1-D7, D12) [DSP_L_OTH]"
Ireland,2012,933,Hazardous and non-hazardous - total [HAZ_NHAZ],"Disposal - landfill and other (D1-D7, D12) [DSP_L_OTH]"
Ireland,2014,1048,Hazardous and non-hazardous - total [HAZ_NHAZ],"Disposal - landfill and other (D1-D7, D12) [DSP_L_OTH]"
Ireland,2016,16874,Hazardous and non-hazardous - total [HAZ_NHAZ],"Disposal - landfill and other (D1-D7, D12) [DSP_L_OTH]"
Ireland,2018,2901,Hazardous and non-hazardous - total [HAZ_NHAZ],"Disposal - landfill and other (D1-D7, D12) [DSP_L_OTH]"
Ireland,2020,26295,Hazardous and non-hazardous - total [HAZ_NHAZ],"Disposal - landfill and other (D1-D7, D12) [DSP_L_OTH]"
Ireland,2022,2536,Hazardous and non-hazardous - total [HAZ_NHAZ],"Disposal - landfill and other (D1-D7, D12) [DSP_L_OTH]"
Greece,2010,1544505,Hazardous and non-hazardous - total [HAZ_NHAZ],"Disposal - landfill and other (D1-D7, D12) [DSP_L_OTH]"
Greece,2012,601668,Hazardous and non-hazardous - total [HAZ_NHAZ],"Disposal - landfill and other (D1-D7, D12) [DSP_L_OTH]"
Greece,2014,139486,Hazardous and non-hazardous - total [HAZ_NHAZ],"Disposal - landfill and other (D1-D7, D12) [DSP_L_OTH]"
Greece,2016,16422,Hazardous and non-hazardous - total [HAZ_NHAZ],"Disposal - landfill and other (D1-D7, D12) [DSP_L_OTH]"
Greece,2018,20107,Hazardous and non-hazardous - total [HAZ_NHAZ],"Disposal - landfill and other (D1-D7, D12) [DSP_L_OTH]"
Greece,2020,0,Hazardous and non-hazardous - total [HAZ_NHAZ],"Disposal - landfill and other (D1-D7, D12) [DSP_L_OTH]"
Greece,2022,7886,Hazardous and non-hazardous - total [HAZ_NHAZ],"Disposal - landfill and other (D1-D7, D12) [DSP_L_OTH]"
Spain,2010,4080483,Hazardous and non-hazardous - total [HAZ_NHAZ],"Disposal - landfill and other (D1-D7, D12) [DSP_L_OTH]"
Spain,2012,4354862,Hazardous and non-hazardous - total [HAZ_NHAZ],"Disposal - landfill and other (D1-D7, D12) [DSP_L_OTH]"
Spain,2014,2163749,Hazardous and non-hazardous - total [HAZ_NHAZ],"Disposal - landfill and other (D1-D7, D12) [DSP_L_OTH]"
Spain,2016,1940847,Hazardous and non-hazardous - total [HAZ_NHAZ],"Disposal - landfill and other (D1-D7, D12) [DSP_L_OTH]"
Spain,2018,3676074,Hazardous and non-hazardous - total [HAZ_NHAZ],"Disposal - landfill and other (D1-D7, D12) [DSP_L_OTH]"
Spain,2020,3940040,Hazardous and non-hazardous - total [HAZ_NHAZ],"Disposal - landfill and other (D1-D7, D12) [DSP_L_OTH]"
Spain,2022,3672990,Hazardous and non-hazardous - total [HAZ_NHAZ],"Disposal - landfill and other (D1-D7, D12) [DSP_L_OTH]"
France,2010,21925886,Hazardous and non-hazardous - total [HAZ_NHAZ],"Disposal - landfill and other (D1-D7, D12) [DSP_L_OTH]"
France,2012,20840715,Hazardous and non-hazardous - total [HAZ_NHAZ],"Disposal - landfill and other (D1-D7, D12) [DSP_L_OTH]"
France,2014,17991274,Hazardous and non-hazardous - total [HAZ_NHAZ],"Disposal - landfill and other (D1-D7, D12) [DSP_L_OTH]"
France,2016,19080523,Hazardous and non-hazardous - total [HAZ_NHAZ],"Disposal - landfill and other (D1-D7, D12) [DSP_L_OTH]"
France,2018,19399146,Hazardous and non-hazardous - total [HAZ_NHAZ],"Disposal - landfill and other (D1-D7, D12) [DSP_L_OTH]"
France,2020,10122465,Hazardous and non-hazardous - total [HAZ_NHAZ],"Disposal - landfill and other (D1-D7, D12) [DSP_L_OTH]"
France,2022,11580546,Hazardous and non-hazardous - total [HAZ_NHAZ],"Disposal - landfill and other (D1-D7, D12) [DSP_L_OTH]"
Croatia,2010,40333,Hazardous and non-hazardous - total [HAZ_NHAZ],"Disposal - landfill and other (D1-D7, D12) [DSP_L_OTH]"
Croatia,2012,121345,Hazardous and non-hazardous - total [HAZ_NHAZ],"Disposal - landfill and other (D1-D7, D12) [DSP_L_OTH]"
Croatia,2014,86801,Hazardous and non-hazardous - total [HAZ_NHAZ],"Disposal - landfill and other (D1-D7, D12) [DSP_L_OTH]"
Croatia,2016,105982,Hazardous and non-hazardous - total [HAZ_NHAZ],"Disposal - landfill and other (D1-D7, D12) [DSP_L_OTH]"
Croatia,2018,68257,Hazardous and non-hazardous - total [HAZ_NHAZ],"Disposal - landfill and other (D1-D7, D12) [DSP_L_OTH]"
Croatia,2020,46954,Hazardous and non-hazardous - total [HAZ_NHAZ],"Disposal - landfill and other (D1-D7, D12) [DSP_L_OTH]"
Croatia,2022,57445,Hazardous and non-hazardous - total [HAZ_NHAZ],"Disposal - landfill and other (D1-D7, D12) [DSP_L_OTH]"
Italy,2010,1009838,Hazardous and non-hazardous - total [HAZ_NHAZ],"Disposal - landfill and other (D1-D7, D12) [DSP_L_OTH]"
Italy,2012,919878,Hazardous and non-hazardous - total [HAZ_NHAZ],"Disposal - landfill and other (D1-D7, D12) [DSP_L_OTH]"
Italy,2014,1049201,Hazardous and non-hazardous - total [HAZ_NHAZ],"Disposal - landfill and other (D1-D7, D12) [DSP_L_OTH]"
Italy,2016,759434,Hazardous and non-hazardous - total [HAZ_NHAZ],"Disposal - landfill and other (D1-D7, D12) [DSP_L_OTH]"
Italy,2018,732347,Hazardous and non-hazardous - total [HAZ_NHAZ],"Disposal - landfill and other (D1-D7, D12) [DSP_L_OTH]"
Italy,2020,915469,Hazardous and non-hazardous - total [HAZ_NHAZ],"Disposal - landfill and other (D1-D7, D12) [DSP_L_OTH]"
Italy,2022,746554,Hazardous and non-hazardous - total [HAZ_NHAZ],"Disposal - landfill and other (D1-D7, D12) [DSP_L_OTH]"
Cyprus,2010,159770,Hazardous and non-hazardous - total [HAZ_NHAZ],"Disposal - landfill and other (D1-D7, D12) [DSP_L_OTH]"
Cyprus,2012,54801,Hazardous and non-hazardous - total [HAZ_NHAZ],"Disposal - landfill and other (D1-D7, D12) [DSP_L_OTH]"
Cyprus,2014,68949,Hazardous and non-hazardous - total [HAZ_NHAZ],"Disposal - landfill and other (D1-D7, D12) [DSP_L_OTH]"
Cyprus,2016,80271,Hazardous and non-hazardous - total [HAZ_NHAZ],"Disposal - landfill and other (D1-D7, D12) [DSP_L_OTH]"
Cyprus,2018,79159,Hazardous and non-hazardous - total [HAZ_NHAZ],"Disposal - landfill and other (D1-D7, D12) [DSP_L_OTH]"
Cyprus,2020,53830,Hazardous and non-hazardous - total [HAZ_NHAZ],"Disposal - landfill and other (D1-D7, D12) [DSP_L_OTH]"
Cyprus,2022,17718,Hazardous and non-hazardous - total [HAZ_NHAZ],"Disposal - landfill and other (D1-D7, D12) [DSP_L_OTH]"
Latvia,2010,13441,Hazardous and non-hazardous - total [HAZ_NHAZ],"Disposal - landfill and other (D1-D7, D12) [DSP_L_OTH]"
Latvia,2012,6708,Hazardous and non-hazardous - total [HAZ_NHAZ],"Disposal - landfill and other (D1-D7, D12) [DSP_L_OTH]"
Latvia,2014,9588,Hazardous and non-hazardous - total [HAZ_NHAZ],"Disposal - landfill and other (D1-D7, D12) [DSP_L_OTH]"
Latvia,2016,2616,Hazardous and non-hazardous - total [HAZ_NHAZ],"Disposal - landfill and other (D1-D7, D12) [DSP_L_OTH]"
Latvia,2018,13841,Hazardous and non-hazardous - total [HAZ_NHAZ],"Disposal - landfill and other (D1-D7, D12) [DSP_L_OTH]"
Latvia,2020,3041,Hazardous and non-hazardous - total [HAZ_NHAZ],"Disposal - landfill and other (D1-D7, D12) [DSP_L_OTH]"
Latvia,2022,27382,Hazardous and non-hazardous - total [HAZ_NHAZ],"Disposal - landfill and other (D1-D7, D12) [DSP_L_OTH]"
Lithuania,2010,86034,Hazardous and non-hazardous - total [HAZ_NHAZ],"Disposal - landfill and other (D1-D7, D12) [DSP_L_OTH]"
Lithuania,2012,52591,Hazardous and non-hazardous - total [HAZ_NHAZ],"Disposal - landfill and other (D1-D7, D12) [DSP_L_OTH]"
Lithuania,2014,44989,Hazardous and non-hazardous - total [HAZ_NHAZ],"Disposal - landfill and other (D1-D7, D12) [DSP_L_OTH]"
Lithuania,2016,25637,Hazardous and non-hazardous - total [HAZ_NHAZ],"Disposal - landfill and other (D1-D7, D12) [DSP_L_OTH]"
Lithuania,2018,9594,Hazardous and non-hazardous - total [HAZ_NHAZ],"Disposal - landfill and other (D1-D7, D12) [DSP_L_OTH]"
Lithuania,2020,15243,Hazardous and non-hazardous - total [HAZ_NHAZ],"Disposal - landfill and other (D1-D7, D12) [DSP_L_OTH]"
Lithuania,2022,18246,Hazardous and non-hazardous - total [HAZ_NHAZ],"Disposal - landfill and other (D1-D7, D12) [DSP_L_OTH]"
Luxembourg,2010,10749,Hazardous and non-hazardous - total [HAZ_NHAZ],"Disposal - landfill and other (D1-D7, D12) [DSP_L_OTH]"
Luxembourg,2012,7012,Hazardous and non-hazardous - total [HAZ_NHAZ],"Disposal - landfill and other (D1-D7, D12) [DSP_L_OTH]"
Luxembourg,2014,8494,Hazardous and non-hazardous - total [HAZ_NHAZ],"Disposal - landfill and other (D1-D7, D12) [DSP_L_OTH]"
Luxembourg,2016,1649,Hazardous and non-hazardous - total [HAZ_NHAZ],"Disposal - landfill and other (D1-D7, D12) [DSP_L_OTH]"
Luxembourg,2018,7594,Hazardous and non-hazardous - total [HAZ_NHAZ],"Disposal - landfill and other (D1-D7, D12) [DSP_L_OTH]"
Luxembourg,2020,5713,Hazardous and non-hazardous - total [HAZ_NHAZ],"Disposal - landfill and other (D1-D7, D12) [DSP_L_OTH]"
Luxembourg,2022,6306,Hazardous and non-hazardous - total [HAZ_NHAZ],"Disposal - landfill and other (D1-D7, D12) [DSP_L_OTH]"
Hungary,2010,939070,Hazardous and non-hazardous - total [HAZ_NHAZ],"Disposal - landfill and other (D1-D7, D12) [DSP_L_OTH]"
Hungary,2012,490560,Hazardous and non-hazardous - total [HAZ_NHAZ],"Disposal - landfill and other (D1-D7, D12) [DSP_L_OTH]"
Hungary,2014,331568,Hazardous and non-hazardous - total [HAZ_NHAZ],"Disposal - landfill and other (D1-D7, D12) [DSP_L_OTH]"
Hungary,2016,36984,Hazardous and non-hazardous - total [HAZ_NHAZ],"Disposal - landfill and other (D1-D7, D12) [DSP_L_OTH]"
Hungary,2018,39644,Hazardous and non-hazardous - total [HAZ_NHAZ],"Disposal - landfill and other (D1-D7, D12) [DSP_L_OTH]"
Hungary,2020,71609,Hazardous and non-hazardous - total [HAZ_NHAZ],"Disposal - landfill and other (D1-D7, D12) [DSP_L_OTH]"
Hungary,2022,59053,Hazardous and non-hazardous - total [HAZ_NHAZ],"Disposal - landfill and other (D1-D7, D12) [DSP_L_OTH]"
Malta,2010,636638,Hazardous and non-hazardous - total [HAZ_NHAZ],"Disposal - landfill and other (D1-D7, D12) [DSP_L_OTH]"
Malta,2012,1536,Hazardous and non-hazardous - total [HAZ_NHAZ],"Disposal - landfill and other (D1-D7, D12) [DSP_L_OTH]"
Malta,2014,1325,Hazardous and non-hazardous - total [HAZ_NHAZ],"Disposal - landfill and other (D1-D7, D12) [DSP_L_OTH]"
Malta,2016,260,Hazardous and non-hazardous - total [HAZ_NHAZ],"Disposal - landfill and other (D1-D7, D12) [DSP_L_OTH]"
Malta,2018,167,Hazardous and non-hazardous - total [HAZ_NHAZ],"Disposal - landfill and other (D1-D7, D12) [DSP_L_OTH]"
Malta,2020,12,Hazardous and non-hazardous - total [HAZ_NHAZ],"Disposal - landfill and other (D1-D7, D12) [DSP_L_OTH]"
Malta,2022,4,Hazardous and non-hazardous - total [HAZ_NHAZ],"Disposal - landfill and other (D1-D7, D12) [DSP_L_OTH]"
Netherlands,2010,49286,Hazardous and non-hazardous - total [HAZ_NHAZ],"Disposal - landfill and other (D1-D7, D12) [DSP_L_OTH]"
Netherlands,2012,54761,Hazardous and non-hazardous - total [HAZ_NHAZ],"Disposal - landfill and other (D1-D7, D12) [DSP_L_OTH]"
Netherlands,2014,37653,Hazardous and non-hazardous - total [HAZ_NHAZ],"Disposal - landfill and other (D1-D7, D12) [DSP_L_OTH]"
Netherlands,2016,37319,Hazardous and non-hazardous - total [HAZ_NHAZ],"Disposal - landfill and other (D1-D7, D12) [DSP_L_OTH]"
Netherlands,2018,23685,Hazardous and non-hazardous - total [HAZ_NHAZ],"Disposal - landfill and other (D1-D7, D12) [DSP_L_OTH]"
Netherlands,2020,19545,Hazardous and non-hazardous - total [HAZ_NHAZ],"Disposal - landfill and other (D1-D7, D12) [DSP_L_OTH]"
Netherlands,2022,120816,Hazardous and non-hazardous - total [HAZ_NHAZ],"Disposal - landfill and other (D1-D7, D12) [DSP_L_OTH]"
Austria,2010,487481,Hazardous and non-hazardous - total [HAZ_NHAZ],"Disposal - landfill and other (D1-D7, D12) [DSP_L_OTH]"
Austria,2012,499809,Hazardous and non-hazardous - total [HAZ_NHAZ],"Disposal - landfill and other (D1-D7, D12) [DSP_L_OTH]"
Austria,2014,576123,Hazardous and non-hazardous - total [HAZ_NHAZ],"Disposal - landfill and other (D1-D7, D12) [DSP_L_OTH]"
Austria,2016,1237573,Hazardous and non-hazardous - total [HAZ_NHAZ],"Disposal - landfill and other (D1-D7, D12) [DSP_L_OTH]"
Austria,2018,1094654,Hazardous and non-hazardous - total [HAZ_NHAZ],"Disposal - landfill and other (D1-D7, D12) [DSP_L_OTH]"
Austria,2020,952676,Hazardous and non-hazardous - total [HAZ_NHAZ],"Disposal - landfill and other (D1-D7, D12) [DSP_L_OTH]"
Austria,2022,1052528,Hazardous and non-hazardous - total [HAZ_NHAZ],"Disposal - landfill and other (D1-D7, D12) [DSP_L_OTH]"
Poland,2010,235273,Hazardous and non-hazardous - total [HAZ_NHAZ],"Disposal - landfill and other (D1-D7, D12) [DSP_L_OTH]"
Poland,2012,233231,Hazardous and non-hazardous - total [HAZ_NHAZ],"Disposal - landfill and other (D1-D7, D12) [DSP_L_OTH]"
Poland,2014,214012,Hazardous and non-hazardous - total [HAZ_NHAZ],"Disposal - landfill and other (D1-D7, D12) [DSP_L_OTH]"
Poland,2016,335748,Hazardous and non-hazardous - total [HAZ_NHAZ],"Disposal - landfill and other (D1-D7, D12) [DSP_L_OTH]"
Poland,2018,704794,Hazardous and non-hazardous - total [HAZ_NHAZ],"Disposal - landfill and other (D1-D7, D12) [DSP_L_OTH]"
Poland,2020,1264984,Hazardous and non-hazardous - total [HAZ_NHAZ],"Disposal - landfill and other (D1-D7, D12) [DSP_L_OTH]"
Poland,2022,869912,Hazardous and non-hazardous - total [HAZ_NHAZ],"Disposal - landfill and other (D1-D7, D12) [DSP_L_OTH]"
Portugal,2010,223059,Hazardous and non-hazardous - total [HAZ_NHAZ],"Disposal - landfill and other (D1-D7, D12) [DSP_L_OTH]"
Portugal,2012,92903,Hazardous and non-hazardous - total [HAZ_NHAZ],"Disposal - landfill and other (D1-D7, D12) [DSP_L_OTH]"
Portugal,2014,26808,Hazardous and non-hazardous - total [HAZ_NHAZ],"Disposal - landfill and other (D1-D7, D12) [DSP_L_OTH]"
Portugal,2016,29169,Hazardous and non-hazardous - total [HAZ_NHAZ],"Disposal - landfill and other (D1-D7, D12) [DSP_L_OTH]"
Portugal,2018,68901,Hazardous and non-hazardous - total [HAZ_NHAZ],"Disposal - landfill and other (D1-D7, D12) [DSP_L_OTH]"
Portugal,2020,60642,Hazardous and non-hazardous - total [HAZ_NHAZ],"Disposal - landfill and other (D1-D7, D12) [DSP_L_OTH]"
Portugal,2022,41779,Hazardous and non-hazardous - total [HAZ_NHAZ],"Disposal - landfill and other (D1-D7, D12) [DSP_L_OTH]"
Romania,2010,465840,Hazardous and non-hazardous - total [HAZ_NHAZ],"Disposal - landfill and other (D1-D7, D12) [DSP_L_OTH]"
Romania,2012,257745,Hazardous and non-hazardous - total [HAZ_NHAZ],"Disposal - landfill and other (D1-D7, D12) [DSP_L_OTH]"
Romania,2014,233313,Hazardous and non-hazardous - total [HAZ_NHAZ],"Disposal - landfill and other (D1-D7, D12) [DSP_L_OTH]"
Romania,2016,173635,Hazardous and non-hazardous - total [HAZ_NHAZ],"Disposal - landfill and other (D1-D7, D12) [DSP_L_OTH]"
Romania,2018,151477,Hazardous and non-hazardous - total [HAZ_NHAZ],"Disposal - landfill and other (D1-D7, D12) [DSP_L_OTH]"
Romania,2020,118902,Hazardous and non-hazardous - total [HAZ_NHAZ],"Disposal - landfill and other (D1-D7, D12) [DSP_L_OTH]"
Romania,2022,140338,Hazardous and non-hazardous - total [HAZ_NHAZ],"Disposal - landfill and other (D1-D7, D12) [DSP_L_OTH]"
Slovenia,2010,41012,Hazardous and non-hazardous - total [HAZ_NHAZ],"Disposal - landfill and other (D1-D7, D12) [DSP_L_OTH]"
Slovenia,2012,23144,Hazardous and non-hazardous - total [HAZ_NHAZ],"Disposal - landfill and other (D1-D7, D12) [DSP_L_OTH]"
Slovenia,2014,12611,Hazardous and non-hazardous - total [HAZ_NHAZ],"Disposal - landfill and other (D1-D7, D12) [DSP_L_OTH]"
Slovenia,2016,13682,Hazardous and non-hazardous - total [HAZ_NHAZ],"Disposal - landfill and other (D1-D7, D12) [DSP_L_OTH]"
Slovenia,2018,15905,Hazardous and non-hazardous - total [HAZ_NHAZ],"Disposal - landfill and other (D1-D7, D12) [DSP_L_OTH]"
Slovenia,2020,28310,Hazardous and non-hazardous - total [HAZ_NHAZ],"Disposal - landfill and other (D1-D7, D12) [DSP_L_OTH]"
Slovenia,2022,35199,Hazardous and non-hazardous - total [HAZ_NHAZ],"Disposal - landfill and other (D1-D7, D12) [DSP_L_OTH]"
Slovakia,2010,273336,Hazardous and non-hazardous - total [HAZ_NHAZ],"Disposal - landfill and other (D1-D7, D12) [DSP_L_OTH]"
Slovakia,2012,266774,Hazardous and non-hazardous - total [HAZ_NHAZ],"Disposal - landfill and other (D1-D7, D12) [DSP_L_OTH]"
Slovakia,2014,203826,Hazardous and non-hazardous - total [HAZ_NHAZ],"Disposal - landfill and other (D1-D7, D12) [DSP_L_OTH]"
Slovakia,2016,191660,Hazardous and non-hazardous - total [HAZ_NHAZ],"Disposal - landfill and other (D1-D7, D12) [DSP_L_OTH]"
Slovakia,2018,175449,Hazardous and non-hazardous - total [HAZ_NHAZ],"Disposal - landfill and other (D1-D7, D12) [DSP_L_OTH]"
Slovakia,2020,161777,Hazardous and non-hazardous - total [HAZ_NHAZ],"Disposal - landfill and other (D1-D7, D12) [DSP_L_OTH]"
Slovakia,2022,81272,Hazardous and non-hazardous - total [HAZ_NHAZ],"Disposal - landfill and other (D1-D7, D12) [DSP_L_OTH]"
Finland,2010,23332185,Hazardous and non-hazardous - total [HAZ_NHAZ],"Disposal - landfill and other (D1-D7, D12) [DSP_L_OTH]"
Finland,2012,3658658,Hazardous and non-hazardous - total [HAZ_NHAZ],"Disposal - landfill and other (D1-D7, D12) [DSP_L_OTH]"
Finland,2014,125188,Hazardous and non-hazardous - total [HAZ_NHAZ],"Disposal - landfill and other (D1-D7, D12) [DSP_L_OTH]"
Finland,2016,83366,Hazardous and non-hazardous - total [HAZ_NHAZ],"Disposal - landfill and other (D1-D7, D12) [DSP_L_OTH]"
Finland,2018,69073,Hazardous and non-hazardous - total [HAZ_NHAZ],"Disposal - landfill and other (D1-D7, D12) [DSP_L_OTH]"
Finland,2020,77128,Hazardous and non-hazardous - total [HAZ_NHAZ],"Disposal - landfill and other (D1-D7, D12) [DSP_L_OTH]"
Finland,2022,77694,Hazardous and non-hazardous - total [HAZ_NHAZ],"Disposal - landfill and other (D1-D7, D12) [DSP_L_OTH]"
Sweden,2010,183065,Hazardous and non-hazardous - total [HAZ_NHAZ],"Disposal - landfill and other (D1-D7, D12) [DSP_L_OTH]"
Sweden,2012,92564,Hazardous and non-hazardous - total [HAZ_NHAZ],"Disposal - landfill and other (D1-D7, D12) [DSP_L_OTH]"
Sweden,2014,424815,Hazardous and non-hazardous - total [HAZ_NHAZ],"Disposal - landfill and other (D1-D7, D12) [DSP_L_OTH]"
Sweden,2016,354711,Hazardous and non-hazardous - total [HAZ_NHAZ],"Disposal - landfill and other (D1-D7, D12) [DSP_L_OTH]"
Sweden,2018,96565,Hazardous and non-hazardous - total [HAZ_NHAZ],"Disposal - landfill and other (D1-D7, D12) [DSP_L_OTH]"
Sweden,2020,355079,Hazardous and non-hazardous - total [HAZ_NHAZ],"Disposal - landfill and other (D1-D7, D12) [DSP_L_OTH]"
Sweden,2022,333370,Hazardous and non-hazardous - total [HAZ_NHAZ],"Disposal - landfill and other (D1-D7, D12) [DSP_L_OTH]"
Iceland,2010,1834,Hazardous and non-hazardous - total [HAZ_NHAZ],"Disposal - landfill and other (D1-D7, D12) [DSP_L_OTH]"
Iceland,2012,0,Hazardous and non-hazardous - total [HAZ_NHAZ],"Disposal - landfill and other (D1-D7, D12) [DSP_L_OTH]"
Iceland,2014,5295,Hazardous and non-hazardous - total [HAZ_NHAZ],"Disposal - landfill and other (D1-D7, D12) [DSP_L_OTH]"
Iceland,2016,3880,Hazardous and non-hazardous - total [HAZ_NHAZ],"Disposal - landfill and other (D1-D7, D12) [DSP_L_OTH]"
Iceland,2018,8635,Hazardous and non-hazardous - total [HAZ_NHAZ],"Disposal - landfill and other (D1-D7, D12) [DSP_L_OTH]"
Iceland,2020,5416,Hazardous and non-hazardous - total [HAZ_NHAZ],"Disposal - landfill and other (D1-D7, D12) [DSP_L_OTH]"
Iceland,2022,3262,Hazardous and non-hazardous - total [HAZ_NHAZ],"Disposal - landfill and other (D1-D7, D12) [DSP_L_OTH]"
Norway,2010,184593,Hazardous and non-hazardous - total [HAZ_NHAZ],"Disposal - landfill and other (D1-D7, D12) [DSP_L_OTH]"
Norway,2012,208967,Hazardous and non-hazardous - total [HAZ_NHAZ],"Disposal - landfill and other (D1-D7, D12) [DSP_L_OTH]"
Norway,2014,539719,Hazardous and non-hazardous - total [HAZ_NHAZ],"Disposal - landfill and other (D1-D7, D12) [DSP_L_OTH]"
Norway,2016,743529,Hazardous and non-hazardous - total [HAZ_NHAZ],"Disposal - landfill and other (D1-D7, D12) [DSP_L_OTH]"
Norway,2018,878619,Hazardous and non-hazardous - total [HAZ_NHAZ],"Disposal - landfill and other (D1-D7, D12) [DSP_L_OTH]"
Norway,2020,1049230,Hazardous and non-hazardous - total [HAZ_NHAZ],"Disposal - landfill and other (D1-D7, D12) [DSP_L_OTH]"
Norway,2022,772773,Hazardous and non-hazardous - total [HAZ_NHAZ],"Disposal - landfill and other (D1-D7, D12) [DSP_L_OTH]"
United Kingdom,2010,2090963,Hazardous and non-hazardous - total [HAZ_NHAZ],"Disposal - landfill and other (D1-D7, D12) [DSP_L_OTH]"
United Kingdom,2012,2220141,Hazardous and non-hazardous - total [HAZ_NHAZ],"Disposal - landfill and other (D1-D7, D12) [DSP_L_OTH]"
United Kingdom,2014,2384661,Hazardous and non-hazardous - total [HAZ_NHAZ],"Disposal - landfill and other (D1-D7, D12) [DSP_L_OTH]"
United Kingdom,2016,2474089,Hazardous and non-hazardous - total [HAZ_NHAZ],"Disposal - landfill and other (D1-D7, D12) [DSP_L_OTH]"
United Kingdom,2018,1511494,Hazardous and non-hazardous - total [HAZ_NHAZ],"Disposal - landfill and other (D1-D7, D12) [DSP_L_OTH]"
Bosnia and Herzegovina,2022,68981,Hazardous and non-hazardous - total [HAZ_NHAZ],"Disposal - landfill and other (D1-D7, D12) [DSP_L_OTH]"
Montenegro,2012,8360,Hazardous and non-hazardous - total [HAZ_NHAZ],"Disposal - landfill and other (D1-D7, D12) [DSP_L_OTH]"
Montenegro,2014,22318,Hazardous and non-hazardous - total [HAZ_NHAZ],"Disposal - landfill and other (D1-D7, D12) [DSP_L_OTH]"
Montenegro,2016,10085,Hazardous and non-hazardous - total [HAZ_NHAZ],"Disposal - landfill and other (D1-D7, D12) [DSP_L_OTH]"
Montenegro,2018,1830,Hazardous and non-hazardous - total [HAZ_NHAZ],"Disposal - landfill and other (D1-D7, D12) [DSP_L_OTH]"
Montenegro,2020,23770,Hazardous and non-hazardous - total [HAZ_NHAZ],"Disposal - landfill and other (D1-D7, D12) [DSP_L_OTH]"
Montenegro,2022,234,Hazardous and non-hazardous - total [HAZ_NHAZ],"Disposal - landfill and other (D1-D7, D12) [DSP_L_OTH]"
North Macedonia,2010,60,Hazardous and non-hazardous - total [HAZ_NHAZ],"Disposal - landfill and other (D1-D7, D12) [DSP_L_OTH]"
North Macedonia,2012,8363,Hazardous and non-hazardous - total [HAZ_NHAZ],"Disposal - landfill and other (D1-D7, D12) [DSP_L_OTH]"
North Macedonia,2014,7269,Hazardous and non-hazardous - total [HAZ_NHAZ],"Disposal - landfill and other (D1-D7, D12) [DSP_L_OTH]"
North Macedonia,2018,0,Hazardous and non-hazardous - total [HAZ_NHAZ],"Disposal - landfill and other (D1-D7, D12) [DSP_L_OTH]"
North Macedonia,2020,51724,Hazardous and non-hazardous - total [HAZ_NHAZ],"Disposal - landfill and other (D1-D7, D12) [DSP_L_OTH]"
North Macedonia,2022,56321,Hazardous and non-hazardous - total [HAZ_NHAZ],"Disposal - landfill and other (D1-D7, D12) [DSP_L_OTH]"
Albania,2014,0,Hazardous and non-hazardous - total [HAZ_NHAZ],"Disposal - landfill and other (D1-D7, D12) [DSP_L_OTH]"
Serbia,2010,126,Hazardous and non-hazardous - total [HAZ_NHAZ],"Disposal - landfill and other (D1-D7, D12) [DSP_L_OTH]"
Serbia,2012,870,Hazardous and non-hazardous - total [HAZ_NHAZ],"Disposal - landfill and other (D1-D7, D12) [DSP_L_OTH]"
Serbia,2014,50256,Hazardous and non-hazardous - total [HAZ_NHAZ],"Disposal - landfill and other (D1-D7, D12) [DSP_L_OTH]"
Serbia,2016,52702,Hazardous and non-hazardous - total [HAZ_NHAZ],"Disposal - landfill and other (D1-D7, D12) [DSP_L_OTH]"
Serbia,2018,70423,Hazardous and non-hazardous - total [HAZ_NHAZ],"Disposal - landfill and other (D1-D7, D12) [DSP_L_OTH]"
Serbia,2020,61363,Hazardous and non-hazardous - total [HAZ_NHAZ],"Disposal - landfill and other (D1-D7, D12) [DSP_L_OTH]"
Serbia,2022,48015,Hazardous and non-hazardous - total [HAZ_NHAZ],"Disposal - landfill and other (D1-D7, D12) [DSP_L_OTH]"
Türkiye,2012,220201,Hazardous and non-hazardous - total [HAZ_NHAZ],"Disposal - landfill and other (D1-D7, D12) [DSP_L_OTH]"
Türkiye,2020,19928,Hazardous and non-hazardous - total [HAZ_NHAZ],"Disposal - landfill and other (D1-D7, D12) [DSP_L_OTH]"
Kosovo*,2016,0,Hazardous and non-hazardous - total [HAZ_NHAZ],"Disposal - landfill and other (D1-D7, D12) [DSP_L_OTH]"
Kosovo*,2020,12447,Hazardous and non-hazardous - total [HAZ_NHAZ],"Disposal - landfill and other (D1-D7, D12) [DSP_L_OTH]"
Kosovo*,2022,705,Hazardous and non-hazardous - total [HAZ_NHAZ],"Disposal - landfill and other (D1-D7, D12) [DSP_L_OTH]"
European Union - 27 countries (from 2020),2010,59980000,Hazardous and non-hazardous - total [HAZ_NHAZ],"Disposal - landfill (D1, D5, D12) [DSP_L]"
European Union - 27 countries (from 2020),2012,38150000,Hazardous and non-hazardous - total [HAZ_NHAZ],"Disposal - landfill (D1, D5, D12) [DSP_L]"
European Union - 27 countries (from 2020),2014,30020000,Hazardous and non-hazardous - total [HAZ_NHAZ],"Disposal - landfill (D1, D5, D12) [DSP_L]"
European Union - 27 countries (from 2020),2016,31340000,Hazardous and non-hazardous - total [HAZ_NHAZ],"Disposal - landfill (D1, D5, D12) [DSP_L]"
European Union - 27 countries (from 2020),2018,33650000,Hazardous and non-hazardous - total [HAZ_NHAZ],"Disposal - landfill (D1, D5, D12) [DSP_L]"
European Union - 27 countries (from 2020),2020,25310000,Hazardous and non-hazardous - total [HAZ_NHAZ],"Disposal - landfill (D1, D5, D12) [DSP_L]"
European Union - 27 countries (from 2020),2022,25120000,Hazardous and non-hazardous - total [HAZ_NHAZ],"Disposal - landfill (D1, D5, D12) [DSP_L]"
European Union - 28 countries (2013-2020),2010,62070000,Hazardous and non-hazardous - total [HAZ_NHAZ],"Disposal - landfill (D1, D5, D12) [DSP_L]"
European Union - 28 countries (2013-2020),2012,40370000,Hazardous and non-hazardous - total [HAZ_NHAZ],"Disposal - landfill (D1, D5, D12) [DSP_L]"
European Union - 28 countries (2013-2020),2014,32400000,Hazardous and non-hazardous - total [HAZ_NHAZ],"Disposal - landfill (D1, D5, D12) [DSP_L]"
European Union - 28 countries (2013-2020),2016,33810000,Hazardous and non-hazardous - total [HAZ_NHAZ],"Disposal - landfill (D1, D5, D12) [DSP_L]"
European Union - 28 countries (2013-2020),2018,35160000,Hazardous and non-hazardous - total [HAZ_NHAZ],"Disposal - landfill (D1, D5, D12) [DSP_L]"
Belgium,2010,84860,Hazardous and non-hazardous - total [HAZ_NHAZ],"Disposal - landfill (D1, D5, D12) [DSP_L]"
Belgium,2012,139665,Hazardous and non-hazardous - total [HAZ_NHAZ],"Disposal - landfill (D1, D5, D12) [DSP_L]"
Belgium,2014,169217,Hazardous and non-hazardous - total [HAZ_NHAZ],"Disposal - landfill (D1, D5, D12) [DSP_L]"
Belgium,2016,75448,Hazardous and non-hazardous - total [HAZ_NHAZ],"Disposal - landfill (D1, D5, D12) [DSP_L]"
Belgium,2018,83628,Hazardous and non-hazardous - total [HAZ_NHAZ],"Disposal - landfill (D1, D5, D12) [DSP_L]"
Belgium,2020,52275,Hazardous and non-hazardous - total [HAZ_NHAZ],"Disposal - landfill (D1, D5, D12) [DSP_L]"
Belgium,2022,18302,Hazardous and non-hazardous - total [HAZ_NHAZ],"Disposal - landfill (D1, D5, D12) [DSP_L]"
Bulgaria,2010,18797,Hazardous and non-hazardous - total [HAZ_NHAZ],"Disposal - landfill (D1, D5, D12) [DSP_L]"
Bulgaria,2012,417774,Hazardous and non-hazardous - total [HAZ_NHAZ],"Disposal - landfill (D1, D5, D12) [DSP_L]"
Bulgaria,2014,29503,Hazardous and non-hazardous - total [HAZ_NHAZ],"Disposal - landfill (D1, D5, D12) [DSP_L]"
Bulgaria,2016,65535,Hazardous and non-hazardous - total [HAZ_NHAZ],"Disposal - landfill (D1, D5, D12) [DSP_L]"
Bulgaria,2018,399571,Hazardous and non-hazardous - total [HAZ_NHAZ],"Disposal - landfill (D1, D5, D12) [DSP_L]"
Bulgaria,2020,37133,Hazardous and non-hazardous - total [HAZ_NHAZ],"Disposal - landfill (D1, D5, D12) [DSP_L]"
Bulgaria,2022,39575,Hazardous and non-hazardous - total [HAZ_NHAZ],"Disposal - landfill (D1, D5, D12) [DSP_L]"
Czechia,2010,260646,Hazardous and non-hazardous - total [HAZ_NHAZ],"Disposal - landfill (D1, D5, D12) [DSP_L]"
Czechia,2012,309687,Hazardous and non-hazardous - total [HAZ_NHAZ],"Disposal - landfill (D1, D5, D12) [DSP_L]"
Czechia,2014,359940,Hazardous and non-hazardous - total [HAZ_NHAZ],"Disposal - landfill (D1, D5, D12) [DSP_L]"
Czechia,2016,409372,Hazardous and non-hazardous - total [HAZ_NHAZ],"Disposal - landfill (D1, D5, D12) [DSP_L]"
Czechia,2018,280280,Hazardous and non-hazardous - total [HAZ_NHAZ],"Disposal - landfill (D1, D5, D12) [DSP_L]"
Czechia,2020,326694,Hazardous and non-hazardous - total [HAZ_NHAZ],"Disposal - landfill (D1, D5, D12) [DSP_L]"
Czechia,2022,634842,Hazardous and non-hazardous - total [HAZ_NHAZ],"Disposal - landfill (D1, D5, D12) [DSP_L]"
Denmark,2010,138901,Hazardous and non-hazardous - total [HAZ_NHAZ],"Disposal - landfill (D1, D5, D12) [DSP_L]"
Denmark,2012,113432,Hazardous and non-hazardous - total [HAZ_NHAZ],"Disposal - landfill (D1, D5, D12) [DSP_L]"
Denmark,2014,124345,Hazardous and non-hazardous - total [HAZ_NHAZ],"Disposal - landfill (D1, D5, D12) [DSP_L]"
Denmark,2016,141699,Hazardous and non-hazardous - total [HAZ_NHAZ],"Disposal - landfill (D1, D5, D12) [DSP_L]"
Denmark,2018,27055,Hazardous and non-hazardous - total [HAZ_NHAZ],"Disposal - landfill (D1, D5, D12) [DSP_L]"
Denmark,2020,34368,Hazardous and non-hazardous - total [HAZ_NHAZ],"Disposal - landfill (D1, D5, D12) [DSP_L]"
Denmark,2022,31391,Hazardous and non-hazardous - total [HAZ_NHAZ],"Disposal - landfill (D1, D5, D12) [DSP_L]"
Germany,2010,3711574,Hazardous and non-hazardous - total [HAZ_NHAZ],"Disposal - landfill (D1, D5, D12) [DSP_L]"
Germany,2012,4713237,Hazardous and non-hazardous - total [HAZ_NHAZ],"Disposal - landfill (D1, D5, D12) [DSP_L]"
Germany,2014,5576386,Hazardous and non-hazardous - total [HAZ_NHAZ],"Disposal - landfill (D1, D5, D12) [DSP_L]"
Germany,2016,6107521,Hazardous and non-hazardous - total [HAZ_NHAZ],"Disposal - landfill (D1, D5, D12) [DSP_L]"
Germany,2018,6365893,Hazardous and non-hazardous - total [HAZ_NHAZ],"Disposal - landfill (D1, D5, D12) [DSP_L]"
Germany,2020,6572812,Hazardous and non-hazardous - total [HAZ_NHAZ],"Disposal - landfill (D1, D5, D12) [DSP_L]"
Germany,2022,5406038,Hazardous and non-hazardous - total [HAZ_NHAZ],"Disposal - landfill (D1, D5, D12) [DSP_L]"
Estonia,2010,21522,Hazardous and non-hazardous - total [HAZ_NHAZ],"Disposal - landfill (D1, D5, D12) [DSP_L]"
Estonia,2012,19779,Hazardous and non-hazardous - total [HAZ_NHAZ],"Disposal - landfill (D1, D5, D12) [DSP_L]"
Estonia,2014,18052,Hazardous and non-hazardous - total [HAZ_NHAZ],"Disposal - landfill (D1, D5, D12) [DSP_L]"
Estonia,2016,13324,Hazardous and non-hazardous - total [HAZ_NHAZ],"Disposal - landfill (D1, D5, D12) [DSP_L]"
Estonia,2018,46548,Hazardous and non-hazardous - total [HAZ_NHAZ],"Disposal - landfill (D1, D5, D12) [DSP_L]"
Estonia,2020,48198,Hazardous and non-hazardous - total [HAZ_NHAZ],"Disposal - landfill (D1, D5, D12) [DSP_L]"
Estonia,2022,47543,Hazardous and non-hazardous - total [HAZ_NHAZ],"Disposal - landfill (D1, D5, D12) [DSP_L]"
Ireland,2010,11658,Hazardous and non-hazardous - total [HAZ_NHAZ],"Disposal - landfill (D1, D5, D12) [DSP_L]"
Ireland,2012,933,Hazardous and non-hazardous - total [HAZ_NHAZ],"Disposal - landfill (D1, D5, D12) [DSP_L]"
Ireland,2014,1048,Hazardous and non-hazardous - total [HAZ_NHAZ],"Disposal - landfill (D1, D5, D12) [DSP_L]"
Ireland,2016,16874,Hazardous and non-hazardous - total [HAZ_NHAZ],"Disposal - landfill (D1, D5, D12) [DSP_L]"
Ireland,2018,2901,Hazardous and non-hazardous - total [HAZ_NHAZ],"Disposal - landfill (D1, D5, D12) [DSP_L]"
Ireland,2020,26295,Hazardous and non-hazardous - total [HAZ_NHAZ],"Disposal - landfill (D1, D5, D12) [DSP_L]"
Ireland,2022,2536,Hazardous and non-hazardous - total [HAZ_NHAZ],"Disposal - landfill (D1, D5, D12) [DSP_L]"
Greece,2010,1544505,Hazardous and non-hazardous - total [HAZ_NHAZ],"Disposal - landfill (D1, D5, D12) [DSP_L]"
Greece,2012,601668,Hazardous and non-hazardous - total [HAZ_NHAZ],"Disposal - landfill (D1, D5, D12) [DSP_L]"
Greece,2014,139486,Hazardous and non-hazardous - total [HAZ_NHAZ],"Disposal - landfill (D1, D5, D12) [DSP_L]"
Greece,2016,16422,Hazardous and non-hazardous - total [HAZ_NHAZ],"Disposal - landfill (D1, D5, D12) [DSP_L]"
Greece,2018,20107,Hazardous and non-hazardous - total [HAZ_NHAZ],"Disposal - landfill (D1, D5, D12) [DSP_L]"
Greece,2020,0,Hazardous and non-hazardous - total [HAZ_NHAZ],"Disposal - landfill (D1, D5, D12) [DSP_L]"
Greece,2022,7886,Hazardous and non-hazardous - total [HAZ_NHAZ],"Disposal - landfill (D1, D5, D12) [DSP_L]"
Spain,2010,4080483,Hazardous and non-hazardous - total [HAZ_NHAZ],"Disposal - landfill (D1, D5, D12) [DSP_L]"
Spain,2012,4154834,Hazardous and non-hazardous - total [HAZ_NHAZ],"Disposal - landfill (D1, D5, D12) [DSP_L]"
Spain,2014,2163749,Hazardous and non-hazardous - total [HAZ_NHAZ],"Disposal - landfill (D1, D5, D12) [DSP_L]"
Spain,2016,1940847,Hazardous and non-hazardous - total [HAZ_NHAZ],"Disposal - landfill (D1, D5, D12) [DSP_L]"
Spain,2018,3676074,Hazardous and non-hazardous - total [HAZ_NHAZ],"Disposal - landfill (D1, D5, D12) [DSP_L]"
Spain,2020,3940040,Hazardous and non-hazardous - total [HAZ_NHAZ],"Disposal - landfill (D1, D5, D12) [DSP_L]"
Spain,2022,3672990,Hazardous and non-hazardous - total [HAZ_NHAZ],"Disposal - landfill (D1, D5, D12) [DSP_L]"
France,2010,21925886,Hazardous and non-hazardous - total [HAZ_NHAZ],"Disposal - landfill (D1, D5, D12) [DSP_L]"
France,2012,20840715,Hazardous and non-hazardous - total [HAZ_NHAZ],"Disposal - landfill (D1, D5, D12) [DSP_L]"
France,2014,17991274,Hazardous and non-hazardous - total [HAZ_NHAZ],"Disposal - landfill (D1, D5, D12) [DSP_L]"
France,2016,19080523,Hazardous and non-hazardous - total [HAZ_NHAZ],"Disposal - landfill (D1, D5, D12) [DSP_L]"
France,2018,19399146,Hazardous and non-hazardous - total [HAZ_NHAZ],"Disposal - landfill (D1, D5, D12) [DSP_L]"
France,2020,10122465,Hazardous and non-hazardous - total [HAZ_NHAZ],"Disposal - landfill (D1, D5, D12) [DSP_L]"
France,2022,11580546,Hazardous and non-hazardous - total [HAZ_NHAZ],"Disposal - landfill (D1, D5, D12) [DSP_L]"
Croatia,2010,40333,Hazardous and non-hazardous - total [HAZ_NHAZ],"Disposal - landfill (D1, D5, D12) [DSP_L]"
Croatia,2012,121345,Hazardous and non-hazardous - total [HAZ_NHAZ],"Disposal - landfill (D1, D5, D12) [DSP_L]"
Croatia,2014,86801,Hazardous and non-hazardous - total [HAZ_NHAZ],"Disposal - landfill (D1, D5, D12) [DSP_L]"
Croatia,2016,105982,Hazardous and non-hazardous - total [HAZ_NHAZ],"Disposal - landfill (D1, D5, D12) [DSP_L]"
Croatia,2018,68257,Hazardous and non-hazardous - total [HAZ_NHAZ],"Disposal - landfill (D1, D5, D12) [DSP_L]"
Croatia,2020,46954,Hazardous and non-hazardous - total [HAZ_NHAZ],"Disposal - landfill (D1, D5, D12) [DSP_L]"
Croatia,2022,57445,Hazardous and non-hazardous - total [HAZ_NHAZ],"Disposal - landfill (D1, D5, D12) [DSP_L]"
Italy,2010,1009838,Hazardous and non-hazardous - total [HAZ_NHAZ],"Disposal - landfill (D1, D5, D12) [DSP_L]"
Italy,2012,919503,Hazardous and non-hazardous - total [HAZ_NHAZ],"Disposal - landfill (D1, D5, D12) [DSP_L]"
Italy,2014,1049201,Hazardous and non-hazardous - total [HAZ_NHAZ],"Disposal - landfill (D1, D5, D12) [DSP_L]"
Italy,2016,759434,Hazardous and non-hazardous - total [HAZ_NHAZ],"Disposal - landfill (D1, D5, D12) [DSP_L]"
Italy,2018,732347,Hazardous and non-hazardous - total [HAZ_NHAZ],"Disposal - landfill (D1, D5, D12) [DSP_L]"
Italy,2020,915469,Hazardous and non-hazardous - total [HAZ_NHAZ],"Disposal - landfill (D1, D5, D12) [DSP_L]"
Italy,2022,746554,Hazardous and non-hazardous - total [HAZ_NHAZ],"Disposal - landfill (D1, D5, D12) [DSP_L]"
Cyprus,2010,159770,Hazardous and non-hazardous - total [HAZ_NHAZ],"Disposal - landfill (D1, D5, D12) [DSP_L]"
Cyprus,2012,54801,Hazardous and non-hazardous - total [HAZ_NHAZ],"Disposal - landfill (D1, D5, D12) [DSP_L]"
Cyprus,2014,68949,Hazardous and non-hazardous - total [HAZ_NHAZ],"Disposal - landfill (D1, D5, D12) [DSP_L]"
Cyprus,2016,80271,Hazardous and non-hazardous - total [HAZ_NHAZ],"Disposal - landfill (D1, D5, D12) [DSP_L]"
Cyprus,2018,79159,Hazardous and non-hazardous - total [HAZ_NHAZ],"Disposal - landfill (D1, D5, D12) [DSP_L]"
Cyprus,2020,53830,Hazardous and non-hazardous - total [HAZ_NHAZ],"Disposal - landfill (D1, D5, D12) [DSP_L]"
Cyprus,2022,17718,Hazardous and non-hazardous - total [HAZ_NHAZ],"Disposal - landfill (D1, D5, D12) [DSP_L]"
Latvia,2010,13441,Hazardous and non-hazardous - total [HAZ_NHAZ],"Disposal - landfill (D1, D5, D12) [DSP_L]"
Latvia,2012,6708,Hazardous and non-hazardous - total [HAZ_NHAZ],"Disposal - landfill (D1, D5, D12) [DSP_L]"
Latvia,2014,9588,Hazardous and non-hazardous - total [HAZ_NHAZ],"Disposal - landfill (D1, D5, D12) [DSP_L]"
Latvia,2016,2616,Hazardous and non-hazardous - total [HAZ_NHAZ],"Disposal - landfill (D1, D5, D12) [DSP_L]"
Latvia,2018,13841,Hazardous and non-hazardous - total [HAZ_NHAZ],"Disposal - landfill (D1, D5, D12) [DSP_L]"
Latvia,2020,3041,Hazardous and non-hazardous - total [HAZ_NHAZ],"Disposal - landfill (D1, D5, D12) [DSP_L]"
Latvia,2022,27382,Hazardous and non-hazardous - total [HAZ_NHAZ],"Disposal - landfill (D1, D5, D12) [DSP_L]"
Lithuania,2010,86034,Hazardous and non-hazardous - total [HAZ_NHAZ],"Disposal - landfill (D1, D5, D12) [DSP_L]"
Lithuania,2012,52591,Hazardous and non-hazardous - total [HAZ_NHAZ],"Disposal - landfill (D1, D5, D12) [DSP_L]"
Lithuania,2014,44989,Hazardous and non-hazardous - total [HAZ_NHAZ],"Disposal - landfill (D1, D5, D12) [DSP_L]"
Lithuania,2016,25637,Hazardous and non-hazardous - total [HAZ_NHAZ],"Disposal - landfill (D1, D5, D12) [DSP_L]"
Lithuania,2018,9594,Hazardous and non-hazardous - total [HAZ_NHAZ],"Disposal - landfill (D1, D5, D12) [DSP_L]"
Lithuania,2020,15243,Hazardous and non-hazardous - total [HAZ_NHAZ],"Disposal - landfill (D1, D5, D12) [DSP_L]"
Lithuania,2022,18246,Hazardous and non-hazardous - total [HAZ_NHAZ],"Disposal - landfill (D1, D5, D12) [DSP_L]"
Luxembourg,2010,10749,Hazardous and non-hazardous - total [HAZ_NHAZ],"Disposal - landfill (D1, D5, D12) [DSP_L]"
Luxembourg,2012,7012,Hazardous and non-hazardous - total [HAZ_NHAZ],"Disposal - landfill (D1, D5, D12) [DSP_L]"
Luxembourg,2014,8494,Hazardous and non-hazardous - total [HAZ_NHAZ],"Disposal - landfill (D1, D5, D12) [DSP_L]"
Luxembourg,2016,1649,Hazardous and non-hazardous - total [HAZ_NHAZ],"Disposal - landfill (D1, D5, D12) [DSP_L]"
Luxembourg,2018,7594,Hazardous and non-hazardous - total [HAZ_NHAZ],"Disposal - landfill (D1, D5, D12) [DSP_L]"
Luxembourg,2020,5713,Hazardous and non-hazardous - total [HAZ_NHAZ],"Disposal - landfill (D1, D5, D12) [DSP_L]"
Luxembourg,2022,6306,Hazardous and non-hazardous - total [HAZ_NHAZ],"Disposal - landfill (D1, D5, D12) [DSP_L]"
Hungary,2010,939070,Hazardous and non-hazardous - total [HAZ_NHAZ],"Disposal - landfill (D1, D5, D12) [DSP_L]"
Hungary,2012,490560,Hazardous and non-hazardous - total [HAZ_NHAZ],"Disposal - landfill (D1, D5, D12) [DSP_L]"
Hungary,2014,331568,Hazardous and non-hazardous - total [HAZ_NHAZ],"Disposal - landfill (D1, D5, D12) [DSP_L]"
Hungary,2016,36984,Hazardous and non-hazardous - total [HAZ_NHAZ],"Disposal - landfill (D1, D5, D12) [DSP_L]"
Hungary,2018,39644,Hazardous and non-hazardous - total [HAZ_NHAZ],"Disposal - landfill (D1, D5, D12) [DSP_L]"
Hungary,2020,71609,Hazardous and non-hazardous - total [HAZ_NHAZ],"Disposal - landfill (D1, D5, D12) [DSP_L]"
Hungary,2022,59053,Hazardous and non-hazardous - total [HAZ_NHAZ],"Disposal - landfill (D1, D5, D12) [DSP_L]"
Malta,2010,636638,Hazardous and non-hazardous - total [HAZ_NHAZ],"Disposal - landfill (D1, D5, D12) [DSP_L]"
Malta,2012,1536,Hazardous and non-hazardous - total [HAZ_NHAZ],"Disposal - landfill (D1, D5, D12) [DSP_L]"
Malta,2014,1325,Hazardous and non-hazardous - total [HAZ_NHAZ],"Disposal - landfill (D1, D5, D12) [DSP_L]"
Malta,2016,260,Hazardous and non-hazardous - total [HAZ_NHAZ],"Disposal - landfill (D1, D5, D12) [DSP_L]"
Malta,2018,167,Hazardous and non-hazardous - total [HAZ_NHAZ],"Disposal - landfill (D1, D5, D12) [DSP_L]"
Malta,2020,12,Hazardous and non-hazardous - total [HAZ_NHAZ],"Disposal - landfill (D1, D5, D12) [DSP_L]"
Malta,2022,4,Hazardous and non-hazardous - total [HAZ_NHAZ],"Disposal - landfill (D1, D5, D12) [DSP_L]"
Netherlands,2010,49273,Hazardous and non-hazardous - total [HAZ_NHAZ],"Disposal - landfill (D1, D5, D12) [DSP_L]"
Netherlands,2012,54761,Hazardous and non-hazardous - total [HAZ_NHAZ],"Disposal - landfill (D1, D5, D12) [DSP_L]"
Netherlands,2014,37653,Hazardous and non-hazardous - total [HAZ_NHAZ],"Disposal - landfill (D1, D5, D12) [DSP_L]"
Netherlands,2016,37301,Hazardous and non-hazardous - total [HAZ_NHAZ],"Disposal - landfill (D1, D5, D12) [DSP_L]"
Netherlands,2018,23659,Hazardous and non-hazardous - total [HAZ_NHAZ],"Disposal - landfill (D1, D5, D12) [DSP_L]"
Netherlands,2020,19545,Hazardous and non-hazardous - total [HAZ_NHAZ],"Disposal - landfill (D1, D5, D12) [DSP_L]"
Netherlands,2022,120812,Hazardous and non-hazardous - total [HAZ_NHAZ],"Disposal - landfill (D1, D5, D12) [DSP_L]"
Austria,2010,487481,Hazardous and non-hazardous - total [HAZ_NHAZ],"Disposal - landfill (D1, D5, D12) [DSP_L]"
Austria,2012,499809,Hazardous and non-hazardous - total [HAZ_NHAZ],"Disposal - landfill (D1, D5, D12) [DSP_L]"
Austria,2014,576123,Hazardous and non-hazardous - total [HAZ_NHAZ],"Disposal - landfill (D1, D5, D12) [DSP_L]"
Austria,2016,1237573,Hazardous and non-hazardous - total [HAZ_NHAZ],"Disposal - landfill (D1, D5, D12) [DSP_L]"
Austria,2018,1094654,Hazardous and non-hazardous - total [HAZ_NHAZ],"Disposal - landfill (D1, D5, D12) [DSP_L]"
Austria,2020,952676,Hazardous and non-hazardous - total [HAZ_NHAZ],"Disposal - landfill (D1, D5, D12) [DSP_L]"
Austria,2022,1052528,Hazardous and non-hazardous - total [HAZ_NHAZ],"Disposal - landfill (D1, D5, D12) [DSP_L]"
Poland,2010,235273,Hazardous and non-hazardous - total [HAZ_NHAZ],"Disposal - landfill (D1, D5, D12) [DSP_L]"
Poland,2012,233231,Hazardous and non-hazardous - total [HAZ_NHAZ],"Disposal - landfill (D1, D5, D12) [DSP_L]"
Poland,2014,214012,Hazardous and non-hazardous - total [HAZ_NHAZ],"Disposal - landfill (D1, D5, D12) [DSP_L]"
Poland,2016,335748,Hazardous and non-hazardous - total [HAZ_NHAZ],"Disposal - landfill (D1, D5, D12) [DSP_L]"
Poland,2018,704794,Hazardous and non-hazardous - total [HAZ_NHAZ],"Disposal - landfill (D1, D5, D12) [DSP_L]"
Poland,2020,1264984,Hazardous and non-hazardous - total [HAZ_NHAZ],"Disposal - landfill (D1, D5, D12) [DSP_L]"
Poland,2022,869912,Hazardous and non-hazardous - total [HAZ_NHAZ],"Disposal - landfill (D1, D5, D12) [DSP_L]"
Portugal,2010,223059,Hazardous and non-hazardous - total [HAZ_NHAZ],"Disposal - landfill (D1, D5, D12) [DSP_L]"
Portugal,2012,92903,Hazardous and non-hazardous - total [HAZ_NHAZ],"Disposal - landfill (D1, D5, D12) [DSP_L]"
Portugal,2014,26808,Hazardous and non-hazardous - total [HAZ_NHAZ],"Disposal - landfill (D1, D5, D12) [DSP_L]"
Portugal,2016,29169,Hazardous and non-hazardous - total [HAZ_NHAZ],"Disposal - landfill (D1, D5, D12) [DSP_L]"
Portugal,2018,68901,Hazardous and non-hazardous - total [HAZ_NHAZ],"Disposal - landfill (D1, D5, D12) [DSP_L]"
Portugal,2020,60642,Hazardous and non-hazardous - total [HAZ_NHAZ],"Disposal - landfill (D1, D5, D12) [DSP_L]"
Portugal,2022,41779,Hazardous and non-hazardous - total [HAZ_NHAZ],"Disposal - landfill (D1, D5, D12) [DSP_L]"
Romania,2010,465816,Hazardous and non-hazardous - total [HAZ_NHAZ],"Disposal - landfill (D1, D5, D12) [DSP_L]"
Romania,2012,257745,Hazardous and non-hazardous - total [HAZ_NHAZ],"Disposal - landfill (D1, D5, D12) [DSP_L]"
Romania,2014,233313,Hazardous and non-hazardous - total [HAZ_NHAZ],"Disposal - landfill (D1, D5, D12) [DSP_L]"
Romania,2016,173635,Hazardous and non-hazardous - total [HAZ_NHAZ],"Disposal - landfill (D1, D5, D12) [DSP_L]"
Romania,2018,151477,Hazardous and non-hazardous - total [HAZ_NHAZ],"Disposal - landfill (D1, D5, D12) [DSP_L]"
Romania,2020,118902,Hazardous and non-hazardous - total [HAZ_NHAZ],"Disposal - landfill (D1, D5, D12) [DSP_L]"
Romania,2022,140338,Hazardous and non-hazardous - total [HAZ_NHAZ],"Disposal - landfill (D1, D5, D12) [DSP_L]"
Slovenia,2010,41012,Hazardous and non-hazardous - total [HAZ_NHAZ],"Disposal - landfill (D1, D5, D12) [DSP_L]"
Slovenia,2012,23144,Hazardous and non-hazardous - total [HAZ_NHAZ],"Disposal - landfill (D1, D5, D12) [DSP_L]"
Slovenia,2014,12611,Hazardous and non-hazardous - total [HAZ_NHAZ],"Disposal - landfill (D1, D5, D12) [DSP_L]"
Slovenia,2016,13682,Hazardous and non-hazardous - total [HAZ_NHAZ],"Disposal - landfill (D1, D5, D12) [DSP_L]"
Slovenia,2018,15905,Hazardous and non-hazardous - total [HAZ_NHAZ],"Disposal - landfill (D1, D5, D12) [DSP_L]"
Slovenia,2020,28310,Hazardous and non-hazardous - total [HAZ_NHAZ],"Disposal - landfill (D1, D5, D12) [DSP_L]"
Slovenia,2022,35199,Hazardous and non-hazardous - total [HAZ_NHAZ],"Disposal - landfill (D1, D5, D12) [DSP_L]"
Slovakia,2010,264597,Hazardous and non-hazardous - total [HAZ_NHAZ],"Disposal - landfill (D1, D5, D12) [DSP_L]"
Slovakia,2012,266707,Hazardous and non-hazardous - total [HAZ_NHAZ],"Disposal - landfill (D1, D5, D12) [DSP_L]"
Slovakia,2014,193119,Hazardous and non-hazardous - total [HAZ_NHAZ],"Disposal - landfill (D1, D5, D12) [DSP_L]"
Slovakia,2016,191549,Hazardous and non-hazardous - total [HAZ_NHAZ],"Disposal - landfill (D1, D5, D12) [DSP_L]"
Slovakia,2018,175235,Hazardous and non-hazardous - total [HAZ_NHAZ],"Disposal - landfill (D1, D5, D12) [DSP_L]"
Slovakia,2020,161777,Hazardous and non-hazardous - total [HAZ_NHAZ],"Disposal - landfill (D1, D5, D12) [DSP_L]"
Slovakia,2022,74685,Hazardous and non-hazardous - total [HAZ_NHAZ],"Disposal - landfill (D1, D5, D12) [DSP_L]"
Finland,2010,23332185,Hazardous and non-hazardous - total [HAZ_NHAZ],"Disposal - landfill (D1, D5, D12) [DSP_L]"
Finland,2012,3658658,Hazardous and non-hazardous - total [HAZ_NHAZ],"Disposal - landfill (D1, D5, D12) [DSP_L]"
Finland,2014,125188,Hazardous and non-hazardous - total [HAZ_NHAZ],"Disposal - landfill (D1, D5, D12) [DSP_L]"
Finland,2016,83366,Hazardous and non-hazardous - total [HAZ_NHAZ],"Disposal - landfill (D1, D5, D12) [DSP_L]"
Finland,2018,69073,Hazardous and non-hazardous - total [HAZ_NHAZ],"Disposal - landfill (D1, D5, D12) [DSP_L]"
Finland,2020,77128,Hazardous and non-hazardous - total [HAZ_NHAZ],"Disposal - landfill (D1, D5, D12) [DSP_L]"
Finland,2022,77694,Hazardous and non-hazardous - total [HAZ_NHAZ],"Disposal - landfill (D1, D5, D12) [DSP_L]"
Sweden,2010,183065,Hazardous and non-hazardous - total [HAZ_NHAZ],"Disposal - landfill (D1, D5, D12) [DSP_L]"
Sweden,2012,92564,Hazardous and non-hazardous - total [HAZ_NHAZ],"Disposal - landfill (D1, D5, D12) [DSP_L]"
Sweden,2014,424815,Hazardous and non-hazardous - total [HAZ_NHAZ],"Disposal - landfill (D1, D5, D12) [DSP_L]"
Sweden,2016,354711,Hazardous and non-hazardous - total [HAZ_NHAZ],"Disposal - landfill (D1, D5, D12) [DSP_L]"
Sweden,2018,96565,Hazardous and non-hazardous - total [HAZ_NHAZ],"Disposal - landfill (D1, D5, D12) [DSP_L]"
Sweden,2020,355079,Hazardous and non-hazardous - total [HAZ_NHAZ],"Disposal - landfill (D1, D5, D12) [DSP_L]"
Sweden,2022,333370,Hazardous and non-hazardous - total [HAZ_NHAZ],"Disposal - landfill (D1, D5, D12) [DSP_L]"
Iceland,2010,1834,Hazardous and non-hazardous - total [HAZ_NHAZ],"Disposal - landfill (D1, D5, D12) [DSP_L]"
Iceland,2012,0,Hazardous and non-hazardous - total [HAZ_NHAZ],"Disposal - landfill (D1, D5, D12) [DSP_L]"
Iceland,2014,5295,Hazardous and non-hazardous - total [HAZ_NHAZ],"Disposal - landfill (D1, D5, D12) [DSP_L]"
Iceland,2016,3880,Hazardous and non-hazardous - total [HAZ_NHAZ],"Disposal - landfill (D1, D5, D12) [DSP_L]"
Iceland,2018,1961,Hazardous and non-hazardous - total [HAZ_NHAZ],"Disposal - landfill (D1, D5, D12) [DSP_L]"
Iceland,2020,5416,Hazardous and non-hazardous - total [HAZ_NHAZ],"Disposal - landfill (D1, D5, D12) [DSP_L]"
Iceland,2022,3262,Hazardous and non-hazardous - total [HAZ_NHAZ],"Disposal - landfill (D1, D5, D12) [DSP_L]"
Norway,2010,184593,Hazardous and non-hazardous - total [HAZ_NHAZ],"Disposal - landfill (D1, D5, D12) [DSP_L]"
Norway,2012,208967,Hazardous and non-hazardous - total [HAZ_NHAZ],"Disposal - landfill (D1, D5, D12) [DSP_L]"
Norway,2014,522325,Hazardous and non-hazardous - total [HAZ_NHAZ],"Disposal - landfill (D1, D5, D12) [DSP_L]"
Norway,2016,743529,Hazardous and non-hazardous - total [HAZ_NHAZ],"Disposal - landfill (D1, D5, D12) [DSP_L]"
Norway,2018,878619,Hazardous and non-hazardous - total [HAZ_NHAZ],"Disposal - landfill (D1, D5, D12) [DSP_L]"
Norway,2020,880440,Hazardous and non-hazardous - total [HAZ_NHAZ],"Disposal - landfill (D1, D5, D12) [DSP_L]"
Norway,2022,592062,Hazardous and non-hazardous - total [HAZ_NHAZ],"Disposal - landfill (D1, D5, D12) [DSP_L]"
United Kingdom,2010,2090963,Hazardous and non-hazardous - total [HAZ_NHAZ],"Disposal - landfill (D1, D5, D12) [DSP_L]"
United Kingdom,2012,2220141,Hazardous and non-hazardous - total [HAZ_NHAZ],"Disposal - landfill (D1, D5, D12) [DSP_L]"
United Kingdom,2014,2384661,Hazardous and non-hazardous - total [HAZ_NHAZ],"Disposal - landfill (D1, D5, D12) [DSP_L]"
United Kingdom,2016,2474089,Hazardous and non-hazardous - total [HAZ_NHAZ],"Disposal - landfill (D1, D5, D12) [DSP_L]"
United Kingdom,2018,1511494,Hazardous and non-hazardous - total [HAZ_NHAZ],"Disposal - landfill (D1, D5, D12) [DSP_L]"
Bosnia and Herzegovina,2022,68981,Hazardous and non-hazardous - total [HAZ_NHAZ],"Disposal - landfill (D1, D5, D12) [DSP_L]"
Montenegro,2012,8360,Hazardous and non-hazardous - total [HAZ_NHAZ],"Disposal - landfill (D1, D5, D12) [DSP_L]"
Montenegro,2014,22210,Hazardous and non-hazardous - total [HAZ_NHAZ],"Disposal - landfill (D1, D5, D12) [DSP_L]"
Montenegro,2016,10085,Hazardous and non-hazardous - total [HAZ_NHAZ],"Disposal - landfill (D1, D5, D12) [DSP_L]"
Montenegro,2018,1830,Hazardous and non-hazardous - total [HAZ_NHAZ],"Disposal - landfill (D1, D5, D12) [DSP_L]"
Montenegro,2020,23770,Hazardous and non-hazardous - total [HAZ_NHAZ],"Disposal - landfill (D1, D5, D12) [DSP_L]"
Montenegro,2022,234,Hazardous and non-hazardous - total [HAZ_NHAZ],"Disposal - landfill (D1, D5, D12) [DSP_L]"
North Macedonia,2010,60,Hazardous and non-hazardous - total [HAZ_NHAZ],"Disposal - landfill (D1, D5, D12) [DSP_L]"
North Macedonia,2012,8363,Hazardous and non-hazardous - total [HAZ_NHAZ],"Disposal - landfill (D1, D5, D12) [DSP_L]"
North Macedonia,2014,7269,Hazardous and non-hazardous - total [HAZ_NHAZ],"Disposal - landfill (D1, D5, D12) [DSP_L]"
North Macedonia,2018,0,Hazardous and non-hazardous - total [HAZ_NHAZ],"Disposal - landfill (D1, D5, D12) [DSP_L]"
North Macedonia,2020,47641,Hazardous and non-hazardous - total [HAZ_NHAZ],"Disposal - landfill (D1, D5, D12) [DSP_L]"
North Macedonia,2022,56321,Hazardous and non-hazardous - total [HAZ_NHAZ],"Disposal - landfill (D1, D5, D12) [DSP_L]"
Albania,2014,0,Hazardous and non-hazardous - total [HAZ_NHAZ],"Disposal - landfill (D1, D5, D12) [DSP_L]"
Serbia,2010,126,Hazardous and non-hazardous - total [HAZ_NHAZ],"Disposal - landfill (D1, D5, D12) [DSP_L]"
Serbia,2012,862,Hazardous and non-hazardous - total [HAZ_NHAZ],"Disposal - landfill (D1, D5, D12) [DSP_L]"
Serbia,2014,50256,Hazardous and non-hazardous - total [HAZ_NHAZ],"Disposal - landfill (D1, D5, D12) [DSP_L]"
Serbia,2016,52702,Hazardous and non-hazardous - total [HAZ_NHAZ],"Disposal - landfill (D1, D5, D12) [DSP_L]"
Serbia,2018,70423,Hazardous and non-hazardous - total [HAZ_NHAZ],"Disposal - landfill (D1, D5, D12) [DSP_L]"
Serbia,2020,61363,Hazardous and non-hazardous - total [HAZ_NHAZ],"Disposal - landfill (D1, D5, D12) [DSP_L]"
Serbia,2022,48015,Hazardous and non-hazardous - total [HAZ_NHAZ],"Disposal - landfill (D1, D5, D12) [DSP_L]"
Türkiye,2010,21400,Hazardous and non-hazardous - total [HAZ_NHAZ],"Disposal - landfill (D1, D5, D12) [DSP_L]"
Türkiye,2012,220201,Hazardous and non-hazardous - total [HAZ_NHAZ],"Disposal - landfill (D1, D5, D12) [DSP_L]"
Türkiye,2016,5040,Hazardous and non-hazardous - total [HAZ_NHAZ],"Disposal - landfill (D1, D5, D12) [DSP_L]"
Türkiye,2018,7049,Hazardous and non-hazardous - total [HAZ_NHAZ],"Disposal - landfill (D1, D5, D12) [DSP_L]"
Türkiye,2020,19928,Hazardous and non-hazardous - total [HAZ_NHAZ],"Disposal - landfill (D1, D5, D12) [DSP_L]"
Türkiye,2022,8688,Hazardous and non-hazardous - total [HAZ_NHAZ],"Disposal - landfill (D1, D5, D12) [DSP_L]"
Kosovo*,2016,0,Hazardous and non-hazardous - total [HAZ_NHAZ],"Disposal - landfill (D1, D5, D12) [DSP_L]"
Kosovo*,2020,12447,Hazardous and non-hazardous - total [HAZ_NHAZ],"Disposal - landfill (D1, D5, D12) [DSP_L]"
Kosovo*,2022,705,Hazardous and non-hazardous - total [HAZ_NHAZ],"Disposal - landfill (D1, D5, D12) [DSP_L]"
European Union - 27 countries (from 2020),2010,200000,Hazardous and non-hazardous - total [HAZ_NHAZ],Disposal - incineration (D10) [DSP_I]
European Union - 27 countries (from 2020),2012,170000,Hazardous and non-hazardous - total [HAZ_NHAZ],Disposal - incineration (D10) [DSP_I]
European Union - 27 countries (from 2020),2014,140000,Hazardous and non-hazardous - total [HAZ_NHAZ],Disposal - incineration (D10) [DSP_I]
European Union - 27 countries (from 2020),2016,100000,Hazardous and non-hazardous - total [HAZ_NHAZ],Disposal - incineration (D10) [DSP_I]
European Union - 27 countries (from 2020),2018,50000,Hazardous and non-hazardous - total [HAZ_NHAZ],Disposal - incineration (D10) [DSP_I]
European Union - 27 countries (from 2020),2020,30000,Hazardous and non-hazardous - total [HAZ_NHAZ],Disposal - incineration (D10) [DSP_I]
European Union - 27 countries (from 2020),2022,30000,Hazardous and non-hazardous - total [HAZ_NHAZ],Disposal - incineration (D10) [DSP_I]
European Union - 28 countries (2013-2020),2010,200000,Hazardous and non-hazardous - total [HAZ_NHAZ],Disposal - incineration (D10) [DSP_I]
European Union - 28 countries (2013-2020),2012,170000,Hazardous and non-hazardous - total [HAZ_NHAZ],Disposal - incineration (D10) [DSP_I]
European Union - 28 countries (2013-2020),2014,140000,Hazardous and non-hazardous - total [HAZ_NHAZ],Disposal - incineration (D10) [DSP_I]
European Union - 28 countries (2013-2020),2016,100000,Hazardous and non-hazardous - total [HAZ_NHAZ],Disposal - incineration (D10) [DSP_I]
European Union - 28 countries (2013-2020),2018,50000,Hazardous and non-hazardous - total [HAZ_NHAZ],Disposal - incineration (D10) [DSP_I]
Belgium,2010,314,Hazardous and non-hazardous - total [HAZ_NHAZ],Disposal - incineration (D10) [DSP_I]
Belgium,2012,192,Hazardous and non-hazardous - total [HAZ_NHAZ],Disposal - incineration (D10) [DSP_I]
Belgium,2014,69,Hazardous and non-hazardous - total [HAZ_NHAZ],Disposal - incineration (D10) [DSP_I]
Belgium,2016,320,Hazardous and non-hazardous - total [HAZ_NHAZ],Disposal - incineration (D10) [DSP_I]
Belgium,2018,8525,Hazardous and non-hazardous - total [HAZ_NHAZ],Disposal - incineration (D10) [DSP_I]
Belgium,2020,835,Hazardous and non-hazardous - total [HAZ_NHAZ],Disposal - incineration (D10) [DSP_I]
Belgium,2022,503,Hazardous and non-hazardous - total [HAZ_NHAZ],Disposal - incineration (D10) [DSP_I]
Bulgaria,2010,23,Hazardous and non-hazardous - total [HAZ_NHAZ],Disposal - incineration (D10) [DSP_I]
Bulgaria,2012,8656,Hazardous and non-hazardous - total [HAZ_NHAZ],Disposal - incineration (D10) [DSP_I]
Bulgaria,2014,2,Hazardous and non-hazardous - total [HAZ_NHAZ],Disposal - incineration (D10) [DSP_I]
Bulgaria,2016,0,Hazardous and non-hazardous - total [HAZ_NHAZ],Disposal - incineration (D10) [DSP_I]
Bulgaria,2018,1,Hazardous and non-hazardous - total [HAZ_NHAZ],Disposal - incineration (D10) [DSP_I]
Bulgaria,2020,7,Hazardous and non-hazardous - total [HAZ_NHAZ],Disposal - incineration (D10) [DSP_I]
Bulgaria,2022,0,Hazardous and non-hazardous - total [HAZ_NHAZ],Disposal - incineration (D10) [DSP_I]
Czechia,2010,839,Hazardous and non-hazardous - total [HAZ_NHAZ],Disposal - incineration (D10) [DSP_I]
Czechia,2012,3209,Hazardous and non-hazardous - total [HAZ_NHAZ],Disposal - incineration (D10) [DSP_I]
Czechia,2014,1293,Hazardous and non-hazardous - total [HAZ_NHAZ],Disposal - incineration (D10) [DSP_I]
Czechia,2016,1578,Hazardous and non-hazardous - total [HAZ_NHAZ],Disposal - incineration (D10) [DSP_I]
Czechia,2020,746,Hazardous and non-hazardous - total [HAZ_NHAZ],Disposal - incineration (D10) [DSP_I]
Czechia,2022,1320,Hazardous and non-hazardous - total [HAZ_NHAZ],Disposal - incineration (D10) [DSP_I]
Denmark,2010,0,Hazardous and non-hazardous - total [HAZ_NHAZ],Disposal - incineration (D10) [DSP_I]
Denmark,2012,8,Hazardous and non-hazardous - total [HAZ_NHAZ],Disposal - incineration (D10) [DSP_I]
Denmark,2014,334,Hazardous and non-hazardous - total [HAZ_NHAZ],Disposal - incineration (D10) [DSP_I]
Denmark,2016,0,Hazardous and non-hazardous - total [HAZ_NHAZ],Disposal - incineration (D10) [DSP_I]
Denmark,2018,9,Hazardous and non-hazardous - total [HAZ_NHAZ],Disposal - incineration (D10) [DSP_I]
Denmark,2020,30,Hazardous and non-hazardous - total [HAZ_NHAZ],Disposal - incineration (D10) [DSP_I]
Denmark,2022,64,Hazardous and non-hazardous - total [HAZ_NHAZ],Disposal - incineration (D10) [DSP_I]
Germany,2010,177236,Hazardous and non-hazardous - total [HAZ_NHAZ],Disposal - incineration (D10) [DSP_I]
Germany,2012,144154,Hazardous and non-hazardous - total [HAZ_NHAZ],Disposal - incineration (D10) [DSP_I]
Germany,2014,112328,Hazardous and non-hazardous - total [HAZ_NHAZ],Disposal - incineration (D10) [DSP_I]
Germany,2016,66576,Hazardous and non-hazardous - total [HAZ_NHAZ],Disposal - incineration (D10) [DSP_I]
Germany,2020,19136,Hazardous and non-hazardous - total [HAZ_NHAZ],Disposal - incineration (D10) [DSP_I]
Germany,2022,16110,Hazardous and non-hazardous - total [HAZ_NHAZ],Disposal - incineration (D10) [DSP_I]
Estonia,2010,0,Hazardous and non-hazardous - total [HAZ_NHAZ],Disposal - incineration (D10) [DSP_I]
Estonia,2012,0,Hazardous and non-hazardous - total [HAZ_NHAZ],Disposal - incineration (D10) [DSP_I]
Estonia,2014,0,Hazardous and non-hazardous - total [HAZ_NHAZ],Disposal - incineration (D10) [DSP_I]
Estonia,2016,0,Hazardous and non-hazardous - total [HAZ_NHAZ],Disposal - incineration (D10) [DSP_I]
Estonia,2018,1,Hazardous and non-hazardous - total [HAZ_NHAZ],Disposal - incineration (D10) [DSP_I]
Estonia,2020,0,Hazardous and non-hazardous - total [HAZ_NHAZ],Disposal - incineration (D10) [DSP_I]
Estonia,2022,0,Hazardous and non-hazardous - total [HAZ_NHAZ],Disposal - incineration (D10) [DSP_I]
Ireland,2010,2505,Hazardous and non-hazardous - total [HAZ_NHAZ],Disposal - incineration (D10) [DSP_I]
Ireland,2012,0,Hazardous and non-hazardous - total [HAZ_NHAZ],Disposal - incineration (D10) [DSP_I]
Ireland,2014,0,Hazardous and non-hazardous - total [HAZ_NHAZ],Disposal - incineration (D10) [DSP_I]
Ireland,2016,0,Hazardous and non-hazardous - total [HAZ_NHAZ],Disposal - incineration (D10) [DSP_I]
Ireland,2018,0,Hazardous and non-hazardous - total [HAZ_NHAZ],Disposal - incineration (D10) [DSP_I]
Ireland,2020,0,Hazardous and non-hazardous - total [HAZ_NHAZ],Disposal - incineration (D10) [DSP_I]
Ireland,2022,0,Hazardous and non-hazardous - total [HAZ_NHAZ],Disposal - incineration (D10) [DSP_I]
Greece,2010,0,Hazardous and non-hazardous - total [HAZ_NHAZ],Disposal - incineration (D10) [DSP_I]
Greece,2012,0,Hazardous and non-hazardous - total [HAZ_NHAZ],Disposal - incineration (D10) [DSP_I]
Greece,2014,0,Hazardous and non-hazardous - total [HAZ_NHAZ],Disposal - incineration (D10) [DSP_I]
Greece,2016,0,Hazardous and non-hazardous - total [HAZ_NHAZ],Disposal - incineration (D10) [DSP_I]
Greece,2018,0,Hazardous and non-hazardous - total [HAZ_NHAZ],Disposal - incineration (D10) [DSP_I]
Greece,2020,0,Hazardous and non-hazardous - total [HAZ_NHAZ],Disposal - incineration (D10) [DSP_I]
Greece,2022,0,Hazardous and non-hazardous - total [HAZ_NHAZ],Disposal - incineration (D10) [DSP_I]
Spain,2010,0,Hazardous and non-hazardous - total [HAZ_NHAZ],Disposal - incineration (D10) [DSP_I]
Spain,2012,0,Hazardous and non-hazardous - total [HAZ_NHAZ],Disposal - incineration (D10) [DSP_I]
Spain,2014,0,Hazardous and non-hazardous - total [HAZ_NHAZ],Disposal - incineration (D10) [DSP_I]
Spain,2016,0,Hazardous and non-hazardous - total [HAZ_NHAZ],Disposal - incineration (D10) [DSP_I]
Spain,2018,0,Hazardous and non-hazardous - total [HAZ_NHAZ],Disposal - incineration (D10) [DSP_I]
Spain,2020,0,Hazardous and non-hazardous - total [HAZ_NHAZ],Disposal - incineration (D10) [DSP_I]
Spain,2022,0,Hazardous and non-hazardous - total [HAZ_NHAZ],Disposal - incineration (D10) [DSP_I]
France,2010,2789,Hazardous and non-hazardous - total [HAZ_NHAZ],Disposal - incineration (D10) [DSP_I]
France,2012,1477,Hazardous and non-hazardous - total [HAZ_NHAZ],Disposal - incineration (D10) [DSP_I]
France,2014,5281,Hazardous and non-hazardous - total [HAZ_NHAZ],Disposal - incineration (D10) [DSP_I]
France,2016,5205,Hazardous and non-hazardous - total [HAZ_NHAZ],Disposal - incineration (D10) [DSP_I]
France,2018,9609,Hazardous and non-hazardous - total [HAZ_NHAZ],Disposal - incineration (D10) [DSP_I]
France,2020,9014,Hazardous and non-hazardous - total [HAZ_NHAZ],Disposal - incineration (D10) [DSP_I]
France,2022,10513,Hazardous and non-hazardous - total [HAZ_NHAZ],Disposal - incineration (D10) [DSP_I]
Croatia,2010,1500,Hazardous and non-hazardous - total [HAZ_NHAZ],Disposal - incineration (D10) [DSP_I]
Croatia,2012,0,Hazardous and non-hazardous - total [HAZ_NHAZ],Disposal - incineration (D10) [DSP_I]
Croatia,2014,0,Hazardous and non-hazardous - total [HAZ_NHAZ],Disposal - incineration (D10) [DSP_I]
Croatia,2016,0,Hazardous and non-hazardous - total [HAZ_NHAZ],Disposal - incineration (D10) [DSP_I]
Croatia,2018,0,Hazardous and non-hazardous - total [HAZ_NHAZ],Disposal - incineration (D10) [DSP_I]
Croatia,2020,0,Hazardous and non-hazardous - total [HAZ_NHAZ],Disposal - incineration (D10) [DSP_I]
Croatia,2022,0,Hazardous and non-hazardous - total [HAZ_NHAZ],Disposal - incineration (D10) [DSP_I]
Italy,2010,2684,Hazardous and non-hazardous - total [HAZ_NHAZ],Disposal - incineration (D10) [DSP_I]
Italy,2012,2720,Hazardous and non-hazardous - total [HAZ_NHAZ],Disposal - incineration (D10) [DSP_I]
Italy,2014,4375,Hazardous and non-hazardous - total [HAZ_NHAZ],Disposal - incineration (D10) [DSP_I]
Italy,2016,873,Hazardous and non-hazardous - total [HAZ_NHAZ],Disposal - incineration (D10) [DSP_I]
Italy,2018,2188,Hazardous and non-hazardous - total [HAZ_NHAZ],Disposal - incineration (D10) [DSP_I]
Italy,2020,459,Hazardous and non-hazardous - total [HAZ_NHAZ],Disposal - incineration (D10) [DSP_I]
Italy,2022,809,Hazardous and non-hazardous - total [HAZ_NHAZ],Disposal - incineration (D10) [DSP_I]
Cyprus,2010,0,Hazardous and non-hazardous - total [HAZ_NHAZ],Disposal - incineration (D10) [DSP_I]
Cyprus,2012,0,Hazardous and non-hazardous - total [HAZ_NHAZ],Disposal - incineration (D10) [DSP_I]
Cyprus,2014,0,Hazardous and non-hazardous - total [HAZ_NHAZ],Disposal - incineration (D10) [DSP_I]
Cyprus,2016,0,Hazardous and non-hazardous - total [HAZ_NHAZ],Disposal - incineration (D10) [DSP_I]
Cyprus,2018,0,Hazardous and non-hazardous - total [HAZ_NHAZ],Disposal - incineration (D10) [DSP_I]
Cyprus,2020,0,Hazardous and non-hazardous - total [HAZ_NHAZ],Disposal - incineration (D10) [DSP_I]
Cyprus,2022,0,Hazardous and non-hazardous - total [HAZ_NHAZ],Disposal - incineration (D10) [DSP_I]
Latvia,2010,0,Hazardous and non-hazardous - total [HAZ_NHAZ],Disposal - incineration (D10) [DSP_I]
Latvia,2012,0,Hazardous and non-hazardous - total [HAZ_NHAZ],Disposal - incineration (D10) [DSP_I]
Latvia,2014,0,Hazardous and non-hazardous - total [HAZ_NHAZ],Disposal - incineration (D10) [DSP_I]
Latvia,2016,0,Hazardous and non-hazardous - total [HAZ_NHAZ],Disposal - incineration (D10) [DSP_I]
Latvia,2018,0,Hazardous and non-hazardous - total [HAZ_NHAZ],Disposal - incineration (D10) [DSP_I]
Latvia,2020,0,Hazardous and non-hazardous - total [HAZ_NHAZ],Disposal - incineration (D10) [DSP_I]
Latvia,2022,0,Hazardous and non-hazardous - total [HAZ_NHAZ],Disposal - incineration (D10) [DSP_I]
Lithuania,2010,25,Hazardous and non-hazardous - total [HAZ_NHAZ],Disposal - incineration (D10) [DSP_I]
Lithuania,2012,227,Hazardous and non-hazardous - total [HAZ_NHAZ],Disposal - incineration (D10) [DSP_I]
Lithuania,2014,13,Hazardous and non-hazardous - total [HAZ_NHAZ],Disposal - incineration (D10) [DSP_I]
Lithuania,2016,0,Hazardous and non-hazardous - total [HAZ_NHAZ],Disposal - incineration (D10) [DSP_I]
Lithuania,2018,0,Hazardous and non-hazardous - total [HAZ_NHAZ],Disposal - incineration (D10) [DSP_I]
Lithuania,2020,1,Hazardous and non-hazardous - total [HAZ_NHAZ],Disposal - incineration (D10) [DSP_I]
Lithuania,2022,7,Hazardous and non-hazardous - total [HAZ_NHAZ],Disposal - incineration (D10) [DSP_I]
Luxembourg,2010,0,Hazardous and non-hazardous - total [HAZ_NHAZ],Disposal - incineration (D10) [DSP_I]
Luxembourg,2012,0,Hazardous and non-hazardous - total [HAZ_NHAZ],Disposal - incineration (D10) [DSP_I]
Luxembourg,2014,0,Hazardous and non-hazardous - total [HAZ_NHAZ],Disposal - incineration (D10) [DSP_I]
Luxembourg,2016,0,Hazardous and non-hazardous - total [HAZ_NHAZ],Disposal - incineration (D10) [DSP_I]
Luxembourg,2018,0,Hazardous and non-hazardous - total [HAZ_NHAZ],Disposal - incineration (D10) [DSP_I]
Luxembourg,2020,0,Hazardous and non-hazardous - total [HAZ_NHAZ],Disposal - incineration (D10) [DSP_I]
Luxembourg,2022,0,Hazardous and non-hazardous - total [HAZ_NHAZ],Disposal - incineration (D10) [DSP_I]
Hungary,2010,359,Hazardous and non-hazardous - total [HAZ_NHAZ],Disposal - incineration (D10) [DSP_I]
Hungary,2012,1347,Hazardous and non-hazardous - total [HAZ_NHAZ],Disposal - incineration (D10) [DSP_I]
Hungary,2014,2479,Hazardous and non-hazardous - total [HAZ_NHAZ],Disposal - incineration (D10) [DSP_I]
Hungary,2016,766,Hazardous and non-hazardous - total [HAZ_NHAZ],Disposal - incineration (D10) [DSP_I]
Hungary,2018,947,Hazardous and non-hazardous - total [HAZ_NHAZ],Disposal - incineration (D10) [DSP_I]
Hungary,2020,495,Hazardous and non-hazardous - total [HAZ_NHAZ],Disposal - incineration (D10) [DSP_I]
Hungary,2022,438,Hazardous and non-hazardous - total [HAZ_NHAZ],Disposal - incineration (D10) [DSP_I]
Malta,2010,0,Hazardous and non-hazardous - total [HAZ_NHAZ],Disposal - incineration (D10) [DSP_I]
Malta,2012,0,Hazardous and non-hazardous - total [HAZ_NHAZ],Disposal - incineration (D10) [DSP_I]
Malta,2014,0,Hazardous and non-hazardous - total [HAZ_NHAZ],Disposal - incineration (D10) [DSP_I]
Malta,2016,0,Hazardous and non-hazardous - total [HAZ_NHAZ],Disposal - incineration (D10) [DSP_I]
Malta,2018,0,Hazardous and non-hazardous - total [HAZ_NHAZ],Disposal - incineration (D10) [DSP_I]
Malta,2020,0,Hazardous and non-hazardous - total [HAZ_NHAZ],Disposal - incineration (D10) [DSP_I]
Malta,2022,0,Hazardous and non-hazardous - total [HAZ_NHAZ],Disposal - incineration (D10) [DSP_I]
Netherlands,2010,534,Hazardous and non-hazardous - total [HAZ_NHAZ],Disposal - incineration (D10) [DSP_I]
Netherlands,2012,3383,Hazardous and non-hazardous - total [HAZ_NHAZ],Disposal - incineration (D10) [DSP_I]
Netherlands,2014,8565,Hazardous and non-hazardous - total [HAZ_NHAZ],Disposal - incineration (D10) [DSP_I]
Netherlands,2016,4721,Hazardous and non-hazardous - total [HAZ_NHAZ],Disposal - incineration (D10) [DSP_I]
Netherlands,2018,11493,Hazardous and non-hazardous - total [HAZ_NHAZ],Disposal - incineration (D10) [DSP_I]
Netherlands,2020,1473,Hazardous and non-hazardous - total [HAZ_NHAZ],Disposal - incineration (D10) [DSP_I]
Netherlands,2022,865,Hazardous and non-hazardous - total [HAZ_NHAZ],Disposal - incineration (D10) [DSP_I]
Austria,2010,6,Hazardous and non-hazardous - total [HAZ_NHAZ],Disposal - incineration (D10) [DSP_I]
Austria,2012,28,Hazardous and non-hazardous - total [HAZ_NHAZ],Disposal - incineration (D10) [DSP_I]
Poland,2010,1312,Hazardous and non-hazardous - total [HAZ_NHAZ],Disposal - incineration (D10) [DSP_I]
Poland,2012,2413,Hazardous and non-hazardous - total [HAZ_NHAZ],Disposal - incineration (D10) [DSP_I]
Poland,2014,1058,Hazardous and non-hazardous - total [HAZ_NHAZ],Disposal - incineration (D10) [DSP_I]
Poland,2016,610,Hazardous and non-hazardous - total [HAZ_NHAZ],Disposal - incineration (D10) [DSP_I]
Poland,2018,759,Hazardous and non-hazardous - total [HAZ_NHAZ],Disposal - incineration (D10) [DSP_I]
Poland,2020,168,Hazardous and non-hazardous - total [HAZ_NHAZ],Disposal - incineration (D10) [DSP_I]
Poland,2022,250,Hazardous and non-hazardous - total [HAZ_NHAZ],Disposal - incineration (D10) [DSP_I]
Portugal,2010,0,Hazardous and non-hazardous - total [HAZ_NHAZ],Disposal - incineration (D10) [DSP_I]
Portugal,2012,0,Hazardous and non-hazardous - total [HAZ_NHAZ],Disposal - incineration (D10) [DSP_I]
Portugal,2014,0,Hazardous and non-hazardous - total [HAZ_NHAZ],Disposal - incineration (D10) [DSP_I]
Portugal,2016,0,Hazardous and non-hazardous - total [HAZ_NHAZ],Disposal - incineration (D10) [DSP_I]
Portugal,2018,0,Hazardous and non-hazardous - total [HAZ_NHAZ],Disposal - incineration (D10) [DSP_I]
Portugal,2020,0,Hazardous and non-hazardous - total [HAZ_NHAZ],Disposal - incineration (D10) [DSP_I]
Portugal,2022,0,Hazardous and non-hazardous - total [HAZ_NHAZ],Disposal - incineration (D10) [DSP_I]
Romania,2010,54,Hazardous and non-hazardous - total [HAZ_NHAZ],Disposal - incineration (D10) [DSP_I]
Romania,2012,0,Hazardous and non-hazardous - total [HAZ_NHAZ],Disposal - incineration (D10) [DSP_I]
Romania,2014,0,Hazardous and non-hazardous - total [HAZ_NHAZ],Disposal - incineration (D10) [DSP_I]
Romania,2016,0,Hazardous and non-hazardous - total [HAZ_NHAZ],Disposal - incineration (D10) [DSP_I]
Romania,2018,0,Hazardous and non-hazardous - total [HAZ_NHAZ],Disposal - incineration (D10) [DSP_I]
Romania,2020,0,Hazardous and non-hazardous - total [HAZ_NHAZ],Disposal - incineration (D10) [DSP_I]
Romania,2022,0,Hazardous and non-hazardous - total [HAZ_NHAZ],Disposal - incineration (D10) [DSP_I]
Slovenia,2010,0,Hazardous and non-hazardous - total [HAZ_NHAZ],Disposal - incineration (D10) [DSP_I]
Slovenia,2012,18,Hazardous and non-hazardous - total [HAZ_NHAZ],Disposal - incineration (D10) [DSP_I]
Slovenia,2014,12,Hazardous and non-hazardous - total [HAZ_NHAZ],Disposal - incineration (D10) [DSP_I]
Slovenia,2016,0,Hazardous and non-hazardous - total [HAZ_NHAZ],Disposal - incineration (D10) [DSP_I]
Slovenia,2018,0,Hazardous and non-hazardous - total [HAZ_NHAZ],Disposal - incineration (D10) [DSP_I]
Slovenia,2020,0,Hazardous and non-hazardous - total [HAZ_NHAZ],Disposal - incineration (D10) [DSP_I]
Slovenia,2022,0,Hazardous and non-hazardous - total [HAZ_NHAZ],Disposal - incineration (D10) [DSP_I]
Slovakia,2010,150,Hazardous and non-hazardous - total [HAZ_NHAZ],Disposal - incineration (D10) [DSP_I]
Slovakia,2012,81,Hazardous and non-hazardous - total [HAZ_NHAZ],Disposal - incineration (D10) [DSP_I]
Slovakia,2014,797,Hazardous and non-hazardous - total [HAZ_NHAZ],Disposal - incineration (D10) [DSP_I]
Slovakia,2016,0,Hazardous and non-hazardous - total [HAZ_NHAZ],Disposal - incineration (D10) [DSP_I]
Slovakia,2018,517,Hazardous and non-hazardous - total [HAZ_NHAZ],Disposal - incineration (D10) [DSP_I]
Slovakia,2020,0,Hazardous and non-hazardous - total [HAZ_NHAZ],Disposal - incineration (D10) [DSP_I]
Slovakia,2022,0,Hazardous and non-hazardous - total [HAZ_NHAZ],Disposal - incineration (D10) [DSP_I]
Finland,2010,7972,Hazardous and non-hazardous - total [HAZ_NHAZ],Disposal - incineration (D10) [DSP_I]
Finland,2012,3945,Hazardous and non-hazardous - total [HAZ_NHAZ],Disposal - incineration (D10) [DSP_I]
Finland,2014,3739,Hazardous and non-hazardous - total [HAZ_NHAZ],Disposal - incineration (D10) [DSP_I]
Finland,2016,646,Hazardous and non-hazardous - total [HAZ_NHAZ],Disposal - incineration (D10) [DSP_I]
Finland,2018,601,Hazardous and non-hazardous - total [HAZ_NHAZ],Disposal - incineration (D10) [DSP_I]
Finland,2020,559,Hazardous and non-hazardous - total [HAZ_NHAZ],Disposal - incineration (D10) [DSP_I]
Finland,2022,932,Hazardous and non-hazardous - total [HAZ_NHAZ],Disposal - incineration (D10) [DSP_I]
Sweden,2010,0,Hazardous and non-hazardous - total [HAZ_NHAZ],Disposal - incineration (D10) [DSP_I]
Sweden,2012,0,Hazardous and non-hazardous - total [HAZ_NHAZ],Disposal - incineration (D10) [DSP_I]
Sweden,2014,0,Hazardous and non-hazardous - total [HAZ_NHAZ],Disposal - incineration (D10) [DSP_I]
Sweden,2016,19799,Hazardous and non-hazardous - total [HAZ_NHAZ],Disposal - incineration (D10) [DSP_I]
Sweden,2018,4119,Hazardous and non-hazardous - total [HAZ_NHAZ],Disposal - incineration (D10) [DSP_I]
Sweden,2020,598,Hazardous and non-hazardous - total [HAZ_NHAZ],Disposal - incineration (D10) [DSP_I]
Iceland,2010,0,Hazardous and non-hazardous - total [HAZ_NHAZ],Disposal - incineration (D10) [DSP_I]
Iceland,2012,0,Hazardous and non-hazardous - total [HAZ_NHAZ],Disposal - incineration (D10) [DSP_I]
Iceland,2014,0,Hazardous and non-hazardous - total [HAZ_NHAZ],Disposal - incineration (D10) [DSP_I]
Iceland,2016,0,Hazardous and non-hazardous - total [HAZ_NHAZ],Disposal - incineration (D10) [DSP_I]
Iceland,2018,0,Hazardous and non-hazardous - total [HAZ_NHAZ],Disposal - incineration (D10) [DSP_I]
Iceland,2020,0,Hazardous and non-hazardous - total [HAZ_NHAZ],Disposal - incineration (D10) [DSP_I]
Iceland,2022,0,Hazardous and non-hazardous - total [HAZ_NHAZ],Disposal - incineration (D10) [DSP_I]
Norway,2010,0,Hazardous and non-hazardous - total [HAZ_NHAZ],Disposal - incineration (D10) [DSP_I]
Norway,2012,0,Hazardous and non-hazardous - total [HAZ_NHAZ],Disposal - incineration (D10) [DSP_I]
Norway,2014,7638,Hazardous and non-hazardous - total [HAZ_NHAZ],Disposal - incineration (D10) [DSP_I]
Norway,2016,7055,Hazardous and non-hazardous - total [HAZ_NHAZ],Disposal - incineration (D10) [DSP_I]
Norway,2018,6772,Hazardous and non-hazardous - total [HAZ_NHAZ],Disposal - incineration (D10) [DSP_I]
Norway,2020,3753,Hazardous and non-hazardous - total [HAZ_NHAZ],Disposal - incineration (D10) [DSP_I]
Norway,2022,2783,Hazardous and non-hazardous - total [HAZ_NHAZ],Disposal - incineration (D10) [DSP_I]
United Kingdom,2010,57,Hazardous and non-hazardous - total [HAZ_NHAZ],Disposal - incineration (D10) [DSP_I]
United Kingdom,2012,0,Hazardous and non-hazardous - total [HAZ_NHAZ],Disposal - incineration (D10) [DSP_I]
United Kingdom,2014,0,Hazardous and non-hazardous - total [HAZ_NHAZ],Disposal - incineration (D10) [DSP_I]
United Kingdom,2016,0,Hazardous and non-hazardous - total [HAZ_NHAZ],Disposal - incineration (D10) [DSP_I]
United Kingdom,2018,5081,Hazardous and non-hazardous - total [HAZ_NHAZ],Disposal - incineration (D10) [DSP_I]
Bosnia and Herzegovina,2022,1,Hazardous and non-hazardous - total [HAZ_NHAZ],Disposal - incineration (D10) [DSP_I]
Montenegro,2012,0,Hazardous and non-hazardous - total [HAZ_NHAZ],Disposal - incineration (D10) [DSP_I]
Montenegro,2014,0,Hazardous and non-hazardous - total [HAZ_NHAZ],Disposal - incineration (D10) [DSP_I]
Montenegro,2016,0,Hazardous and non-hazardous - total [HAZ_NHAZ],Disposal - incineration (D10) [DSP_I]
Montenegro,2018,0,Hazardous and non-hazardous - total [HAZ_NHAZ],Disposal - incineration (D10) [DSP_I]
Montenegro,2020,0,Hazardous and non-hazardous - total [HAZ_NHAZ],Disposal - incineration (D10) [DSP_I]
Montenegro,2022,0,Hazardous and non-hazardous - total [HAZ_NHAZ],Disposal - incineration (D10) [DSP_I]
North Macedonia,2010,0,Hazardous and non-hazardous - total [HAZ_NHAZ],Disposal - incineration (D10) [DSP_I]
North Macedonia,2012,0,Hazardous and non-hazardous - total [HAZ_NHAZ],Disposal - incineration (D10) [DSP_I]
North Macedonia,2014,0,Hazardous and non-hazardous - total [HAZ_NHAZ],Disposal - incineration (D10) [DSP_I]
North Macedonia,2018,0,Hazardous and non-hazardous - total [HAZ_NHAZ],Disposal - incineration (D10) [DSP_I]
North Macedonia,2020,0,Hazardous and non-hazardous - total [HAZ_NHAZ],Disposal - incineration (D10) [DSP_I]
North Macedonia,2022,0,Hazardous and non-hazardous - total [HAZ_NHAZ],Disposal - incineration (D10) [DSP_I]
Albania,2014,0,Hazardous and non-hazardous - total [HAZ_NHAZ],Disposal - incineration (D10) [DSP_I]
Serbia,2010,0,Hazardous and non-hazardous - total [HAZ_NHAZ],Disposal - incineration (D10) [DSP_I]
Serbia,2012,0,Hazardous and non-hazardous - total [HAZ_NHAZ],Disposal - incineration (D10) [DSP_I]
Serbia,2014,0,Hazardous and non-hazardous - total [HAZ_NHAZ],Disposal - incineration (D10) [DSP_I]
Serbia,2016,0,Hazardous and non-hazardous - total [HAZ_NHAZ],Disposal - incineration (D10) [DSP_I]
Serbia,2018,0,Hazardous and non-hazardous - total [HAZ_NHAZ],Disposal - incineration (D10) [DSP_I]
Serbia,2020,0,Hazardous and non-hazardous - total [HAZ_NHAZ],Disposal - incineration (D10) [DSP_I]
Serbia,2022,0,Hazardous and non-hazardous - total [HAZ_NHAZ],Disposal - incineration (D10) [DSP_I]
Türkiye,2010,2,Hazardous and non-hazardous - total [HAZ_NHAZ],Disposal - incineration (D10) [DSP_I]
Türkiye,2012,91,Hazardous and non-hazardous - total [HAZ_NHAZ],Disposal - incineration (D10) [DSP_I]
Türkiye,2018,491,Hazardous and non-hazardous - total [HAZ_NHAZ],Disposal - incineration (D10) [DSP_I]
Türkiye,2022,978,Hazardous and non-hazardous - total [HAZ_NHAZ],Disposal - incineration (D10) [DSP_I]
Kosovo*,2016,0,Hazardous and non-hazardous - total [HAZ_NHAZ],Disposal - incineration (D10) [DSP_I]
Kosovo*,2020,5,Hazardous and non-hazardous - total [HAZ_NHAZ],Disposal - incineration (D10) [DSP_I]
Kosovo*,2022,0,Hazardous and non-hazardous - total [HAZ_NHAZ],Disposal - incineration (D10) [DSP_I]
European Union - 27 countries (from 2020),2010,10000,Hazardous and non-hazardous - total [HAZ_NHAZ],"Disposal - other (D2-D4, D6-D7) [DSP_OTH]"
European Union - 27 countries (from 2020),2012,200000,Hazardous and non-hazardous - total [HAZ_NHAZ],"Disposal - other (D2-D4, D6-D7) [DSP_OTH]"
European Union - 27 countries (from 2020),2014,40000,Hazardous and non-hazardous - total [HAZ_NHAZ],"Disposal - other (D2-D4, D6-D7) [DSP_OTH]"
European Union - 27 countries (from 2020),2016,10000,Hazardous and non-hazardous - total [HAZ_NHAZ],"Disposal - other (D2-D4, D6-D7) [DSP_OTH]"
European Union - 27 countries (from 2020),2018,10000,Hazardous and non-hazardous - total [HAZ_NHAZ],"Disposal - other (D2-D4, D6-D7) [DSP_OTH]"
European Union - 27 countries (from 2020),2020,0,Hazardous and non-hazardous - total [HAZ_NHAZ],"Disposal - other (D2-D4, D6-D7) [DSP_OTH]"
European Union - 27 countries (from 2020),2022,10000,Hazardous and non-hazardous - total [HAZ_NHAZ],"Disposal - other (D2-D4, D6-D7) [DSP_OTH]"
European Union - 28 countries (2013-2020),2010,10000,Hazardous and non-hazardous - total [HAZ_NHAZ],"Disposal - other (D2-D4, D6-D7) [DSP_OTH]"
European Union - 28 countries (2013-2020),2012,200000,Hazardous and non-hazardous - total [HAZ_NHAZ],"Disposal - other (D2-D4, D6-D7) [DSP_OTH]"
European Union - 28 countries (2013-2020),2014,40000,Hazardous and non-hazardous - total [HAZ_NHAZ],"Disposal - other (D2-D4, D6-D7) [DSP_OTH]"
European Union - 28 countries (2013-2020),2016,10000,Hazardous and non-hazardous - total [HAZ_NHAZ],"Disposal - other (D2-D4, D6-D7) [DSP_OTH]"
European Union - 28 countries (2013-2020),2018,10000,Hazardous and non-hazardous - total [HAZ_NHAZ],"Disposal - other (D2-D4, D6-D7) [DSP_OTH]"
Belgium,2010,0,Hazardous and non-hazardous - total [HAZ_NHAZ],"Disposal - other (D2-D4, D6-D7) [DSP_OTH]"
Belgium,2012,0,Hazardous and non-hazardous - total [HAZ_NHAZ],"Disposal - other (D2-D4, D6-D7) [DSP_OTH]"
Belgium,2014,0,Hazardous and non-hazardous - total [HAZ_NHAZ],"Disposal - other (D2-D4, D6-D7) [DSP_OTH]"
Belgium,2016,0,Hazardous and non-hazardous - total [HAZ_NHAZ],"Disposal - other (D2-D4, D6-D7) [DSP_OTH]"
Belgium,2018,0,Hazardous and non-hazardous - total [HAZ_NHAZ],"Disposal - other (D2-D4, D6-D7) [DSP_OTH]"
Belgium,2020,0,Hazardous and non-hazardous - total [HAZ_NHAZ],"Disposal - other (D2-D4, D6-D7) [DSP_OTH]"
Belgium,2022,0,Hazardous and non-hazardous - total [HAZ_NHAZ],"Disposal - other (D2-D4, D6-D7) [DSP_OTH]"
Bulgaria,2010,17,Hazardous and non-hazardous - total [HAZ_NHAZ],"Disposal - other (D2-D4, D6-D7) [DSP_OTH]"
Bulgaria,2012,0,Hazardous and non-hazardous - total [HAZ_NHAZ],"Disposal - other (D2-D4, D6-D7) [DSP_OTH]"
Bulgaria,2014,0,Hazardous and non-hazardous - total [HAZ_NHAZ],"Disposal - other (D2-D4, D6-D7) [DSP_OTH]"
Bulgaria,2016,0,Hazardous and non-hazardous - total [HAZ_NHAZ],"Disposal - other (D2-D4, D6-D7) [DSP_OTH]"
Bulgaria,2018,6,Hazardous and non-hazardous - total [HAZ_NHAZ],"Disposal - other (D2-D4, D6-D7) [DSP_OTH]"
Bulgaria,2020,0,Hazardous and non-hazardous - total [HAZ_NHAZ],"Disposal - other (D2-D4, D6-D7) [DSP_OTH]"
Bulgaria,2022,0,Hazardous and non-hazardous - total [HAZ_NHAZ],"Disposal - other (D2-D4, D6-D7) [DSP_OTH]"
Czechia,2010,0,Hazardous and non-hazardous - total [HAZ_NHAZ],"Disposal - other (D2-D4, D6-D7) [DSP_OTH]"
Czechia,2012,466,Hazardous and non-hazardous - total [HAZ_NHAZ],"Disposal - other (D2-D4, D6-D7) [DSP_OTH]"
Czechia,2014,0,Hazardous and non-hazardous - total [HAZ_NHAZ],"Disposal - other (D2-D4, D6-D7) [DSP_OTH]"
Czechia,2016,0,Hazardous and non-hazardous - total [HAZ_NHAZ],"Disposal - other (D2-D4, D6-D7) [DSP_OTH]"
Czechia,2018,0,Hazardous and non-hazardous - total [HAZ_NHAZ],"Disposal - other (D2-D4, D6-D7) [DSP_OTH]"
Czechia,2020,0,Hazardous and non-hazardous - total [HAZ_NHAZ],"Disposal - other (D2-D4, D6-D7) [DSP_OTH]"
Czechia,2022,0,Hazardous and non-hazardous - total [HAZ_NHAZ],"Disposal - other (D2-D4, D6-D7) [DSP_OTH]"
Denmark,2010,0,Hazardous and non-hazardous - total [HAZ_NHAZ],"Disposal - other (D2-D4, D6-D7) [DSP_OTH]"
Denmark,2012,0,Hazardous and non-hazardous - total [HAZ_NHAZ],"Disposal - other (D2-D4, D6-D7) [DSP_OTH]"
Denmark,2014,0,Hazardous and non-hazardous - total [HAZ_NHAZ],"Disposal - other (D2-D4, D6-D7) [DSP_OTH]"
Denmark,2016,0,Hazardous and non-hazardous - total [HAZ_NHAZ],"Disposal - other (D2-D4, D6-D7) [DSP_OTH]"
Denmark,2018,81,Hazardous and non-hazardous - total [HAZ_NHAZ],"Disposal - other (D2-D4, D6-D7) [DSP_OTH]"
Denmark,2020,0,Hazardous and non-hazardous - total [HAZ_NHAZ],"Disposal - other (D2-D4, D6-D7) [DSP_OTH]"
Denmark,2022,0,Hazardous and non-hazardous - total [HAZ_NHAZ],"Disposal - other (D2-D4, D6-D7) [DSP_OTH]"
Germany,2010,4792,Hazardous and non-hazardous - total [HAZ_NHAZ],"Disposal - other (D2-D4, D6-D7) [DSP_OTH]"
Germany,2012,4015,Hazardous and non-hazardous - total [HAZ_NHAZ],"Disposal - other (D2-D4, D6-D7) [DSP_OTH]"
Germany,2014,28825,Hazardous and non-hazardous - total [HAZ_NHAZ],"Disposal - other (D2-D4, D6-D7) [DSP_OTH]"
Germany,2016,6611,Hazardous and non-hazardous - total [HAZ_NHAZ],"Disposal - other (D2-D4, D6-D7) [DSP_OTH]"
Germany,2020,2242,Hazardous and non-hazardous - total [HAZ_NHAZ],"Disposal - other (D2-D4, D6-D7) [DSP_OTH]"
Germany,2022,5263,Hazardous and non-hazardous - total [HAZ_NHAZ],"Disposal - other (D2-D4, D6-D7) [DSP_OTH]"
Estonia,2010,0,Hazardous and non-hazardous - total [HAZ_NHAZ],"Disposal - other (D2-D4, D6-D7) [DSP_OTH]"
Estonia,2012,0,Hazardous and non-hazardous - total [HAZ_NHAZ],"Disposal - other (D2-D4, D6-D7) [DSP_OTH]"
Estonia,2014,0,Hazardous and non-hazardous - total [HAZ_NHAZ],"Disposal - other (D2-D4, D6-D7) [DSP_OTH]"
Estonia,2016,0,Hazardous and non-hazardous - total [HAZ_NHAZ],"Disposal - other (D2-D4, D6-D7) [DSP_OTH]"
Estonia,2018,0,Hazardous and non-hazardous - total [HAZ_NHAZ],"Disposal - other (D2-D4, D6-D7) [DSP_OTH]"
Estonia,2020,0,Hazardous and non-hazardous - total [HAZ_NHAZ],"Disposal - other (D2-D4, D6-D7) [DSP_OTH]"
Estonia,2022,0,Hazardous and non-hazardous - total [HAZ_NHAZ],"Disposal - other (D2-D4, D6-D7) [DSP_OTH]"
Ireland,2010,0,Hazardous and non-hazardous - total [HAZ_NHAZ],"Disposal - other (D2-D4, D6-D7) [DSP_OTH]"
Ireland,2012,0,Hazardous and non-hazardous - total [HAZ_NHAZ],"Disposal - other (D2-D4, D6-D7) [DSP_OTH]"
Ireland,2014,0,Hazardous and non-hazardous - total [HAZ_NHAZ],"Disposal - other (D2-D4, D6-D7) [DSP_OTH]"
Ireland,2016,0,Hazardous and non-hazardous - total [HAZ_NHAZ],"Disposal - other (D2-D4, D6-D7) [DSP_OTH]"
Ireland,2018,0,Hazardous and non-hazardous - total [HAZ_NHAZ],"Disposal - other (D2-D4, D6-D7) [DSP_OTH]"
Ireland,2020,0,Hazardous and non-hazardous - total [HAZ_NHAZ],"Disposal - other (D2-D4, D6-D7) [DSP_OTH]"
Ireland,2022,0,Hazardous and non-hazardous - total [HAZ_NHAZ],"Disposal - other (D2-D4, D6-D7) [DSP_OTH]"
Greece,2010,0,Hazardous and non-hazardous - total [HAZ_NHAZ],"Disposal - other (D2-D4, D6-D7) [DSP_OTH]"
Greece,2012,0,Hazardous and non-hazardous - total [HAZ_NHAZ],"Disposal - other (D2-D4, D6-D7) [DSP_OTH]"
Greece,2014,0,Hazardous and non-hazardous - total [HAZ_NHAZ],"Disposal - other (D2-D4, D6-D7) [DSP_OTH]"
Greece,2016,0,Hazardous and non-hazardous - total [HAZ_NHAZ],"Disposal - other (D2-D4, D6-D7) [DSP_OTH]"
Greece,2018,0,Hazardous and non-hazardous - total [HAZ_NHAZ],"Disposal - other (D2-D4, D6-D7) [DSP_OTH]"
Greece,2020,0,Hazardous and non-hazardous - total [HAZ_NHAZ],"Disposal - other (D2-D4, D6-D7) [DSP_OTH]"
Greece,2022,0,Hazardous and non-hazardous - total [HAZ_NHAZ],"Disposal - other (D2-D4, D6-D7) [DSP_OTH]"
Spain,2010,0,Hazardous and non-hazardous - total [HAZ_NHAZ],"Disposal - other (D2-D4, D6-D7) [DSP_OTH]"
Spain,2012,200028,Hazardous and non-hazardous - total [HAZ_NHAZ],"Disposal - other (D2-D4, D6-D7) [DSP_OTH]"
Spain,2014,0,Hazardous and non-hazardous - total [HAZ_NHAZ],"Disposal - other (D2-D4, D6-D7) [DSP_OTH]"
Spain,2016,0,Hazardous and non-hazardous - total [HAZ_NHAZ],"Disposal - other (D2-D4, D6-D7) [DSP_OTH]"
Spain,2018,0,Hazardous and non-hazardous - total [HAZ_NHAZ],"Disposal - other (D2-D4, D6-D7) [DSP_OTH]"
Spain,2020,0,Hazardous and non-hazardous - total [HAZ_NHAZ],"Disposal - other (D2-D4, D6-D7) [DSP_OTH]"
Spain,2022,0,Hazardous and non-hazardous - total [HAZ_NHAZ],"Disposal - other (D2-D4, D6-D7) [DSP_OTH]"
France,2010,0,Hazardous and non-hazardous - total [HAZ_NHAZ],"Disposal - other (D2-D4, D6-D7) [DSP_OTH]"
France,2012,0,Hazardous and non-hazardous - total [HAZ_NHAZ],"Disposal - other (D2-D4, D6-D7) [DSP_OTH]"
France,2014,0,Hazardous and non-hazardous - total [HAZ_NHAZ],"Disposal - other (D2-D4, D6-D7) [DSP_OTH]"
France,2016,0,Hazardous and non-hazardous - total [HAZ_NHAZ],"Disposal - other (D2-D4, D6-D7) [DSP_OTH]"
France,2018,0,Hazardous and non-hazardous - total [HAZ_NHAZ],"Disposal - other (D2-D4, D6-D7) [DSP_OTH]"
France,2020,0,Hazardous and non-hazardous - total [HAZ_NHAZ],"Disposal - other (D2-D4, D6-D7) [DSP_OTH]"
France,2022,0,Hazardous and non-hazardous - total [HAZ_NHAZ],"Disposal - other (D2-D4, D6-D7) [DSP_OTH]"
Croatia,2010,0,Hazardous and non-hazardous - total [HAZ_NHAZ],"Disposal - other (D2-D4, D6-D7) [DSP_OTH]"
Croatia,2012,0,Hazardous and non-hazardous - total [HAZ_NHAZ],"Disposal - other (D2-D4, D6-D7) [DSP_OTH]"
Croatia,2014,0,Hazardous and non-hazardous - total [HAZ_NHAZ],"Disposal - other (D2-D4, D6-D7) [DSP_OTH]"
Croatia,2016,0,Hazardous and non-hazardous - total [HAZ_NHAZ],"Disposal - other (D2-D4, D6-D7) [DSP_OTH]"
Croatia,2018,0,Hazardous and non-hazardous - total [HAZ_NHAZ],"Disposal - other (D2-D4, D6-D7) [DSP_OTH]"
Croatia,2020,0,Hazardous and non-hazardous - total [HAZ_NHAZ],"Disposal - other (D2-D4, D6-D7) [DSP_OTH]"
Croatia,2022,0,Hazardous and non-hazardous - total [HAZ_NHAZ],"Disposal - other (D2-D4, D6-D7) [DSP_OTH]"
Italy,2010,0,Hazardous and non-hazardous - total [HAZ_NHAZ],"Disposal - other (D2-D4, D6-D7) [DSP_OTH]"
Italy,2012,375,Hazardous and non-hazardous - total [HAZ_NHAZ],"Disposal - other (D2-D4, D6-D7) [DSP_OTH]"
Italy,2014,0,Hazardous and non-hazardous - total [HAZ_NHAZ],"Disposal - other (D2-D4, D6-D7) [DSP_OTH]"
Italy,2016,0,Hazardous and non-hazardous - total [HAZ_NHAZ],"Disposal - other (D2-D4, D6-D7) [DSP_OTH]"
Italy,2018,0,Hazardous and non-hazardous - total [HAZ_NHAZ],"Disposal - other (D2-D4, D6-D7) [DSP_OTH]"
Italy,2020,0,Hazardous and non-hazardous - total [HAZ_NHAZ],"Disposal - other (D2-D4, D6-D7) [DSP_OTH]"
Italy,2022,0,Hazardous and non-hazardous - total [HAZ_NHAZ],"Disposal - other (D2-D4, D6-D7) [DSP_OTH]"
Cyprus,2010,0,Hazardous and non-hazardous - total [HAZ_NHAZ],"Disposal - other (D2-D4, D6-D7) [DSP_OTH]"
Cyprus,2012,0,Hazardous and non-hazardous - total [HAZ_NHAZ],"Disposal - other (D2-D4, D6-D7) [DSP_OTH]"
Cyprus,2014,0,Hazardous and non-hazardous - total [HAZ_NHAZ],"Disposal - other (D2-D4, D6-D7) [DSP_OTH]"
Cyprus,2016,0,Hazardous and non-hazardous - total [HAZ_NHAZ],"Disposal - other (D2-D4, D6-D7) [DSP_OTH]"
Cyprus,2018,0,Hazardous and non-hazardous - total [HAZ_NHAZ],"Disposal - other (D2-D4, D6-D7) [DSP_OTH]"
Cyprus,2020,0,Hazardous and non-hazardous - total [HAZ_NHAZ],"Disposal - other (D2-D4, D6-D7) [DSP_OTH]"
Cyprus,2022,0,Hazardous and non-hazardous - total [HAZ_NHAZ],"Disposal - other (D2-D4, D6-D7) [DSP_OTH]"
Latvia,2010,0,Hazardous and non-hazardous - total [HAZ_NHAZ],"Disposal - other (D2-D4, D6-D7) [DSP_OTH]"
Latvia,2012,0,Hazardous and non-hazardous - total [HAZ_NHAZ],"Disposal - other (D2-D4, D6-D7) [DSP_OTH]"
Latvia,2014,0,Hazardous and non-hazardous - total [HAZ_NHAZ],"Disposal - other (D2-D4, D6-D7) [DSP_OTH]"
Latvia,2016,0,Hazardous and non-hazardous - total [HAZ_NHAZ],"Disposal - other (D2-D4, D6-D7) [DSP_OTH]"
Latvia,2018,0,Hazardous and non-hazardous - total [HAZ_NHAZ],"Disposal - other (D2-D4, D6-D7) [DSP_OTH]"
Latvia,2020,0,Hazardous and non-hazardous - total [HAZ_NHAZ],"Disposal - other (D2-D4, D6-D7) [DSP_OTH]"
Latvia,2022,0,Hazardous and non-hazardous - total [HAZ_NHAZ],"Disposal - other (D2-D4, D6-D7) [DSP_OTH]"
Lithuania,2010,0,Hazardous and non-hazardous - total [HAZ_NHAZ],"Disposal - other (D2-D4, D6-D7) [DSP_OTH]"
Lithuania,2012,0,Hazardous and non-hazardous - total [HAZ_NHAZ],"Disposal - other (D2-D4, D6-D7) [DSP_OTH]"
Lithuania,2014,0,Hazardous and non-hazardous - total [HAZ_NHAZ],"Disposal - other (D2-D4, D6-D7) [DSP_OTH]"
Lithuania,2016,0,Hazardous and non-hazardous - total [HAZ_NHAZ],"Disposal - other (D2-D4, D6-D7) [DSP_OTH]"
Lithuania,2018,0,Hazardous and non-hazardous - total [HAZ_NHAZ],"Disposal - other (D2-D4, D6-D7) [DSP_OTH]"
Lithuania,2020,0,Hazardous and non-hazardous - total [HAZ_NHAZ],"Disposal - other (D2-D4, D6-D7) [DSP_OTH]"
Lithuania,2022,0,Hazardous and non-hazardous - total [HAZ_NHAZ],"Disposal - other (D2-D4, D6-D7) [DSP_OTH]"
Luxembourg,2010,0,Hazardous and non-hazardous - total [HAZ_NHAZ],"Disposal - other (D2-D4, D6-D7) [DSP_OTH]"
Luxembourg,2012,0,Hazardous and non-hazardous - total [HAZ_NHAZ],"Disposal - other (D2-D4, D6-D7) [DSP_OTH]"
Luxembourg,2014,0,Hazardous and non-hazardous - total [HAZ_NHAZ],"Disposal - other (D2-D4, D6-D7) [DSP_OTH]"
Luxembourg,2016,0,Hazardous and non-hazardous - total [HAZ_NHAZ],"Disposal - other (D2-D4, D6-D7) [DSP_OTH]"
Luxembourg,2018,0,Hazardous and non-hazardous - total [HAZ_NHAZ],"Disposal - other (D2-D4, D6-D7) [DSP_OTH]"
Luxembourg,2020,0,Hazardous and non-hazardous - total [HAZ_NHAZ],"Disposal - other (D2-D4, D6-D7) [DSP_OTH]"
Luxembourg,2022,0,Hazardous and non-hazardous - total [HAZ_NHAZ],"Disposal - other (D2-D4, D6-D7) [DSP_OTH]"
Hungary,2010,0,Hazardous and non-hazardous - total [HAZ_NHAZ],"Disposal - other (D2-D4, D6-D7) [DSP_OTH]"
Hungary,2012,0,Hazardous and non-hazardous - total [HAZ_NHAZ],"Disposal - other (D2-D4, D6-D7) [DSP_OTH]"
Hungary,2014,0,Hazardous and non-hazardous - total [HAZ_NHAZ],"Disposal - other (D2-D4, D6-D7) [DSP_OTH]"
Hungary,2016,0,Hazardous and non-hazardous - total [HAZ_NHAZ],"Disposal - other (D2-D4, D6-D7) [DSP_OTH]"
Hungary,2018,0,Hazardous and non-hazardous - total [HAZ_NHAZ],"Disposal - other (D2-D4, D6-D7) [DSP_OTH]"
Hungary,2020,0,Hazardous and non-hazardous - total [HAZ_NHAZ],"Disposal - other (D2-D4, D6-D7) [DSP_OTH]"
Hungary,2022,0,Hazardous and non-hazardous - total [HAZ_NHAZ],"Disposal - other (D2-D4, D6-D7) [DSP_OTH]"
Malta,2010,0,Hazardous and non-hazardous - total [HAZ_NHAZ],"Disposal - other (D2-D4, D6-D7) [DSP_OTH]"
Malta,2012,0,Hazardous and non-hazardous - total [HAZ_NHAZ],"Disposal - other (D2-D4, D6-D7) [DSP_OTH]"
Malta,2014,0,Hazardous and non-hazardous - total [HAZ_NHAZ],"Disposal - other (D2-D4, D6-D7) [DSP_OTH]"
Malta,2016,0,Hazardous and non-hazardous - total [HAZ_NHAZ],"Disposal - other (D2-D4, D6-D7) [DSP_OTH]"
Malta,2018,0,Hazardous and non-hazardous - total [HAZ_NHAZ],"Disposal - other (D2-D4, D6-D7) [DSP_OTH]"
Malta,2020,0,Hazardous and non-hazardous - total [HAZ_NHAZ],"Disposal - other (D2-D4, D6-D7) [DSP_OTH]"
Malta,2022,0,Hazardous and non-hazardous - total [HAZ_NHAZ],"Disposal - other (D2-D4, D6-D7) [DSP_OTH]"
Netherlands,2010,13,Hazardous and non-hazardous - total [HAZ_NHAZ],"Disposal - other (D2-D4, D6-D7) [DSP_OTH]"
Netherlands,2012,0,Hazardous and non-hazardous - total [HAZ_NHAZ],"Disposal - other (D2-D4, D6-D7) [DSP_OTH]"
Netherlands,2014,0,Hazardous and non-hazardous - total [HAZ_NHAZ],"Disposal - other (D2-D4, D6-D7) [DSP_OTH]"
Netherlands,2016,18,Hazardous and non-hazardous - total [HAZ_NHAZ],"Disposal - other (D2-D4, D6-D7) [DSP_OTH]"
Netherlands,2018,26,Hazardous and non-hazardous - total [HAZ_NHAZ],"Disposal - other (D2-D4, D6-D7) [DSP_OTH]"
Netherlands,2020,0,Hazardous and non-hazardous - total [HAZ_NHAZ],"Disposal - other (D2-D4, D6-D7) [DSP_OTH]"
Netherlands,2022,4,Hazardous and non-hazardous - total [HAZ_NHAZ],"Disposal - other (D2-D4, D6-D7) [DSP_OTH]"
Austria,2010,0,Hazardous and non-hazardous - total [HAZ_NHAZ],"Disposal - other (D2-D4, D6-D7) [DSP_OTH]"
Austria,2012,0,Hazardous and non-hazardous - total [HAZ_NHAZ],"Disposal - other (D2-D4, D6-D7) [DSP_OTH]"
Austria,2014,0,Hazardous and non-hazardous - total [HAZ_NHAZ],"Disposal - other (D2-D4, D6-D7) [DSP_OTH]"
Austria,2016,0,Hazardous and non-hazardous - total [HAZ_NHAZ],"Disposal - other (D2-D4, D6-D7) [DSP_OTH]"
Austria,2018,0,Hazardous and non-hazardous - total [HAZ_NHAZ],"Disposal - other (D2-D4, D6-D7) [DSP_OTH]"
Austria,2020,0,Hazardous and non-hazardous - total [HAZ_NHAZ],"Disposal - other (D2-D4, D6-D7) [DSP_OTH]"
Austria,2022,0,Hazardous and non-hazardous - total [HAZ_NHAZ],"Disposal - other (D2-D4, D6-D7) [DSP_OTH]"
Poland,2010,0,Hazardous and non-hazardous - total [HAZ_NHAZ],"Disposal - other (D2-D4, D6-D7) [DSP_OTH]"
Poland,2012,0,Hazardous and non-hazardous - total [HAZ_NHAZ],"Disposal - other (D2-D4, D6-D7) [DSP_OTH]"
Poland,2014,0,Hazardous and non-hazardous - total [HAZ_NHAZ],"Disposal - other (D2-D4, D6-D7) [DSP_OTH]"
Poland,2016,0,Hazardous and non-hazardous - total [HAZ_NHAZ],"Disposal - other (D2-D4, D6-D7) [DSP_OTH]"
Poland,2018,0,Hazardous and non-hazardous - total [HAZ_NHAZ],"Disposal - other (D2-D4, D6-D7) [DSP_OTH]"
Poland,2020,0,Hazardous and non-hazardous - total [HAZ_NHAZ],"Disposal - other (D2-D4, D6-D7) [DSP_OTH]"
Poland,2022,0,Hazardous and non-hazardous - total [HAZ_NHAZ],"Disposal - other (D2-D4, D6-D7) [DSP_OTH]"
Portugal,2010,0,Hazardous and non-hazardous - total [HAZ_NHAZ],"Disposal - other (D2-D4, D6-D7) [DSP_OTH]"
Portugal,2012,0,Hazardous and non-hazardous - total [HAZ_NHAZ],"Disposal - other (D2-D4, D6-D7) [DSP_OTH]"
Portugal,2014,0,Hazardous and non-hazardous - total [HAZ_NHAZ],"Disposal - other (D2-D4, D6-D7) [DSP_OTH]"
Portugal,2016,0,Hazardous and non-hazardous - total [HAZ_NHAZ],"Disposal - other (D2-D4, D6-D7) [DSP_OTH]"
Portugal,2018,0,Hazardous and non-hazardous - total [HAZ_NHAZ],"Disposal - other (D2-D4, D6-D7) [DSP_OTH]"
Portugal,2020,0,Hazardous and non-hazardous - total [HAZ_NHAZ],"Disposal - other (D2-D4, D6-D7) [DSP_OTH]"
Portugal,2022,0,Hazardous and non-hazardous - total [HAZ_NHAZ],"Disposal - other (D2-D4, D6-D7) [DSP_OTH]"
Romania,2010,24,Hazardous and non-hazardous - total [HAZ_NHAZ],"Disposal - other (D2-D4, D6-D7) [DSP_OTH]"
Romania,2012,0,Hazardous and non-hazardous - total [HAZ_NHAZ],"Disposal - other (D2-D4, D6-D7) [DSP_OTH]"
Romania,2014,0,Hazardous and non-hazardous - total [HAZ_NHAZ],"Disposal - other (D2-D4, D6-D7) [DSP_OTH]"
Romania,2016,0,Hazardous and non-hazardous - total [HAZ_NHAZ],"Disposal - other (D2-D4, D6-D7) [DSP_OTH]"
Romania,2018,0,Hazardous and non-hazardous - total [HAZ_NHAZ],"Disposal - other (D2-D4, D6-D7) [DSP_OTH]"
Romania,2020,0,Hazardous and non-hazardous - total [HAZ_NHAZ],"Disposal - other (D2-D4, D6-D7) [DSP_OTH]"
Romania,2022,0,Hazardous and non-hazardous - total [HAZ_NHAZ],"Disposal - other (D2-D4, D6-D7) [DSP_OTH]"
Slovenia,2010,0,Hazardous and non-hazardous - total [HAZ_NHAZ],"Disposal - other (D2-D4, D6-D7) [DSP_OTH]"
Slovenia,2012,0,Hazardous and non-hazardous - total [HAZ_NHAZ],"Disposal - other (D2-D4, D6-D7) [DSP_OTH]"
Slovenia,2014,0,Hazardous and non-hazardous - total [HAZ_NHAZ],"Disposal - other (D2-D4, D6-D7) [DSP_OTH]"
Slovenia,2016,0,Hazardous and non-hazardous - total [HAZ_NHAZ],"Disposal - other (D2-D4, D6-D7) [DSP_OTH]"
Slovenia,2018,0,Hazardous and non-hazardous - total [HAZ_NHAZ],"Disposal - other (D2-D4, D6-D7) [DSP_OTH]"
Slovenia,2020,0,Hazardous and non-hazardous - total [HAZ_NHAZ],"Disposal - other (D2-D4, D6-D7) [DSP_OTH]"
Slovenia,2022,0,Hazardous and non-hazardous - total [HAZ_NHAZ],"Disposal - other (D2-D4, D6-D7) [DSP_OTH]"
Slovakia,2010,8739,Hazardous and non-hazardous - total [HAZ_NHAZ],"Disposal - other (D2-D4, D6-D7) [DSP_OTH]"
Slovakia,2012,67,Hazardous and non-hazardous - total [HAZ_NHAZ],"Disposal - other (D2-D4, D6-D7) [DSP_OTH]"
Slovakia,2014,10707,Hazardous and non-hazardous - total [HAZ_NHAZ],"Disposal - other (D2-D4, D6-D7) [DSP_OTH]"
Slovakia,2016,111,Hazardous and non-hazardous - total [HAZ_NHAZ],"Disposal - other (D2-D4, D6-D7) [DSP_OTH]"
Slovakia,2018,214,Hazardous and non-hazardous - total [HAZ_NHAZ],"Disposal - other (D2-D4, D6-D7) [DSP_OTH]"
Slovakia,2020,0,Hazardous and non-hazardous - total [HAZ_NHAZ],"Disposal - other (D2-D4, D6-D7) [DSP_OTH]"
Slovakia,2022,6586,Hazardous and non-hazardous - total [HAZ_NHAZ],"Disposal - other (D2-D4, D6-D7) [DSP_OTH]"
Finland,2010,0,Hazardous and non-hazardous - total [HAZ_NHAZ],"Disposal - other (D2-D4, D6-D7) [DSP_OTH]"
Finland,2012,0,Hazardous and non-hazardous - total [HAZ_NHAZ],"Disposal - other (D2-D4, D6-D7) [DSP_OTH]"
Finland,2014,0,Hazardous and non-hazardous - total [HAZ_NHAZ],"Disposal - other (D2-D4, D6-D7) [DSP_OTH]"
Finland,2016,0,Hazardous and non-hazardous - total [HAZ_NHAZ],"Disposal - other (D2-D4, D6-D7) [DSP_OTH]"
Finland,2018,0,Hazardous and non-hazardous - total [HAZ_NHAZ],"Disposal - other (D2-D4, D6-D7) [DSP_OTH]"
Finland,2020,0,Hazardous and non-hazardous - total [HAZ_NHAZ],"Disposal - other (D2-D4, D6-D7) [DSP_OTH]"
Finland,2022,0,Hazardous and non-hazardous - total [HAZ_NHAZ],"Disposal - other (D2-D4, D6-D7) [DSP_OTH]"
Sweden,2010,0,Hazardous and non-hazardous - total [HAZ_NHAZ],"Disposal - other (D2-D4, D6-D7) [DSP_OTH]"
Sweden,2012,0,Hazardous and non-hazardous - total [HAZ_NHAZ],"Disposal - other (D2-D4, D6-D7) [DSP_OTH]"
Sweden,2014,0,Hazardous and non-hazardous - total [HAZ_NHAZ],"Disposal - other (D2-D4, D6-D7) [DSP_OTH]"
Sweden,2016,0,Hazardous and non-hazardous - total [HAZ_NHAZ],"Disposal - other (D2-D4, D6-D7) [DSP_OTH]"
Sweden,2018,0,Hazardous and non-hazardous - total [HAZ_NHAZ],"Disposal - other (D2-D4, D6-D7) [DSP_OTH]"
Sweden,2020,0,Hazardous and non-hazardous - total [HAZ_NHAZ],"Disposal - other (D2-D4, D6-D7) [DSP_OTH]"
Sweden,2022,0,Hazardous and non-hazardous - total [HAZ_NHAZ],"Disposal - other (D2-D4, D6-D7) [DSP_OTH]"
Iceland,2010,0,Hazardous and non-hazardous - total [HAZ_NHAZ],"Disposal - other (D2-D4, D6-D7) [DSP_OTH]"
Iceland,2012,0,Hazardous and non-hazardous - total [HAZ_NHAZ],"Disposal - other (D2-D4, D6-D7) [DSP_OTH]"
Iceland,2014,0,Hazardous and non-hazardous - total [HAZ_NHAZ],"Disposal - other (D2-D4, D6-D7) [DSP_OTH]"
Iceland,2016,0,Hazardous and non-hazardous - total [HAZ_NHAZ],"Disposal - other (D2-D4, D6-D7) [DSP_OTH]"
Iceland,2018,6674,Hazardous and non-hazardous - total [HAZ_NHAZ],"Disposal - other (D2-D4, D6-D7) [DSP_OTH]"
Iceland,2020,0,Hazardous and non-hazardous - total [HAZ_NHAZ],"Disposal - other (D2-D4, D6-D7) [DSP_OTH]"
Iceland,2022,0,Hazardous and non-hazardous - total [HAZ_NHAZ],"Disposal - other (D2-D4, D6-D7) [DSP_OTH]"
Norway,2010,0,Hazardous and non-hazardous - total [HAZ_NHAZ],"Disposal - other (D2-D4, D6-D7) [DSP_OTH]"
Norway,2012,0,Hazardous and non-hazardous - total [HAZ_NHAZ],"Disposal - other (D2-D4, D6-D7) [DSP_OTH]"
Norway,2014,17394,Hazardous and non-hazardous - total [HAZ_NHAZ],"Disposal - other (D2-D4, D6-D7) [DSP_OTH]"
Norway,2016,0,Hazardous and non-hazardous - total [HAZ_NHAZ],"Disposal - other (D2-D4, D6-D7) [DSP_OTH]"
Norway,2018,0,Hazardous and non-hazardous - total [HAZ_NHAZ],"Disposal - other (D2-D4, D6-D7) [DSP_OTH]"
Norway,2020,168790,Hazardous and non-hazardous - total [HAZ_NHAZ],"Disposal - other (D2-D4, D6-D7) [DSP_OTH]"
Norway,2022,180711,Hazardous and non-hazardous - total [HAZ_NHAZ],"Disposal - other (D2-D4, D6-D7) [DSP_OTH]"
United Kingdom,2010,0,Hazardous and non-hazardous - total [HAZ_NHAZ],"Disposal - other (D2-D4, D6-D7) [DSP_OTH]"
United Kingdom,2012,0,Hazardous and non-hazardous - total [HAZ_NHAZ],"Disposal - other (D2-D4, D6-D7) [DSP_OTH]"
United Kingdom,2014,0,Hazardous and non-hazardous - total [HAZ_NHAZ],"Disposal - other (D2-D4, D6-D7) [DSP_OTH]"
United Kingdom,2016,0,Hazardous and non-hazardous - total [HAZ_NHAZ],"Disposal - other (D2-D4, D6-D7) [DSP_OTH]"
United Kingdom,2018,0,Hazardous and non-hazardous - total [HAZ_NHAZ],"Disposal - other (D2-D4, D6-D7) [DSP_OTH]"
Bosnia and Herzegovina,2022,0,Hazardous and non-hazardous - total [HAZ_NHAZ],"Disposal - other (D2-D4, D6-D7) [DSP_OTH]"
Montenegro,2012,0,Hazardous and non-hazardous - total [HAZ_NHAZ],"Disposal - other (D2-D4, D6-D7) [DSP_OTH]"
Montenegro,2014,108,Hazardous and non-hazardous - total [HAZ_NHAZ],"Disposal - other (D2-D4, D6-D7) [DSP_OTH]"
Montenegro,2016,0,Hazardous and non-hazardous - total [HAZ_NHAZ],"Disposal - other (D2-D4, D6-D7) [DSP_OTH]"
Montenegro,2018,0,Hazardous and non-hazardous - total [HAZ_NHAZ],"Disposal - other (D2-D4, D6-D7) [DSP_OTH]"
Montenegro,2020,0,Hazardous and non-hazardous - total [HAZ_NHAZ],"Disposal - other (D2-D4, D6-D7) [DSP_OTH]"
Montenegro,2022,0,Hazardous and non-hazardous - total [HAZ_NHAZ],"Disposal - other (D2-D4, D6-D7) [DSP_OTH]"
North Macedonia,2010,0,Hazardous and non-hazardous - total [HAZ_NHAZ],"Disposal - other (D2-D4, D6-D7) [DSP_OTH]"
North Macedonia,2012,0,Hazardous and non-hazardous - total [HAZ_NHAZ],"Disposal - other (D2-D4, D6-D7) [DSP_OTH]"
North Macedonia,2014,0,Hazardous and non-hazardous - total [HAZ_NHAZ],"Disposal - other (D2-D4, D6-D7) [DSP_OTH]"
North Macedonia,2018,0,Hazardous and non-hazardous - total [HAZ_NHAZ],"Disposal - other (D2-D4, D6-D7) [DSP_OTH]"
North Macedonia,2020,4084,Hazardous and non-hazardous - total [HAZ_NHAZ],"Disposal - other (D2-D4, D6-D7) [DSP_OTH]"
North Macedonia,2022,0,Hazardous and non-hazardous - total [HAZ_NHAZ],"Disposal - other (D2-D4, D6-D7) [DSP_OTH]"
Albania,2014,0,Hazardous and non-hazardous - total [HAZ_NHAZ],"Disposal - other (D2-D4, D6-D7) [DSP_OTH]"
Serbia,2010,0,Hazardous and non-hazardous - total [HAZ_NHAZ],"Disposal - other (D2-D4, D6-D7) [DSP_OTH]"
Serbia,2012,8,Hazardous and non-hazardous - total [HAZ_NHAZ],"Disposal - other (D2-D4, D6-D7) [DSP_OTH]"
Serbia,2014,0,Hazardous and non-hazardous - total [HAZ_NHAZ],"Disposal - other (D2-D4, D6-D7) [DSP_OTH]"
Serbia,2016,0,Hazardous and non-hazardous - total [HAZ_NHAZ],"Disposal - other (D2-D4, D6-D7) [DSP_OTH]"
Serbia,2018,0,Hazardous and non-hazardous - total [HAZ_NHAZ],"Disposal - other (D2-D4, D6-D7) [DSP_OTH]"
Serbia,2020,0,Hazardous and non-hazardous - total [HAZ_NHAZ],"Disposal - other (D2-D4, D6-D7) [DSP_OTH]"
Serbia,2022,0,Hazardous and non-hazardous - total [HAZ_NHAZ],"Disposal - other (D2-D4, D6-D7) [DSP_OTH]"
Türkiye,2010,0,Hazardous and non-hazardous - total [HAZ_NHAZ],"Disposal - other (D2-D4, D6-D7) [DSP_OTH]"
Türkiye,2012,0,Hazardous and non-hazardous - total [HAZ_NHAZ],"Disposal - other (D2-D4, D6-D7) [DSP_OTH]"
Türkiye,2018,0,Hazardous and non-hazardous - total [HAZ_NHAZ],"Disposal - other (D2-D4, D6-D7) [DSP_OTH]"
Türkiye,2020,0,Hazardous and non-hazardous - total [HAZ_NHAZ],"Disposal - other (D2-D4, D6-D7) [DSP_OTH]"
Kosovo*,2016,0,Hazardous and non-hazardous - total [HAZ_NHAZ],"Disposal - other (D2-D4, D6-D7) [DSP_OTH]"
Kosovo*,2020,0,Hazardous and non-hazardous - total [HAZ_NHAZ],"Disposal - other (D2-D4, D6-D7) [DSP_OTH]"
Kosovo*,2022,0,Hazardous and non-hazardous - total [HAZ_NHAZ],"Disposal - other (D2-D4, D6-D7) [DSP_OTH]"
European Union - 27 countries (from 2020),2010,960000,Hazardous and non-hazardous - total [HAZ_NHAZ],Recovery - energy recovery (R1) [RCV_E]
European Union - 27 countries (from 2020),2012,1210000,Hazardous and non-hazardous - total [HAZ_NHAZ],Recovery - energy recovery (R1) [RCV_E]
European Union - 27 countries (from 2020),2014,1320000,Hazardous and non-hazardous - total [HAZ_NHAZ],Recovery - energy recovery (R1) [RCV_E]
European Union - 27 countries (from 2020),2016,1760000,Hazardous and non-hazardous - total [HAZ_NHAZ],Recovery - energy recovery (R1) [RCV_E]
European Union - 27 countries (from 2020),2018,1380000,Hazardous and non-hazardous - total [HAZ_NHAZ],Recovery - energy recovery (R1) [RCV_E]
European Union - 27 countries (from 2020),2020,1760000,Hazardous and non-hazardous - total [HAZ_NHAZ],Recovery - energy recovery (R1) [RCV_E]
European Union - 27 countries (from 2020),2022,1480000,Hazardous and non-hazardous - total [HAZ_NHAZ],Recovery - energy recovery (R1) [RCV_E]
European Union - 28 countries (2013-2020),2010,960000,Hazardous and non-hazardous - total [HAZ_NHAZ],Recovery - energy recovery (R1) [RCV_E]
European Union - 28 countries (2013-2020),2012,1210000,Hazardous and non-hazardous - total [HAZ_NHAZ],Recovery - energy recovery (R1) [RCV_E]
European Union - 28 countries (2013-2020),2014,1320000,Hazardous and non-hazardous - total [HAZ_NHAZ],Recovery - energy recovery (R1) [RCV_E]
European Union - 28 countries (2013-2020),2016,1760000,Hazardous and non-hazardous - total [HAZ_NHAZ],Recovery - energy recovery (R1) [RCV_E]
European Union - 28 countries (2013-2020),2018,1380000,Hazardous and non-hazardous - total [HAZ_NHAZ],Recovery - energy recovery (R1) [RCV_E]
Belgium,2010,4732,Hazardous and non-hazardous - total [HAZ_NHAZ],Recovery - energy recovery (R1) [RCV_E]
Belgium,2012,30646,Hazardous and non-hazardous - total [HAZ_NHAZ],Recovery - energy recovery (R1) [RCV_E]
Belgium,2014,0,Hazardous and non-hazardous - total [HAZ_NHAZ],Recovery - energy recovery (R1) [RCV_E]
Belgium,2016,6,Hazardous and non-hazardous - total [HAZ_NHAZ],Recovery - energy recovery (R1) [RCV_E]
Belgium,2018,170,Hazardous and non-hazardous - total [HAZ_NHAZ],Recovery - energy recovery (R1) [RCV_E]
Belgium,2020,31182,Hazardous and non-hazardous - total [HAZ_NHAZ],Recovery - energy recovery (R1) [RCV_E]
Belgium,2022,15505,Hazardous and non-hazardous - total [HAZ_NHAZ],Recovery - energy recovery (R1) [RCV_E]
Bulgaria,2010,0,Hazardous and non-hazardous - total [HAZ_NHAZ],Recovery - energy recovery (R1) [RCV_E]
Bulgaria,2012,0,Hazardous and non-hazardous - total [HAZ_NHAZ],Recovery - energy recovery (R1) [RCV_E]
Bulgaria,2014,0,Hazardous and non-hazardous - total [HAZ_NHAZ],Recovery - energy recovery (R1) [RCV_E]
Bulgaria,2016,0,Hazardous and non-hazardous - total [HAZ_NHAZ],Recovery - energy recovery (R1) [RCV_E]
Bulgaria,2018,0,Hazardous and non-hazardous - total [HAZ_NHAZ],Recovery - energy recovery (R1) [RCV_E]
Bulgaria,2020,0,Hazardous and non-hazardous - total [HAZ_NHAZ],Recovery - energy recovery (R1) [RCV_E]
Bulgaria,2022,0,Hazardous and non-hazardous - total [HAZ_NHAZ],Recovery - energy recovery (R1) [RCV_E]
Czechia,2010,1535,Hazardous and non-hazardous - total [HAZ_NHAZ],Recovery - energy recovery (R1) [RCV_E]
Czechia,2012,281,Hazardous and non-hazardous - total [HAZ_NHAZ],Recovery - energy recovery (R1) [RCV_E]
Czechia,2014,329,Hazardous and non-hazardous - total [HAZ_NHAZ],Recovery - energy recovery (R1) [RCV_E]
Czechia,2016,1420,Hazardous and non-hazardous - total [HAZ_NHAZ],Recovery - energy recovery (R1) [RCV_E]
Czechia,2020,709,Hazardous and non-hazardous - total [HAZ_NHAZ],Recovery - energy recovery (R1) [RCV_E]
Czechia,2022,10492,Hazardous and non-hazardous - total [HAZ_NHAZ],Recovery - energy recovery (R1) [RCV_E]
Denmark,2010,223842,Hazardous and non-hazardous - total [HAZ_NHAZ],Recovery - energy recovery (R1) [RCV_E]
Denmark,2012,134198,Hazardous and non-hazardous - total [HAZ_NHAZ],Recovery - energy recovery (R1) [RCV_E]
Denmark,2014,147370,Hazardous and non-hazardous - total [HAZ_NHAZ],Recovery - energy recovery (R1) [RCV_E]
Denmark,2016,233525,Hazardous and non-hazardous - total [HAZ_NHAZ],Recovery - energy recovery (R1) [RCV_E]
Denmark,2018,113224,Hazardous and non-hazardous - total [HAZ_NHAZ],Recovery - energy recovery (R1) [RCV_E]
Denmark,2020,129410,Hazardous and non-hazardous - total [HAZ_NHAZ],Recovery - energy recovery (R1) [RCV_E]
Denmark,2022,141071,Hazardous and non-hazardous - total [HAZ_NHAZ],Recovery - energy recovery (R1) [RCV_E]
Germany,2010,624392,Hazardous and non-hazardous - total [HAZ_NHAZ],Recovery - energy recovery (R1) [RCV_E]
Germany,2012,772494,Hazardous and non-hazardous - total [HAZ_NHAZ],Recovery - energy recovery (R1) [RCV_E]
Germany,2014,940914,Hazardous and non-hazardous - total [HAZ_NHAZ],Recovery - energy recovery (R1) [RCV_E]
Germany,2016,1036141,Hazardous and non-hazardous - total [HAZ_NHAZ],Recovery - energy recovery (R1) [RCV_E]
Germany,2018,930501,Hazardous and non-hazardous - total [HAZ_NHAZ],Recovery - energy recovery (R1) [RCV_E]
Germany,2020,901000,Hazardous and non-hazardous - total [HAZ_NHAZ],Recovery - energy recovery (R1) [RCV_E]
Germany,2022,808630,Hazardous and non-hazardous - total [HAZ_NHAZ],Recovery - energy recovery (R1) [RCV_E]
Estonia,2010,4091,Hazardous and non-hazardous - total [HAZ_NHAZ],Recovery - energy recovery (R1) [RCV_E]
Estonia,2012,3078,Hazardous and non-hazardous - total [HAZ_NHAZ],Recovery - energy recovery (R1) [RCV_E]
Estonia,2014,1092,Hazardous and non-hazardous - total [HAZ_NHAZ],Recovery - energy recovery (R1) [RCV_E]
Estonia,2016,1169,Hazardous and non-hazardous - total [HAZ_NHAZ],Recovery - energy recovery (R1) [RCV_E]
Estonia,2018,5220,Hazardous and non-hazardous - total [HAZ_NHAZ],Recovery - energy recovery (R1) [RCV_E]
Estonia,2020,2796,Hazardous and non-hazardous - total [HAZ_NHAZ],Recovery - energy recovery (R1) [RCV_E]
Estonia,2022,2047,Hazardous and non-hazardous - total [HAZ_NHAZ],Recovery - energy recovery (R1) [RCV_E]
Ireland,2010,0,Hazardous and non-hazardous - total [HAZ_NHAZ],Recovery - energy recovery (R1) [RCV_E]
Ireland,2012,0,Hazardous and non-hazardous - total [HAZ_NHAZ],Recovery - energy recovery (R1) [RCV_E]
Ireland,2014,0,Hazardous and non-hazardous - total [HAZ_NHAZ],Recovery - energy recovery (R1) [RCV_E]
Ireland,2016,992,Hazardous and non-hazardous - total [HAZ_NHAZ],Recovery - energy recovery (R1) [RCV_E]
Ireland,2018,988,Hazardous and non-hazardous - total [HAZ_NHAZ],Recovery - energy recovery (R1) [RCV_E]
Ireland,2020,7,Hazardous and non-hazardous - total [HAZ_NHAZ],Recovery - energy recovery (R1) [RCV_E]
Ireland,2022,3,Hazardous and non-hazardous - total [HAZ_NHAZ],Recovery - energy recovery (R1) [RCV_E]
Greece,2010,0,Hazardous and non-hazardous - total [HAZ_NHAZ],Recovery - energy recovery (R1) [RCV_E]
Greece,2012,0,Hazardous and non-hazardous - total [HAZ_NHAZ],Recovery - energy recovery (R1) [RCV_E]
Greece,2014,0,Hazardous and non-hazardous - total [HAZ_NHAZ],Recovery - energy recovery (R1) [RCV_E]
Greece,2016,0,Hazardous and non-hazardous - total [HAZ_NHAZ],Recovery - energy recovery (R1) [RCV_E]
Greece,2018,0,Hazardous and non-hazardous - total [HAZ_NHAZ],Recovery - energy recovery (R1) [RCV_E]
Greece,2020,0,Hazardous and non-hazardous - total [HAZ_NHAZ],Recovery - energy recovery (R1) [RCV_E]
Greece,2022,0,Hazardous and non-hazardous - total [HAZ_NHAZ],Recovery - energy recovery (R1) [RCV_E]
Spain,2010,0,Hazardous and non-hazardous - total [HAZ_NHAZ],Recovery - energy recovery (R1) [RCV_E]
Spain,2012,0,Hazardous and non-hazardous - total [HAZ_NHAZ],Recovery - energy recovery (R1) [RCV_E]
Spain,2014,0,Hazardous and non-hazardous - total [HAZ_NHAZ],Recovery - energy recovery (R1) [RCV_E]
Spain,2016,6,Hazardous and non-hazardous - total [HAZ_NHAZ],Recovery - energy recovery (R1) [RCV_E]
Spain,2018,11,Hazardous and non-hazardous - total [HAZ_NHAZ],Recovery - energy recovery (R1) [RCV_E]
Spain,2020,4469,Hazardous and non-hazardous - total [HAZ_NHAZ],Recovery - energy recovery (R1) [RCV_E]
Spain,2022,63076,Hazardous and non-hazardous - total [HAZ_NHAZ],Recovery - energy recovery (R1) [RCV_E]
France,2010,29293,Hazardous and non-hazardous - total [HAZ_NHAZ],Recovery - energy recovery (R1) [RCV_E]
France,2012,27975,Hazardous and non-hazardous - total [HAZ_NHAZ],Recovery - energy recovery (R1) [RCV_E]
France,2014,4432,Hazardous and non-hazardous - total [HAZ_NHAZ],Recovery - energy recovery (R1) [RCV_E]
France,2016,4368,Hazardous and non-hazardous - total [HAZ_NHAZ],Recovery - energy recovery (R1) [RCV_E]
France,2018,4955,Hazardous and non-hazardous - total [HAZ_NHAZ],Recovery - energy recovery (R1) [RCV_E]
France,2020,83774,Hazardous and non-hazardous - total [HAZ_NHAZ],Recovery - energy recovery (R1) [RCV_E]
France,2022,97712,Hazardous and non-hazardous - total [HAZ_NHAZ],Recovery - energy recovery (R1) [RCV_E]
Croatia,2010,1522,Hazardous and non-hazardous - total [HAZ_NHAZ],Recovery - energy recovery (R1) [RCV_E]
Croatia,2012,30,Hazardous and non-hazardous - total [HAZ_NHAZ],Recovery - energy recovery (R1) [RCV_E]
Croatia,2014,3160,Hazardous and non-hazardous - total [HAZ_NHAZ],Recovery - energy recovery (R1) [RCV_E]
Croatia,2016,6540,Hazardous and non-hazardous - total [HAZ_NHAZ],Recovery - energy recovery (R1) [RCV_E]
Croatia,2018,172,Hazardous and non-hazardous - total [HAZ_NHAZ],Recovery - energy recovery (R1) [RCV_E]
Croatia,2020,731,Hazardous and non-hazardous - total [HAZ_NHAZ],Recovery - energy recovery (R1) [RCV_E]
Croatia,2022,4574,Hazardous and non-hazardous - total [HAZ_NHAZ],Recovery - energy recovery (R1) [RCV_E]
Italy,2010,0,Hazardous and non-hazardous - total [HAZ_NHAZ],Recovery - energy recovery (R1) [RCV_E]
Italy,2012,0,Hazardous and non-hazardous - total [HAZ_NHAZ],Recovery - energy recovery (R1) [RCV_E]
Italy,2014,25,Hazardous and non-hazardous - total [HAZ_NHAZ],Recovery - energy recovery (R1) [RCV_E]
Italy,2016,1295,Hazardous and non-hazardous - total [HAZ_NHAZ],Recovery - energy recovery (R1) [RCV_E]
Italy,2018,585,Hazardous and non-hazardous - total [HAZ_NHAZ],Recovery - energy recovery (R1) [RCV_E]
Italy,2020,2779,Hazardous and non-hazardous - total [HAZ_NHAZ],Recovery - energy recovery (R1) [RCV_E]
Italy,2022,3715,Hazardous and non-hazardous - total [HAZ_NHAZ],Recovery - energy recovery (R1) [RCV_E]
Cyprus,2010,0,Hazardous and non-hazardous - total [HAZ_NHAZ],Recovery - energy recovery (R1) [RCV_E]
Cyprus,2012,0,Hazardous and non-hazardous - total [HAZ_NHAZ],Recovery - energy recovery (R1) [RCV_E]
Cyprus,2014,0,Hazardous and non-hazardous - total [HAZ_NHAZ],Recovery - energy recovery (R1) [RCV_E]
Cyprus,2016,0,Hazardous and non-hazardous - total [HAZ_NHAZ],Recovery - energy recovery (R1) [RCV_E]
Cyprus,2018,0,Hazardous and non-hazardous - total [HAZ_NHAZ],Recovery - energy recovery (R1) [RCV_E]
Cyprus,2020,0,Hazardous and non-hazardous - total [HAZ_NHAZ],Recovery - energy recovery (R1) [RCV_E]
Cyprus,2022,0,Hazardous and non-hazardous - total [HAZ_NHAZ],Recovery - energy recovery (R1) [RCV_E]
Latvia,2010,0,Hazardous and non-hazardous - total [HAZ_NHAZ],Recovery - energy recovery (R1) [RCV_E]
Latvia,2012,0,Hazardous and non-hazardous - total [HAZ_NHAZ],Recovery - energy recovery (R1) [RCV_E]
Latvia,2014,4,Hazardous and non-hazardous - total [HAZ_NHAZ],Recovery - energy recovery (R1) [RCV_E]
Latvia,2016,0,Hazardous and non-hazardous - total [HAZ_NHAZ],Recovery - energy recovery (R1) [RCV_E]
Latvia,2018,0,Hazardous and non-hazardous - total [HAZ_NHAZ],Recovery - energy recovery (R1) [RCV_E]
Latvia,2020,0,Hazardous and non-hazardous - total [HAZ_NHAZ],Recovery - energy recovery (R1) [RCV_E]
Latvia,2022,0,Hazardous and non-hazardous - total [HAZ_NHAZ],Recovery - energy recovery (R1) [RCV_E]
Lithuania,2010,0,Hazardous and non-hazardous - total [HAZ_NHAZ],Recovery - energy recovery (R1) [RCV_E]
Lithuania,2012,0,Hazardous and non-hazardous - total [HAZ_NHAZ],Recovery - energy recovery (R1) [RCV_E]
Lithuania,2014,0,Hazardous and non-hazardous - total [HAZ_NHAZ],Recovery - energy recovery (R1) [RCV_E]
Lithuania,2016,808,Hazardous and non-hazardous - total [HAZ_NHAZ],Recovery - energy recovery (R1) [RCV_E]
Lithuania,2018,719,Hazardous and non-hazardous - total [HAZ_NHAZ],Recovery - energy recovery (R1) [RCV_E]
Lithuania,2020,453,Hazardous and non-hazardous - total [HAZ_NHAZ],Recovery - energy recovery (R1) [RCV_E]
Lithuania,2022,429,Hazardous and non-hazardous - total [HAZ_NHAZ],Recovery - energy recovery (R1) [RCV_E]
Luxembourg,2010,0,Hazardous and non-hazardous - total [HAZ_NHAZ],Recovery - energy recovery (R1) [RCV_E]
Luxembourg,2012,0,Hazardous and non-hazardous - total [HAZ_NHAZ],Recovery - energy recovery (R1) [RCV_E]
Luxembourg,2014,0,Hazardous and non-hazardous - total [HAZ_NHAZ],Recovery - energy recovery (R1) [RCV_E]
Luxembourg,2016,0,Hazardous and non-hazardous - total [HAZ_NHAZ],Recovery - energy recovery (R1) [RCV_E]
Luxembourg,2018,0,Hazardous and non-hazardous - total [HAZ_NHAZ],Recovery - energy recovery (R1) [RCV_E]
Luxembourg,2020,0,Hazardous and non-hazardous - total [HAZ_NHAZ],Recovery - energy recovery (R1) [RCV_E]
Luxembourg,2022,0,Hazardous and non-hazardous - total [HAZ_NHAZ],Recovery - energy recovery (R1) [RCV_E]
Hungary,2010,34,Hazardous and non-hazardous - total [HAZ_NHAZ],Recovery - energy recovery (R1) [RCV_E]
Hungary,2012,94,Hazardous and non-hazardous - total [HAZ_NHAZ],Recovery - energy recovery (R1) [RCV_E]
Hungary,2014,51,Hazardous and non-hazardous - total [HAZ_NHAZ],Recovery - energy recovery (R1) [RCV_E]
Hungary,2016,98,Hazardous and non-hazardous - total [HAZ_NHAZ],Recovery - energy recovery (R1) [RCV_E]
Hungary,2018,17,Hazardous and non-hazardous - total [HAZ_NHAZ],Recovery - energy recovery (R1) [RCV_E]
Hungary,2020,314,Hazardous and non-hazardous - total [HAZ_NHAZ],Recovery - energy recovery (R1) [RCV_E]
Hungary,2022,13,Hazardous and non-hazardous - total [HAZ_NHAZ],Recovery - energy recovery (R1) [RCV_E]
Malta,2010,0,Hazardous and non-hazardous - total [HAZ_NHAZ],Recovery - energy recovery (R1) [RCV_E]
Malta,2012,0,Hazardous and non-hazardous - total [HAZ_NHAZ],Recovery - energy recovery (R1) [RCV_E]
Malta,2014,0,Hazardous and non-hazardous - total [HAZ_NHAZ],Recovery - energy recovery (R1) [RCV_E]
Malta,2016,0,Hazardous and non-hazardous - total [HAZ_NHAZ],Recovery - energy recovery (R1) [RCV_E]
Malta,2018,0,Hazardous and non-hazardous - total [HAZ_NHAZ],Recovery - energy recovery (R1) [RCV_E]
Malta,2020,0,Hazardous and non-hazardous - total [HAZ_NHAZ],Recovery - energy recovery (R1) [RCV_E]
Malta,2022,0,Hazardous and non-hazardous - total [HAZ_NHAZ],Recovery - energy recovery (R1) [RCV_E]
Netherlands,2010,7728,Hazardous and non-hazardous - total [HAZ_NHAZ],Recovery - energy recovery (R1) [RCV_E]
Netherlands,2012,4647,Hazardous and non-hazardous - total [HAZ_NHAZ],Recovery - energy recovery (R1) [RCV_E]
Netherlands,2014,17303,Hazardous and non-hazardous - total [HAZ_NHAZ],Recovery - energy recovery (R1) [RCV_E]
Netherlands,2016,1380,Hazardous and non-hazardous - total [HAZ_NHAZ],Recovery - energy recovery (R1) [RCV_E]
Netherlands,2018,12764,Hazardous and non-hazardous - total [HAZ_NHAZ],Recovery - energy recovery (R1) [RCV_E]
Netherlands,2020,34664,Hazardous and non-hazardous - total [HAZ_NHAZ],Recovery - energy recovery (R1) [RCV_E]
Netherlands,2022,12470,Hazardous and non-hazardous - total [HAZ_NHAZ],Recovery - energy recovery (R1) [RCV_E]
Austria,2010,693,Hazardous and non-hazardous - total [HAZ_NHAZ],Recovery - energy recovery (R1) [RCV_E]
Austria,2012,24,Hazardous and non-hazardous - total [HAZ_NHAZ],Recovery - energy recovery (R1) [RCV_E]
Poland,2010,967,Hazardous and non-hazardous - total [HAZ_NHAZ],Recovery - energy recovery (R1) [RCV_E]
Poland,2012,2749,Hazardous and non-hazardous - total [HAZ_NHAZ],Recovery - energy recovery (R1) [RCV_E]
Poland,2014,321,Hazardous and non-hazardous - total [HAZ_NHAZ],Recovery - energy recovery (R1) [RCV_E]
Poland,2016,4612,Hazardous and non-hazardous - total [HAZ_NHAZ],Recovery - energy recovery (R1) [RCV_E]
Poland,2018,0,Hazardous and non-hazardous - total [HAZ_NHAZ],Recovery - energy recovery (R1) [RCV_E]
Poland,2020,87,Hazardous and non-hazardous - total [HAZ_NHAZ],Recovery - energy recovery (R1) [RCV_E]
Poland,2022,2109,Hazardous and non-hazardous - total [HAZ_NHAZ],Recovery - energy recovery (R1) [RCV_E]
Portugal,2010,0,Hazardous and non-hazardous - total [HAZ_NHAZ],Recovery - energy recovery (R1) [RCV_E]
Portugal,2012,0,Hazardous and non-hazardous - total [HAZ_NHAZ],Recovery - energy recovery (R1) [RCV_E]
Portugal,2014,0,Hazardous and non-hazardous - total [HAZ_NHAZ],Recovery - energy recovery (R1) [RCV_E]
Portugal,2016,0,Hazardous and non-hazardous - total [HAZ_NHAZ],Recovery - energy recovery (R1) [RCV_E]
Portugal,2018,0,Hazardous and non-hazardous - total [HAZ_NHAZ],Recovery - energy recovery (R1) [RCV_E]
Portugal,2020,0,Hazardous and non-hazardous - total [HAZ_NHAZ],Recovery - energy recovery (R1) [RCV_E]
Portugal,2022,0,Hazardous and non-hazardous - total [HAZ_NHAZ],Recovery - energy recovery (R1) [RCV_E]
Romania,2010,1474,Hazardous and non-hazardous - total [HAZ_NHAZ],Recovery - energy recovery (R1) [RCV_E]
Romania,2012,10,Hazardous and non-hazardous - total [HAZ_NHAZ],Recovery - energy recovery (R1) [RCV_E]
Romania,2014,11,Hazardous and non-hazardous - total [HAZ_NHAZ],Recovery - energy recovery (R1) [RCV_E]
Romania,2016,2091,Hazardous and non-hazardous - total [HAZ_NHAZ],Recovery - energy recovery (R1) [RCV_E]
Romania,2018,0,Hazardous and non-hazardous - total [HAZ_NHAZ],Recovery - energy recovery (R1) [RCV_E]
Romania,2020,0,Hazardous and non-hazardous - total [HAZ_NHAZ],Recovery - energy recovery (R1) [RCV_E]
Romania,2022,0,Hazardous and non-hazardous - total [HAZ_NHAZ],Recovery - energy recovery (R1) [RCV_E]
Slovenia,2010,2,Hazardous and non-hazardous - total [HAZ_NHAZ],Recovery - energy recovery (R1) [RCV_E]
Slovenia,2012,974,Hazardous and non-hazardous - total [HAZ_NHAZ],Recovery - energy recovery (R1) [RCV_E]
Slovenia,2014,0,Hazardous and non-hazardous - total [HAZ_NHAZ],Recovery - energy recovery (R1) [RCV_E]
Slovenia,2016,0,Hazardous and non-hazardous - total [HAZ_NHAZ],Recovery - energy recovery (R1) [RCV_E]
Slovenia,2018,0,Hazardous and non-hazardous - total [HAZ_NHAZ],Recovery - energy recovery (R1) [RCV_E]
Slovenia,2020,0,Hazardous and non-hazardous - total [HAZ_NHAZ],Recovery - energy recovery (R1) [RCV_E]
Slovenia,2022,0,Hazardous and non-hazardous - total [HAZ_NHAZ],Recovery - energy recovery (R1) [RCV_E]
Slovakia,2010,145,Hazardous and non-hazardous - total [HAZ_NHAZ],Recovery - energy recovery (R1) [RCV_E]
Slovakia,2012,193,Hazardous and non-hazardous - total [HAZ_NHAZ],Recovery - energy recovery (R1) [RCV_E]
Slovakia,2014,1507,Hazardous and non-hazardous - total [HAZ_NHAZ],Recovery - energy recovery (R1) [RCV_E]
Slovakia,2016,0,Hazardous and non-hazardous - total [HAZ_NHAZ],Recovery - energy recovery (R1) [RCV_E]
Slovakia,2018,183,Hazardous and non-hazardous - total [HAZ_NHAZ],Recovery - energy recovery (R1) [RCV_E]
Slovakia,2020,594,Hazardous and non-hazardous - total [HAZ_NHAZ],Recovery - energy recovery (R1) [RCV_E]
Slovakia,2022,159,Hazardous and non-hazardous - total [HAZ_NHAZ],Recovery - energy recovery (R1) [RCV_E]
Finland,2010,61361,Hazardous and non-hazardous - total [HAZ_NHAZ],Recovery - energy recovery (R1) [RCV_E]
Finland,2012,192251,Hazardous and non-hazardous - total [HAZ_NHAZ],Recovery - energy recovery (R1) [RCV_E]
Finland,2014,197065,Hazardous and non-hazardous - total [HAZ_NHAZ],Recovery - energy recovery (R1) [RCV_E]
Finland,2016,246928,Hazardous and non-hazardous - total [HAZ_NHAZ],Recovery - energy recovery (R1) [RCV_E]
Finland,2018,264461,Hazardous and non-hazardous - total [HAZ_NHAZ],Recovery - energy recovery (R1) [RCV_E]
Finland,2020,403292,Hazardous and non-hazardous - total [HAZ_NHAZ],Recovery - energy recovery (R1) [RCV_E]
Finland,2022,220260,Hazardous and non-hazardous - total [HAZ_NHAZ],Recovery - energy recovery (R1) [RCV_E]
Sweden,2010,0,Hazardous and non-hazardous - total [HAZ_NHAZ],Recovery - energy recovery (R1) [RCV_E]
Sweden,2012,38097,Hazardous and non-hazardous - total [HAZ_NHAZ],Recovery - energy recovery (R1) [RCV_E]
Sweden,2014,6564,Hazardous and non-hazardous - total [HAZ_NHAZ],Recovery - energy recovery (R1) [RCV_E]
Sweden,2016,219832,Hazardous and non-hazardous - total [HAZ_NHAZ],Recovery - energy recovery (R1) [RCV_E]
Sweden,2018,45005,Hazardous and non-hazardous - total [HAZ_NHAZ],Recovery - energy recovery (R1) [RCV_E]
Sweden,2020,157709,Hazardous and non-hazardous - total [HAZ_NHAZ],Recovery - energy recovery (R1) [RCV_E]
Iceland,2010,0,Hazardous and non-hazardous - total [HAZ_NHAZ],Recovery - energy recovery (R1) [RCV_E]
Iceland,2012,0,Hazardous and non-hazardous - total [HAZ_NHAZ],Recovery - energy recovery (R1) [RCV_E]
Iceland,2014,0,Hazardous and non-hazardous - total [HAZ_NHAZ],Recovery - energy recovery (R1) [RCV_E]
Iceland,2016,0,Hazardous and non-hazardous - total [HAZ_NHAZ],Recovery - energy recovery (R1) [RCV_E]
Iceland,2018,69,Hazardous and non-hazardous - total [HAZ_NHAZ],Recovery - energy recovery (R1) [RCV_E]
Iceland,2020,123,Hazardous and non-hazardous - total [HAZ_NHAZ],Recovery - energy recovery (R1) [RCV_E]
Iceland,2022,0,Hazardous and non-hazardous - total [HAZ_NHAZ],Recovery - energy recovery (R1) [RCV_E]
Norway,2010,0,Hazardous and non-hazardous - total [HAZ_NHAZ],Recovery - energy recovery (R1) [RCV_E]
Norway,2012,48,Hazardous and non-hazardous - total [HAZ_NHAZ],Recovery - energy recovery (R1) [RCV_E]
Norway,2014,34421,Hazardous and non-hazardous - total [HAZ_NHAZ],Recovery - energy recovery (R1) [RCV_E]
Norway,2016,36195,Hazardous and non-hazardous - total [HAZ_NHAZ],Recovery - energy recovery (R1) [RCV_E]
Norway,2018,26376,Hazardous and non-hazardous - total [HAZ_NHAZ],Recovery - energy recovery (R1) [RCV_E]
Norway,2020,26236,Hazardous and non-hazardous - total [HAZ_NHAZ],Recovery - energy recovery (R1) [RCV_E]
Norway,2022,20923,Hazardous and non-hazardous - total [HAZ_NHAZ],Recovery - energy recovery (R1) [RCV_E]
United Kingdom,2010,0,Hazardous and non-hazardous - total [HAZ_NHAZ],Recovery - energy recovery (R1) [RCV_E]
United Kingdom,2012,0,Hazardous and non-hazardous - total [HAZ_NHAZ],Recovery - energy recovery (R1) [RCV_E]
United Kingdom,2014,0,Hazardous and non-hazardous - total [HAZ_NHAZ],Recovery - energy recovery (R1) [RCV_E]
United Kingdom,2016,0,Hazardous and non-hazardous - total [HAZ_NHAZ],Recovery - energy recovery (R1) [RCV_E]
United Kingdom,2018,0,Hazardous and non-hazardous - total [HAZ_NHAZ],Recovery - energy recovery (R1) [RCV_E]
Bosnia and Herzegovina,2022,20,Hazardous and non-hazardous - total [HAZ_NHAZ],Recovery - energy recovery (R1) [RCV_E]
Montenegro,2012,0,Hazardous and non-hazardous - total [HAZ_NHAZ],Recovery - energy recovery (R1) [RCV_E]
Montenegro,2014,0,Hazardous and non-hazardous - total [HAZ_NHAZ],Recovery - energy recovery (R1) [RCV_E]
Montenegro,2016,0,Hazardous and non-hazardous - total [HAZ_NHAZ],Recovery - energy recovery (R1) [RCV_E]
Montenegro,2018,0,Hazardous and non-hazardous - total [HAZ_NHAZ],Recovery - energy recovery (R1) [RCV_E]
Montenegro,2020,0,Hazardous and non-hazardous - total [HAZ_NHAZ],Recovery - energy recovery (R1) [RCV_E]
Montenegro,2022,0,Hazardous and non-hazardous - total [HAZ_NHAZ],Recovery - energy recovery (R1) [RCV_E]
North Macedonia,2010,0,Hazardous and non-hazardous - total [HAZ_NHAZ],Recovery - energy recovery (R1) [RCV_E]
North Macedonia,2012,0,Hazardous and non-hazardous - total [HAZ_NHAZ],Recovery - energy recovery (R1) [RCV_E]
North Macedonia,2014,0,Hazardous and non-hazardous - total [HAZ_NHAZ],Recovery - energy recovery (R1) [RCV_E]
North Macedonia,2018,0,Hazardous and non-hazardous - total [HAZ_NHAZ],Recovery - energy recovery (R1) [RCV_E]
North Macedonia,2020,0,Hazardous and non-hazardous - total [HAZ_NHAZ],Recovery - energy recovery (R1) [RCV_E]
North Macedonia,2022,0,Hazardous and non-hazardous - total [HAZ_NHAZ],Recovery - energy recovery (R1) [RCV_E]
Albania,2014,0,Hazardous and non-hazardous - total [HAZ_NHAZ],Recovery - energy recovery (R1) [RCV_E]
Serbia,2010,0,Hazardous and non-hazardous - total [HAZ_NHAZ],Recovery - energy recovery (R1) [RCV_E]
Serbia,2012,0,Hazardous and non-hazardous - total [HAZ_NHAZ],Recovery - energy recovery (R1) [RCV_E]
Serbia,2014,0,Hazardous and non-hazardous - total [HAZ_NHAZ],Recovery - energy recovery (R1) [RCV_E]
Serbia,2016,0,Hazardous and non-hazardous - total [HAZ_NHAZ],Recovery - energy recovery (R1) [RCV_E]
Serbia,2018,0,Hazardous and non-hazardous - total [HAZ_NHAZ],Recovery - energy recovery (R1) [RCV_E]
Serbia,2020,0,Hazardous and non-hazardous - total [HAZ_NHAZ],Recovery - energy recovery (R1) [RCV_E]
Serbia,2022,42,Hazardous and non-hazardous - total [HAZ_NHAZ],Recovery - energy recovery (R1) [RCV_E]
Türkiye,2012,606,Hazardous and non-hazardous - total [HAZ_NHAZ],Recovery - energy recovery (R1) [RCV_E]
Türkiye,2022,1427,Hazardous and non-hazardous - total [HAZ_NHAZ],Recovery - energy recovery (R1) [RCV_E]
Kosovo*,2016,0,Hazardous and non-hazardous - total [HAZ_NHAZ],Recovery - energy recovery (R1) [RCV_E]
Kosovo*,2020,0,Hazardous and non-hazardous - total [HAZ_NHAZ],Recovery - energy recovery (R1) [RCV_E]
Kosovo*,2022,0,Hazardous and non-hazardous - total [HAZ_NHAZ],Recovery - energy recovery (R1) [RCV_E]
European Union - 27 countries (from 2020),2010,190900000,Hazardous and non-hazardous - total [HAZ_NHAZ],Recovery - recycling and backfilling (R2-R11) [RCV_R_B]
European Union - 27 countries (from 2020),2012,204110000,Hazardous and non-hazardous - total [HAZ_NHAZ],Recovery - recycling and backfilling (R2-R11) [RCV_R_B]
European Union - 27 countries (from 2020),2014,195770000,Hazardous and non-hazardous - total [HAZ_NHAZ],Recovery - recycling and backfilling (R2-R11) [RCV_R_B]
European Union - 27 countries (from 2020),2016,213730000,Hazardous and non-hazardous - total [HAZ_NHAZ],Recovery - recycling and backfilling (R2-R11) [RCV_R_B]
European Union - 27 countries (from 2020),2018,234820000,Hazardous and non-hazardous - total [HAZ_NHAZ],Recovery - recycling and backfilling (R2-R11) [RCV_R_B]
European Union - 27 countries (from 2020),2020,243370000,Hazardous and non-hazardous - total [HAZ_NHAZ],Recovery - recycling and backfilling (R2-R11) [RCV_R_B]
European Union - 27 countries (from 2020),2022,255090000,Hazardous and non-hazardous - total [HAZ_NHAZ],Recovery - recycling and backfilling (R2-R11) [RCV_R_B]
European Union - 28 countries (2013-2020),2010,241820000,Hazardous and non-hazardous - total [HAZ_NHAZ],Recovery - recycling and backfilling (R2-R11) [RCV_R_B]
European Union - 28 countries (2013-2020),2012,251710000,Hazardous and non-hazardous - total [HAZ_NHAZ],Recovery - recycling and backfilling (R2-R11) [RCV_R_B]
European Union - 28 countries (2013-2020),2014,249560000,Hazardous and non-hazardous - total [HAZ_NHAZ],Recovery - recycling and backfilling (R2-R11) [RCV_R_B]
European Union - 28 countries (2013-2020),2016,271590000,Hazardous and non-hazardous - total [HAZ_NHAZ],Recovery - recycling and backfilling (R2-R11) [RCV_R_B]
European Union - 28 countries (2013-2020),2018,294850000,Hazardous and non-hazardous - total [HAZ_NHAZ],Recovery - recycling and backfilling (R2-R11) [RCV_R_B]
Belgium,2010,33609,Hazardous and non-hazardous - total [HAZ_NHAZ],Recovery - recycling and backfilling (R2-R11) [RCV_R_B]
Belgium,2012,72664,Hazardous and non-hazardous - total [HAZ_NHAZ],Recovery - recycling and backfilling (R2-R11) [RCV_R_B]
Belgium,2014,52933,Hazardous and non-hazardous - total [HAZ_NHAZ],Recovery - recycling and backfilling (R2-R11) [RCV_R_B]
Belgium,2016,397211,Hazardous and non-hazardous - total [HAZ_NHAZ],Recovery - recycling and backfilling (R2-R11) [RCV_R_B]
Belgium,2018,493086,Hazardous and non-hazardous - total [HAZ_NHAZ],Recovery - recycling and backfilling (R2-R11) [RCV_R_B]
Belgium,2020,4626621,Hazardous and non-hazardous - total [HAZ_NHAZ],Recovery - recycling and backfilling (R2-R11) [RCV_R_B]
Belgium,2022,2581636,Hazardous and non-hazardous - total [HAZ_NHAZ],Recovery - recycling and backfilling (R2-R11) [RCV_R_B]
Bulgaria,2010,30040,Hazardous and non-hazardous - total [HAZ_NHAZ],Recovery - recycling and backfilling (R2-R11) [RCV_R_B]
Bulgaria,2012,60606,Hazardous and non-hazardous - total [HAZ_NHAZ],Recovery - recycling and backfilling (R2-R11) [RCV_R_B]
Bulgaria,2014,652508,Hazardous and non-hazardous - total [HAZ_NHAZ],Recovery - recycling and backfilling (R2-R11) [RCV_R_B]
Bulgaria,2016,546139,Hazardous and non-hazardous - total [HAZ_NHAZ],Recovery - recycling and backfilling (R2-R11) [RCV_R_B]
Bulgaria,2018,126388,Hazardous and non-hazardous - total [HAZ_NHAZ],Recovery - recycling and backfilling (R2-R11) [RCV_R_B]
Bulgaria,2020,901834,Hazardous and non-hazardous - total [HAZ_NHAZ],Recovery - recycling and backfilling (R2-R11) [RCV_R_B]
Bulgaria,2022,286099,Hazardous and non-hazardous - total [HAZ_NHAZ],Recovery - recycling and backfilling (R2-R11) [RCV_R_B]
Czechia,2010,2723404,Hazardous and non-hazardous - total [HAZ_NHAZ],Recovery - recycling and backfilling (R2-R11) [RCV_R_B]
Czechia,2012,3189188,Hazardous and non-hazardous - total [HAZ_NHAZ],Recovery - recycling and backfilling (R2-R11) [RCV_R_B]
Czechia,2014,3221863,Hazardous and non-hazardous - total [HAZ_NHAZ],Recovery - recycling and backfilling (R2-R11) [RCV_R_B]
Czechia,2016,4481014,Hazardous and non-hazardous - total [HAZ_NHAZ],Recovery - recycling and backfilling (R2-R11) [RCV_R_B]
Czechia,2018,7130411,Hazardous and non-hazardous - total [HAZ_NHAZ],Recovery - recycling and backfilling (R2-R11) [RCV_R_B]
Czechia,2020,6737952,Hazardous and non-hazardous - total [HAZ_NHAZ],Recovery - recycling and backfilling (R2-R11) [RCV_R_B]
Czechia,2022,6050360,Hazardous and non-hazardous - total [HAZ_NHAZ],Recovery - recycling and backfilling (R2-R11) [RCV_R_B]
Denmark,2010,1826219,Hazardous and non-hazardous - total [HAZ_NHAZ],Recovery - recycling and backfilling (R2-R11) [RCV_R_B]
Denmark,2012,2495507,Hazardous and non-hazardous - total [HAZ_NHAZ],Recovery - recycling and backfilling (R2-R11) [RCV_R_B]
Denmark,2014,3024952,Hazardous and non-hazardous - total [HAZ_NHAZ],Recovery - recycling and backfilling (R2-R11) [RCV_R_B]
Denmark,2016,3096401,Hazardous and non-hazardous - total [HAZ_NHAZ],Recovery - recycling and backfilling (R2-R11) [RCV_R_B]
Denmark,2018,3949918,Hazardous and non-hazardous - total [HAZ_NHAZ],Recovery - recycling and backfilling (R2-R11) [RCV_R_B]
Denmark,2020,3531293,Hazardous and non-hazardous - total [HAZ_NHAZ],Recovery - recycling and backfilling (R2-R11) [RCV_R_B]
Denmark,2022,4319028,Hazardous and non-hazardous - total [HAZ_NHAZ],Recovery - recycling and backfilling (R2-R11) [RCV_R_B]
Germany,2010,70306393,Hazardous and non-hazardous - total [HAZ_NHAZ],Recovery - recycling and backfilling (R2-R11) [RCV_R_B]
Germany,2012,69927713,Hazardous and non-hazardous - total [HAZ_NHAZ],Recovery - recycling and backfilling (R2-R11) [RCV_R_B]
Germany,2014,69726128,Hazardous and non-hazardous - total [HAZ_NHAZ],Recovery - recycling and backfilling (R2-R11) [RCV_R_B]
Germany,2016,76579340,Hazardous and non-hazardous - total [HAZ_NHAZ],Recovery - recycling and backfilling (R2-R11) [RCV_R_B]
Germany,2018,75724444,Hazardous and non-hazardous - total [HAZ_NHAZ],Recovery - recycling and backfilling (R2-R11) [RCV_R_B]
Germany,2020,78211695,Hazardous and non-hazardous - total [HAZ_NHAZ],Recovery - recycling and backfilling (R2-R11) [RCV_R_B]
Germany,2022,74575514,Hazardous and non-hazardous - total [HAZ_NHAZ],Recovery - recycling and backfilling (R2-R11) [RCV_R_B]
Estonia,2010,582814,Hazardous and non-hazardous - total [HAZ_NHAZ],Recovery - recycling and backfilling (R2-R11) [RCV_R_B]
Estonia,2012,520223,Hazardous and non-hazardous - total [HAZ_NHAZ],Recovery - recycling and backfilling (R2-R11) [RCV_R_B]
Estonia,2014,705065,Hazardous and non-hazardous - total [HAZ_NHAZ],Recovery - recycling and backfilling (R2-R11) [RCV_R_B]
Estonia,2016,495038,Hazardous and non-hazardous - total [HAZ_NHAZ],Recovery - recycling and backfilling (R2-R11) [RCV_R_B]
Estonia,2018,974897,Hazardous and non-hazardous - total [HAZ_NHAZ],Recovery - recycling and backfilling (R2-R11) [RCV_R_B]
Estonia,2020,620034,Hazardous and non-hazardous - total [HAZ_NHAZ],Recovery - recycling and backfilling (R2-R11) [RCV_R_B]
Estonia,2022,716764,Hazardous and non-hazardous - total [HAZ_NHAZ],Recovery - recycling and backfilling (R2-R11) [RCV_R_B]
Ireland,2010,444800,Hazardous and non-hazardous - total [HAZ_NHAZ],Recovery - recycling and backfilling (R2-R11) [RCV_R_B]
Ireland,2012,285472,Hazardous and non-hazardous - total [HAZ_NHAZ],Recovery - recycling and backfilling (R2-R11) [RCV_R_B]
Ireland,2014,397413,Hazardous and non-hazardous - total [HAZ_NHAZ],Recovery - recycling and backfilling (R2-R11) [RCV_R_B]
Ireland,2016,426284,Hazardous and non-hazardous - total [HAZ_NHAZ],Recovery - recycling and backfilling (R2-R11) [RCV_R_B]
Ireland,2018,873680,Hazardous and non-hazardous - total [HAZ_NHAZ],Recovery - recycling and backfilling (R2-R11) [RCV_R_B]
Ireland,2020,528027,Hazardous and non-hazardous - total [HAZ_NHAZ],Recovery - recycling and backfilling (R2-R11) [RCV_R_B]
Ireland,2022,746004,Hazardous and non-hazardous - total [HAZ_NHAZ],Recovery - recycling and backfilling (R2-R11) [RCV_R_B]
Greece,2010,249,Hazardous and non-hazardous - total [HAZ_NHAZ],Recovery - recycling and backfilling (R2-R11) [RCV_R_B]
Greece,2012,2701,Hazardous and non-hazardous - total [HAZ_NHAZ],Recovery - recycling and backfilling (R2-R11) [RCV_R_B]
Greece,2014,626,Hazardous and non-hazardous - total [HAZ_NHAZ],Recovery - recycling and backfilling (R2-R11) [RCV_R_B]
Greece,2016,121677,Hazardous and non-hazardous - total [HAZ_NHAZ],Recovery - recycling and backfilling (R2-R11) [RCV_R_B]
Greece,2018,698753,Hazardous and non-hazardous - total [HAZ_NHAZ],Recovery - recycling and backfilling (R2-R11) [RCV_R_B]
Greece,2020,1573901,Hazardous and non-hazardous - total [HAZ_NHAZ],Recovery - recycling and backfilling (R2-R11) [RCV_R_B]
Greece,2022,2228185,Hazardous and non-hazardous - total [HAZ_NHAZ],Recovery - recycling and backfilling (R2-R11) [RCV_R_B]
Spain,2010,7303241,Hazardous and non-hazardous - total [HAZ_NHAZ],Recovery - recycling and backfilling (R2-R11) [RCV_R_B]
Spain,2012,23038259,Hazardous and non-hazardous - total [HAZ_NHAZ],Recovery - recycling and backfilling (R2-R11) [RCV_R_B]
Spain,2014,4933411,Hazardous and non-hazardous - total [HAZ_NHAZ],Recovery - recycling and backfilling (R2-R11) [RCV_R_B]
Spain,2016,7207595,Hazardous and non-hazardous - total [HAZ_NHAZ],Recovery - recycling and backfilling (R2-R11) [RCV_R_B]
Spain,2018,10819723,Hazardous and non-hazardous - total [HAZ_NHAZ],Recovery - recycling and backfilling (R2-R11) [RCV_R_B]
Spain,2020,10427348,Hazardous and non-hazardous - total [HAZ_NHAZ],Recovery - recycling and backfilling (R2-R11) [RCV_R_B]
Spain,2022,10911913,Hazardous and non-hazardous - total [HAZ_NHAZ],Recovery - recycling and backfilling (R2-R11) [RCV_R_B]
France,2010,43103617,Hazardous and non-hazardous - total [HAZ_NHAZ],Recovery - recycling and backfilling (R2-R11) [RCV_R_B]
France,2012,40948436,Hazardous and non-hazardous - total [HAZ_NHAZ],Recovery - recycling and backfilling (R2-R11) [RCV_R_B]
France,2014,42550798,Hazardous and non-hazardous - total [HAZ_NHAZ],Recovery - recycling and backfilling (R2-R11) [RCV_R_B]
France,2016,44908440,Hazardous and non-hazardous - total [HAZ_NHAZ],Recovery - recycling and backfilling (R2-R11) [RCV_R_B]
France,2018,49552145,Hazardous and non-hazardous - total [HAZ_NHAZ],Recovery - recycling and backfilling (R2-R11) [RCV_R_B]
France,2020,42981066,Hazardous and non-hazardous - total [HAZ_NHAZ],Recovery - recycling and backfilling (R2-R11) [RCV_R_B]
France,2022,50339439,Hazardous and non-hazardous - total [HAZ_NHAZ],Recovery - recycling and backfilling (R2-R11) [RCV_R_B]
Croatia,2010,997,Hazardous and non-hazardous - total [HAZ_NHAZ],Recovery - recycling and backfilling (R2-R11) [RCV_R_B]
Croatia,2012,128818,Hazardous and non-hazardous - total [HAZ_NHAZ],Recovery - recycling and backfilling (R2-R11) [RCV_R_B]
Croatia,2014,197478,Hazardous and non-hazardous - total [HAZ_NHAZ],Recovery - recycling and backfilling (R2-R11) [RCV_R_B]
Croatia,2016,338432,Hazardous and non-hazardous - total [HAZ_NHAZ],Recovery - recycling and backfilling (R2-R11) [RCV_R_B]
Croatia,2018,236982,Hazardous and non-hazardous - total [HAZ_NHAZ],Recovery - recycling and backfilling (R2-R11) [RCV_R_B]
Croatia,2020,373047,Hazardous and non-hazardous - total [HAZ_NHAZ],Recovery - recycling and backfilling (R2-R11) [RCV_R_B]
Croatia,2022,369554,Hazardous and non-hazardous - total [HAZ_NHAZ],Recovery - recycling and backfilling (R2-R11) [RCV_R_B]
Italy,2010,30117566,Hazardous and non-hazardous - total [HAZ_NHAZ],Recovery - recycling and backfilling (R2-R11) [RCV_R_B]
Italy,2012,29942525,Hazardous and non-hazardous - total [HAZ_NHAZ],Recovery - recycling and backfilling (R2-R11) [RCV_R_B]
Italy,2014,30335770,Hazardous and non-hazardous - total [HAZ_NHAZ],Recovery - recycling and backfilling (R2-R11) [RCV_R_B]
Italy,2016,33331061,Hazardous and non-hazardous - total [HAZ_NHAZ],Recovery - recycling and backfilling (R2-R11) [RCV_R_B]
Italy,2018,39629235,Hazardous and non-hazardous - total [HAZ_NHAZ],Recovery - recycling and backfilling (R2-R11) [RCV_R_B]
Italy,2020,44664968,Hazardous and non-hazardous - total [HAZ_NHAZ],Recovery - recycling and backfilling (R2-R11) [RCV_R_B]
Italy,2022,53233216,Hazardous and non-hazardous - total [HAZ_NHAZ],Recovery - recycling and backfilling (R2-R11) [RCV_R_B]
Cyprus,2010,481,Hazardous and non-hazardous - total [HAZ_NHAZ],Recovery - recycling and backfilling (R2-R11) [RCV_R_B]
Cyprus,2012,83420,Hazardous and non-hazardous - total [HAZ_NHAZ],Recovery - recycling and backfilling (R2-R11) [RCV_R_B]
Cyprus,2014,42283,Hazardous and non-hazardous - total [HAZ_NHAZ],Recovery - recycling and backfilling (R2-R11) [RCV_R_B]
Cyprus,2016,107072,Hazardous and non-hazardous - total [HAZ_NHAZ],Recovery - recycling and backfilling (R2-R11) [RCV_R_B]
Cyprus,2018,140472,Hazardous and non-hazardous - total [HAZ_NHAZ],Recovery - recycling and backfilling (R2-R11) [RCV_R_B]
Cyprus,2020,205845,Hazardous and non-hazardous - total [HAZ_NHAZ],Recovery - recycling and backfilling (R2-R11) [RCV_R_B]
Cyprus,2022,211235,Hazardous and non-hazardous - total [HAZ_NHAZ],Recovery - recycling and backfilling (R2-R11) [RCV_R_B]
Latvia,2010,133271,Hazardous and non-hazardous - total [HAZ_NHAZ],Recovery - recycling and backfilling (R2-R11) [RCV_R_B]
Latvia,2012,148615,Hazardous and non-hazardous - total [HAZ_NHAZ],Recovery - recycling and backfilling (R2-R11) [RCV_R_B]
Latvia,2014,103839,Hazardous and non-hazardous - total [HAZ_NHAZ],Recovery - recycling and backfilling (R2-R11) [RCV_R_B]
Latvia,2016,109911,Hazardous and non-hazardous - total [HAZ_NHAZ],Recovery - recycling and backfilling (R2-R11) [RCV_R_B]
Latvia,2018,382566,Hazardous and non-hazardous - total [HAZ_NHAZ],Recovery - recycling and backfilling (R2-R11) [RCV_R_B]
Latvia,2020,314799,Hazardous and non-hazardous - total [HAZ_NHAZ],Recovery - recycling and backfilling (R2-R11) [RCV_R_B]
Latvia,2022,340844,Hazardous and non-hazardous - total [HAZ_NHAZ],Recovery - recycling and backfilling (R2-R11) [RCV_R_B]
Lithuania,2010,234810,Hazardous and non-hazardous - total [HAZ_NHAZ],Recovery - recycling and backfilling (R2-R11) [RCV_R_B]
Lithuania,2012,404445,Hazardous and non-hazardous - total [HAZ_NHAZ],Recovery - recycling and backfilling (R2-R11) [RCV_R_B]
Lithuania,2014,530431,Hazardous and non-hazardous - total [HAZ_NHAZ],Recovery - recycling and backfilling (R2-R11) [RCV_R_B]
Lithuania,2016,738346,Hazardous and non-hazardous - total [HAZ_NHAZ],Recovery - recycling and backfilling (R2-R11) [RCV_R_B]
Lithuania,2018,651067,Hazardous and non-hazardous - total [HAZ_NHAZ],Recovery - recycling and backfilling (R2-R11) [RCV_R_B]
Lithuania,2020,587163,Hazardous and non-hazardous - total [HAZ_NHAZ],Recovery - recycling and backfilling (R2-R11) [RCV_R_B]
Lithuania,2022,616231,Hazardous and non-hazardous - total [HAZ_NHAZ],Recovery - recycling and backfilling (R2-R11) [RCV_R_B]
Luxembourg,2010,528548,Hazardous and non-hazardous - total [HAZ_NHAZ],Recovery - recycling and backfilling (R2-R11) [RCV_R_B]
Luxembourg,2012,517516,Hazardous and non-hazardous - total [HAZ_NHAZ],Recovery - recycling and backfilling (R2-R11) [RCV_R_B]
Luxembourg,2014,488214,Hazardous and non-hazardous - total [HAZ_NHAZ],Recovery - recycling and backfilling (R2-R11) [RCV_R_B]
Luxembourg,2016,500886,Hazardous and non-hazardous - total [HAZ_NHAZ],Recovery - recycling and backfilling (R2-R11) [RCV_R_B]
Luxembourg,2018,382657,Hazardous and non-hazardous - total [HAZ_NHAZ],Recovery - recycling and backfilling (R2-R11) [RCV_R_B]
Luxembourg,2020,536986,Hazardous and non-hazardous - total [HAZ_NHAZ],Recovery - recycling and backfilling (R2-R11) [RCV_R_B]
Luxembourg,2022,1086581,Hazardous and non-hazardous - total [HAZ_NHAZ],Recovery - recycling and backfilling (R2-R11) [RCV_R_B]
Hungary,2010,1434971,Hazardous and non-hazardous - total [HAZ_NHAZ],Recovery - recycling and backfilling (R2-R11) [RCV_R_B]
Hungary,2012,1431518,Hazardous and non-hazardous - total [HAZ_NHAZ],Recovery - recycling and backfilling (R2-R11) [RCV_R_B]
Hungary,2014,2081896,Hazardous and non-hazardous - total [HAZ_NHAZ],Recovery - recycling and backfilling (R2-R11) [RCV_R_B]
Hungary,2016,2542883,Hazardous and non-hazardous - total [HAZ_NHAZ],Recovery - recycling and backfilling (R2-R11) [RCV_R_B]
Hungary,2018,3437589,Hazardous and non-hazardous - total [HAZ_NHAZ],Recovery - recycling and backfilling (R2-R11) [RCV_R_B]
Hungary,2020,4247696,Hazardous and non-hazardous - total [HAZ_NHAZ],Recovery - recycling and backfilling (R2-R11) [RCV_R_B]
Hungary,2022,3734492,Hazardous and non-hazardous - total [HAZ_NHAZ],Recovery - recycling and backfilling (R2-R11) [RCV_R_B]
Malta,2010,119946,Hazardous and non-hazardous - total [HAZ_NHAZ],Recovery - recycling and backfilling (R2-R11) [RCV_R_B]
Malta,2012,506027,Hazardous and non-hazardous - total [HAZ_NHAZ],Recovery - recycling and backfilling (R2-R11) [RCV_R_B]
Malta,2014,786983,Hazardous and non-hazardous - total [HAZ_NHAZ],Recovery - recycling and backfilling (R2-R11) [RCV_R_B]
Malta,2016,1030038,Hazardous and non-hazardous - total [HAZ_NHAZ],Recovery - recycling and backfilling (R2-R11) [RCV_R_B]
Malta,2018,1759799,Hazardous and non-hazardous - total [HAZ_NHAZ],Recovery - recycling and backfilling (R2-R11) [RCV_R_B]
Malta,2020,2947799,Hazardous and non-hazardous - total [HAZ_NHAZ],Recovery - recycling and backfilling (R2-R11) [RCV_R_B]
Malta,2022,2062364,Hazardous and non-hazardous - total [HAZ_NHAZ],Recovery - recycling and backfilling (R2-R11) [RCV_R_B]
Netherlands,2010,20022174,Hazardous and non-hazardous - total [HAZ_NHAZ],Recovery - recycling and backfilling (R2-R11) [RCV_R_B]
Netherlands,2012,19357728,Hazardous and non-hazardous - total [HAZ_NHAZ],Recovery - recycling and backfilling (R2-R11) [RCV_R_B]
Netherlands,2014,18828734,Hazardous and non-hazardous - total [HAZ_NHAZ],Recovery - recycling and backfilling (R2-R11) [RCV_R_B]
Netherlands,2016,19366506,Hazardous and non-hazardous - total [HAZ_NHAZ],Recovery - recycling and backfilling (R2-R11) [RCV_R_B]
Netherlands,2018,20291420,Hazardous and non-hazardous - total [HAZ_NHAZ],Recovery - recycling and backfilling (R2-R11) [RCV_R_B]
Netherlands,2020,20203498,Hazardous and non-hazardous - total [HAZ_NHAZ],Recovery - recycling and backfilling (R2-R11) [RCV_R_B]
Netherlands,2022,19893309,Hazardous and non-hazardous - total [HAZ_NHAZ],Recovery - recycling and backfilling (R2-R11) [RCV_R_B]
Austria,2010,5420000,Hazardous and non-hazardous - total [HAZ_NHAZ],Recovery - recycling and backfilling (R2-R11) [RCV_R_B]
Austria,2012,5786101,Hazardous and non-hazardous - total [HAZ_NHAZ],Recovery - recycling and backfilling (R2-R11) [RCV_R_B]
Austria,2014,8583738,Hazardous and non-hazardous - total [HAZ_NHAZ],Recovery - recycling and backfilling (R2-R11) [RCV_R_B]
Austria,2016,8771868,Hazardous and non-hazardous - total [HAZ_NHAZ],Recovery - recycling and backfilling (R2-R11) [RCV_R_B]
Austria,2018,9451213,Hazardous and non-hazardous - total [HAZ_NHAZ],Recovery - recycling and backfilling (R2-R11) [RCV_R_B]
Austria,2020,9755667,Hazardous and non-hazardous - total [HAZ_NHAZ],Recovery - recycling and backfilling (R2-R11) [RCV_R_B]
Austria,2022,9836764,Hazardous and non-hazardous - total [HAZ_NHAZ],Recovery - recycling and backfilling (R2-R11) [RCV_R_B]
Poland,2010,2935902,Hazardous and non-hazardous - total [HAZ_NHAZ],Recovery - recycling and backfilling (R2-R11) [RCV_R_B]
Poland,2012,2777966,Hazardous and non-hazardous - total [HAZ_NHAZ],Recovery - recycling and backfilling (R2-R11) [RCV_R_B]
Poland,2014,4894062,Hazardous and non-hazardous - total [HAZ_NHAZ],Recovery - recycling and backfilling (R2-R11) [RCV_R_B]
Poland,2016,3389749,Hazardous and non-hazardous - total [HAZ_NHAZ],Recovery - recycling and backfilling (R2-R11) [RCV_R_B]
Poland,2018,3648535,Hazardous and non-hazardous - total [HAZ_NHAZ],Recovery - recycling and backfilling (R2-R11) [RCV_R_B]
Poland,2020,3699914,Hazardous and non-hazardous - total [HAZ_NHAZ],Recovery - recycling and backfilling (R2-R11) [RCV_R_B]
Poland,2022,4411619,Hazardous and non-hazardous - total [HAZ_NHAZ],Recovery - recycling and backfilling (R2-R11) [RCV_R_B]
Portugal,2010,303579,Hazardous and non-hazardous - total [HAZ_NHAZ],Recovery - recycling and backfilling (R2-R11) [RCV_R_B]
Portugal,2012,484001,Hazardous and non-hazardous - total [HAZ_NHAZ],Recovery - recycling and backfilling (R2-R11) [RCV_R_B]
Portugal,2014,476997,Hazardous and non-hazardous - total [HAZ_NHAZ],Recovery - recycling and backfilling (R2-R11) [RCV_R_B]
Portugal,2016,850105,Hazardous and non-hazardous - total [HAZ_NHAZ],Recovery - recycling and backfilling (R2-R11) [RCV_R_B]
Portugal,2018,866467,Hazardous and non-hazardous - total [HAZ_NHAZ],Recovery - recycling and backfilling (R2-R11) [RCV_R_B]
Portugal,2020,1221399,Hazardous and non-hazardous - total [HAZ_NHAZ],Recovery - recycling and backfilling (R2-R11) [RCV_R_B]
Portugal,2022,1427764,Hazardous and non-hazardous - total [HAZ_NHAZ],Recovery - recycling and backfilling (R2-R11) [RCV_R_B]
Romania,2010,414303,Hazardous and non-hazardous - total [HAZ_NHAZ],Recovery - recycling and backfilling (R2-R11) [RCV_R_B]
Romania,2012,529522,Hazardous and non-hazardous - total [HAZ_NHAZ],Recovery - recycling and backfilling (R2-R11) [RCV_R_B]
Romania,2014,424577,Hazardous and non-hazardous - total [HAZ_NHAZ],Recovery - recycling and backfilling (R2-R11) [RCV_R_B]
Romania,2016,980632,Hazardous and non-hazardous - total [HAZ_NHAZ],Recovery - recycling and backfilling (R2-R11) [RCV_R_B]
Romania,2018,434515,Hazardous and non-hazardous - total [HAZ_NHAZ],Recovery - recycling and backfilling (R2-R11) [RCV_R_B]
Romania,2020,841828,Hazardous and non-hazardous - total [HAZ_NHAZ],Recovery - recycling and backfilling (R2-R11) [RCV_R_B]
Romania,2022,869664,Hazardous and non-hazardous - total [HAZ_NHAZ],Recovery - recycling and backfilling (R2-R11) [RCV_R_B]
Slovenia,2010,645203,Hazardous and non-hazardous - total [HAZ_NHAZ],Recovery - recycling and backfilling (R2-R11) [RCV_R_B]
Slovenia,2012,288404,Hazardous and non-hazardous - total [HAZ_NHAZ],Recovery - recycling and backfilling (R2-R11) [RCV_R_B]
Slovenia,2014,511724,Hazardous and non-hazardous - total [HAZ_NHAZ],Recovery - recycling and backfilling (R2-R11) [RCV_R_B]
Slovenia,2016,582639,Hazardous and non-hazardous - total [HAZ_NHAZ],Recovery - recycling and backfilling (R2-R11) [RCV_R_B]
Slovenia,2018,996254,Hazardous and non-hazardous - total [HAZ_NHAZ],Recovery - recycling and backfilling (R2-R11) [RCV_R_B]
Slovenia,2020,950951,Hazardous and non-hazardous - total [HAZ_NHAZ],Recovery - recycling and backfilling (R2-R11) [RCV_R_B]
Slovenia,2022,1123467,Hazardous and non-hazardous - total [HAZ_NHAZ],Recovery - recycling and backfilling (R2-R11) [RCV_R_B]
Slovakia,2010,226131,Hazardous and non-hazardous - total [HAZ_NHAZ],Recovery - recycling and backfilling (R2-R11) [RCV_R_B]
Slovakia,2012,168180,Hazardous and non-hazardous - total [HAZ_NHAZ],Recovery - recycling and backfilling (R2-R11) [RCV_R_B]
Slovakia,2014,229259,Hazardous and non-hazardous - total [HAZ_NHAZ],Recovery - recycling and backfilling (R2-R11) [RCV_R_B]
Slovakia,2016,217333,Hazardous and non-hazardous - total [HAZ_NHAZ],Recovery - recycling and backfilling (R2-R11) [RCV_R_B]
Slovakia,2018,178337,Hazardous and non-hazardous - total [HAZ_NHAZ],Recovery - recycling and backfilling (R2-R11) [RCV_R_B]
Slovakia,2020,706293,Hazardous and non-hazardous - total [HAZ_NHAZ],Recovery - recycling and backfilling (R2-R11) [RCV_R_B]
Slovakia,2022,1127361,Hazardous and non-hazardous - total [HAZ_NHAZ],Recovery - recycling and backfilling (R2-R11) [RCV_R_B]
Finland,2010,1386266,Hazardous and non-hazardous - total [HAZ_NHAZ],Recovery - recycling and backfilling (R2-R11) [RCV_R_B]
Finland,2012,515343,Hazardous and non-hazardous - total [HAZ_NHAZ],Recovery - recycling and backfilling (R2-R11) [RCV_R_B]
Finland,2014,1401287,Hazardous and non-hazardous - total [HAZ_NHAZ],Recovery - recycling and backfilling (R2-R11) [RCV_R_B]
Finland,2016,1726245,Hazardous and non-hazardous - total [HAZ_NHAZ],Recovery - recycling and backfilling (R2-R11) [RCV_R_B]
Finland,2018,879153,Hazardous and non-hazardous - total [HAZ_NHAZ],Recovery - recycling and backfilling (R2-R11) [RCV_R_B]
Finland,2020,747349,Hazardous and non-hazardous - total [HAZ_NHAZ],Recovery - recycling and backfilling (R2-R11) [RCV_R_B]
Finland,2022,665147,Hazardous and non-hazardous - total [HAZ_NHAZ],Recovery - recycling and backfilling (R2-R11) [RCV_R_B]
Sweden,2010,618500,Hazardous and non-hazardous - total [HAZ_NHAZ],Recovery - recycling and backfilling (R2-R11) [RCV_R_B]
Sweden,2012,496938,Hazardous and non-hazardous - total [HAZ_NHAZ],Recovery - recycling and backfilling (R2-R11) [RCV_R_B]
Sweden,2014,586388,Hazardous and non-hazardous - total [HAZ_NHAZ],Recovery - recycling and backfilling (R2-R11) [RCV_R_B]
Sweden,2016,885996,Hazardous and non-hazardous - total [HAZ_NHAZ],Recovery - recycling and backfilling (R2-R11) [RCV_R_B]
Sweden,2018,1109131,Hazardous and non-hazardous - total [HAZ_NHAZ],Recovery - recycling and backfilling (R2-R11) [RCV_R_B]
Sweden,2020,1226691,Hazardous and non-hazardous - total [HAZ_NHAZ],Recovery - recycling and backfilling (R2-R11) [RCV_R_B]
Sweden,2022,1327725,Hazardous and non-hazardous - total [HAZ_NHAZ],Recovery - recycling and backfilling (R2-R11) [RCV_R_B]
Iceland,2010,5441,Hazardous and non-hazardous - total [HAZ_NHAZ],Recovery - recycling and backfilling (R2-R11) [RCV_R_B]
Iceland,2012,2891,Hazardous and non-hazardous - total [HAZ_NHAZ],Recovery - recycling and backfilling (R2-R11) [RCV_R_B]
Iceland,2014,338556,Hazardous and non-hazardous - total [HAZ_NHAZ],Recovery - recycling and backfilling (R2-R11) [RCV_R_B]
Iceland,2016,471486,Hazardous and non-hazardous - total [HAZ_NHAZ],Recovery - recycling and backfilling (R2-R11) [RCV_R_B]
Iceland,2018,600265,Hazardous and non-hazardous - total [HAZ_NHAZ],Recovery - recycling and backfilling (R2-R11) [RCV_R_B]
Iceland,2020,407451,Hazardous and non-hazardous - total [HAZ_NHAZ],Recovery - recycling and backfilling (R2-R11) [RCV_R_B]
Iceland,2022,113140,Hazardous and non-hazardous - total [HAZ_NHAZ],Recovery - recycling and backfilling (R2-R11) [RCV_R_B]
Norway,2010,146335,Hazardous and non-hazardous - total [HAZ_NHAZ],Recovery - recycling and backfilling (R2-R11) [RCV_R_B]
Norway,2012,631137,Hazardous and non-hazardous - total [HAZ_NHAZ],Recovery - recycling and backfilling (R2-R11) [RCV_R_B]
Norway,2014,1382786,Hazardous and non-hazardous - total [HAZ_NHAZ],Recovery - recycling and backfilling (R2-R11) [RCV_R_B]
Norway,2016,1579731,Hazardous and non-hazardous - total [HAZ_NHAZ],Recovery - recycling and backfilling (R2-R11) [RCV_R_B]
Norway,2018,1513278,Hazardous and non-hazardous - total [HAZ_NHAZ],Recovery - recycling and backfilling (R2-R11) [RCV_R_B]
Norway,2020,1845613,Hazardous and non-hazardous - total [HAZ_NHAZ],Recovery - recycling and backfilling (R2-R11) [RCV_R_B]
Norway,2022,1812314,Hazardous and non-hazardous - total [HAZ_NHAZ],Recovery - recycling and backfilling (R2-R11) [RCV_R_B]
United Kingdom,2010,50927440,Hazardous and non-hazardous - total [HAZ_NHAZ],Recovery - recycling and backfilling (R2-R11) [RCV_R_B]
United Kingdom,2012,47597370,Hazardous and non-hazardous - total [HAZ_NHAZ],Recovery - recycling and backfilling (R2-R11) [RCV_R_B]
United Kingdom,2014,53791020,Hazardous and non-hazardous - total [HAZ_NHAZ],Recovery - recycling and backfilling (R2-R11) [RCV_R_B]
United Kingdom,2016,57862651,Hazardous and non-hazardous - total [HAZ_NHAZ],Recovery - recycling and backfilling (R2-R11) [RCV_R_B]
United Kingdom,2018,60183958,Hazardous and non-hazardous - total [HAZ_NHAZ],Recovery - recycling and backfilling (R2-R11) [RCV_R_B]
Bosnia and Herzegovina,2022,76,Hazardous and non-hazardous - total [HAZ_NHAZ],Recovery - recycling and backfilling (R2-R11) [RCV_R_B]
Montenegro,2012,0,Hazardous and non-hazardous - total [HAZ_NHAZ],Recovery - recycling and backfilling (R2-R11) [RCV_R_B]
Montenegro,2014,76,Hazardous and non-hazardous - total [HAZ_NHAZ],Recovery - recycling and backfilling (R2-R11) [RCV_R_B]
Montenegro,2016,0,Hazardous and non-hazardous - total [HAZ_NHAZ],Recovery - recycling and backfilling (R2-R11) [RCV_R_B]
Montenegro,2018,0,Hazardous and non-hazardous - total [HAZ_NHAZ],Recovery - recycling and backfilling (R2-R11) [RCV_R_B]
Montenegro,2020,340,Hazardous and non-hazardous - total [HAZ_NHAZ],Recovery - recycling and backfilling (R2-R11) [RCV_R_B]
Montenegro,2022,16,Hazardous and non-hazardous - total [HAZ_NHAZ],Recovery - recycling and backfilling (R2-R11) [RCV_R_B]
North Macedonia,2010,0,Hazardous and non-hazardous - total [HAZ_NHAZ],Recovery - recycling and backfilling (R2-R11) [RCV_R_B]
North Macedonia,2012,0,Hazardous and non-hazardous - total [HAZ_NHAZ],Recovery - recycling and backfilling (R2-R11) [RCV_R_B]
North Macedonia,2014,0,Hazardous and non-hazardous - total [HAZ_NHAZ],Recovery - recycling and backfilling (R2-R11) [RCV_R_B]
North Macedonia,2018,8034,Hazardous and non-hazardous - total [HAZ_NHAZ],Recovery - recycling and backfilling (R2-R11) [RCV_R_B]
North Macedonia,2020,0,Hazardous and non-hazardous - total [HAZ_NHAZ],Recovery - recycling and backfilling (R2-R11) [RCV_R_B]
North Macedonia,2022,0,Hazardous and non-hazardous - total [HAZ_NHAZ],Recovery - recycling and backfilling (R2-R11) [RCV_R_B]
Albania,2014,0,Hazardous and non-hazardous - total [HAZ_NHAZ],Recovery - recycling and backfilling (R2-R11) [RCV_R_B]
Albania,2022,42751,Hazardous and non-hazardous - total [HAZ_NHAZ],Recovery - recycling and backfilling (R2-R11) [RCV_R_B]
Serbia,2010,7,Hazardous and non-hazardous - total [HAZ_NHAZ],Recovery - recycling and backfilling (R2-R11) [RCV_R_B]
Serbia,2012,0,Hazardous and non-hazardous - total [HAZ_NHAZ],Recovery - recycling and backfilling (R2-R11) [RCV_R_B]
Serbia,2014,1514,Hazardous and non-hazardous - total [HAZ_NHAZ],Recovery - recycling and backfilling (R2-R11) [RCV_R_B]
Serbia,2016,206564,Hazardous and non-hazardous - total [HAZ_NHAZ],Recovery - recycling and backfilling (R2-R11) [RCV_R_B]
Serbia,2018,289361,Hazardous and non-hazardous - total [HAZ_NHAZ],Recovery - recycling and backfilling (R2-R11) [RCV_R_B]
Serbia,2020,390760,Hazardous and non-hazardous - total [HAZ_NHAZ],Recovery - recycling and backfilling (R2-R11) [RCV_R_B]
Serbia,2022,209472,Hazardous and non-hazardous - total [HAZ_NHAZ],Recovery - recycling and backfilling (R2-R11) [RCV_R_B]
Türkiye,2012,56620,Hazardous and non-hazardous - total [HAZ_NHAZ],Recovery - recycling and backfilling (R2-R11) [RCV_R_B]
Türkiye,2020,700,Hazardous and non-hazardous - total [HAZ_NHAZ],Recovery - recycling and backfilling (R2-R11) [RCV_R_B]
Kosovo*,2016,0,Hazardous and non-hazardous - total [HAZ_NHAZ],Recovery - recycling and backfilling (R2-R11) [RCV_R_B]
Kosovo*,2020,1313,Hazardous and non-hazardous - total [HAZ_NHAZ],Recovery - recycling and backfilling (R2-R11) [RCV_R_B]
Kosovo*,2022,83153,Hazardous and non-hazardous - total [HAZ_NHAZ],Recovery - recycling and backfilling (R2-R11) [RCV_R_B]
European Union - 27 countries (from 2020),2010,173890000,Hazardous and non-hazardous - total [HAZ_NHAZ],Recovery - recycling [RCV_R]
European Union - 27 countries (from 2020),2012,186160000,Hazardous and non-hazardous - total [HAZ_NHAZ],Recovery - recycling [RCV_R]
European Union - 27 countries (from 2020),2014,180170000,Hazardous and non-hazardous - total [HAZ_NHAZ],Recovery - recycling [RCV_R]
European Union - 27 countries (from 2020),2016,197210000,Hazardous and non-hazardous - total [HAZ_NHAZ],Recovery - recycling [RCV_R]
European Union - 27 countries (from 2020),2018,212720000,Hazardous and non-hazardous - total [HAZ_NHAZ],Recovery - recycling [RCV_R]
European Union - 27 countries (from 2020),2020,211230000,Hazardous and non-hazardous - total [HAZ_NHAZ],Recovery - recycling [RCV_R]
European Union - 27 countries (from 2020),2022,224600000,Hazardous and non-hazardous - total [HAZ_NHAZ],Recovery - recycling [RCV_R]
European Union - 28 countries (2013-2020),2010,223030000,Hazardous and non-hazardous - total [HAZ_NHAZ],Recovery - recycling [RCV_R]
European Union - 28 countries (2013-2020),2012,232940000,Hazardous and non-hazardous - total [HAZ_NHAZ],Recovery - recycling [RCV_R]
European Union - 28 countries (2013-2020),2014,232690000,Hazardous and non-hazardous - total [HAZ_NHAZ],Recovery - recycling [RCV_R]
European Union - 28 countries (2013-2020),2016,254390000,Hazardous and non-hazardous - total [HAZ_NHAZ],Recovery - recycling [RCV_R]
European Union - 28 countries (2013-2020),2018,272300000,Hazardous and non-hazardous - total [HAZ_NHAZ],Recovery - recycling [RCV_R]
Belgium,2010,33609,Hazardous and non-hazardous - total [HAZ_NHAZ],Recovery - recycling [RCV_R]
Belgium,2012,72664,Hazardous and non-hazardous - total [HAZ_NHAZ],Recovery - recycling [RCV_R]
Belgium,2014,52933,Hazardous and non-hazardous - total [HAZ_NHAZ],Recovery - recycling [RCV_R]
Belgium,2016,397211,Hazardous and non-hazardous - total [HAZ_NHAZ],Recovery - recycling [RCV_R]
Belgium,2018,493086,Hazardous and non-hazardous - total [HAZ_NHAZ],Recovery - recycling [RCV_R]
Belgium,2020,2506048,Hazardous and non-hazardous - total [HAZ_NHAZ],Recovery - recycling [RCV_R]
Belgium,2022,2581636,Hazardous and non-hazardous - total [HAZ_NHAZ],Recovery - recycling [RCV_R]
Bulgaria,2010,30040,Hazardous and non-hazardous - total [HAZ_NHAZ],Recovery - recycling [RCV_R]
Bulgaria,2012,60606,Hazardous and non-hazardous - total [HAZ_NHAZ],Recovery - recycling [RCV_R]
Bulgaria,2014,652508,Hazardous and non-hazardous - total [HAZ_NHAZ],Recovery - recycling [RCV_R]
Bulgaria,2016,546139,Hazardous and non-hazardous - total [HAZ_NHAZ],Recovery - recycling [RCV_R]
Bulgaria,2018,126388,Hazardous and non-hazardous - total [HAZ_NHAZ],Recovery - recycling [RCV_R]
Bulgaria,2020,901834,Hazardous and non-hazardous - total [HAZ_NHAZ],Recovery - recycling [RCV_R]
Bulgaria,2022,286099,Hazardous and non-hazardous - total [HAZ_NHAZ],Recovery - recycling [RCV_R]
Czechia,2010,1651728,Hazardous and non-hazardous - total [HAZ_NHAZ],Recovery - recycling [RCV_R]
Czechia,2012,2109721,Hazardous and non-hazardous - total [HAZ_NHAZ],Recovery - recycling [RCV_R]
Czechia,2014,2076711,Hazardous and non-hazardous - total [HAZ_NHAZ],Recovery - recycling [RCV_R]
Czechia,2016,3372750,Hazardous and non-hazardous - total [HAZ_NHAZ],Recovery - recycling [RCV_R]
Czechia,2018,5369517,Hazardous and non-hazardous - total [HAZ_NHAZ],Recovery - recycling [RCV_R]
Czechia,2020,4886661,Hazardous and non-hazardous - total [HAZ_NHAZ],Recovery - recycling [RCV_R]
Czechia,2022,4836368,Hazardous and non-hazardous - total [HAZ_NHAZ],Recovery - recycling [RCV_R]
Denmark,2010,1826219,Hazardous and non-hazardous - total [HAZ_NHAZ],Recovery - recycling [RCV_R]
Denmark,2012,2495507,Hazardous and non-hazardous - total [HAZ_NHAZ],Recovery - recycling [RCV_R]
Denmark,2014,3024952,Hazardous and non-hazardous - total [HAZ_NHAZ],Recovery - recycling [RCV_R]
Denmark,2016,3096401,Hazardous and non-hazardous - total [HAZ_NHAZ],Recovery - recycling [RCV_R]
Denmark,2018,1239666,Hazardous and non-hazardous - total [HAZ_NHAZ],Recovery - recycling [RCV_R]
Denmark,2020,899171,Hazardous and non-hazardous - total [HAZ_NHAZ],Recovery - recycling [RCV_R]
Denmark,2022,1533173,Hazardous and non-hazardous - total [HAZ_NHAZ],Recovery - recycling [RCV_R]
Germany,2010,63598032,Hazardous and non-hazardous - total [HAZ_NHAZ],Recovery - recycling [RCV_R]
Germany,2012,63929631,Hazardous and non-hazardous - total [HAZ_NHAZ],Recovery - recycling [RCV_R]
Germany,2014,63977065,Hazardous and non-hazardous - total [HAZ_NHAZ],Recovery - recycling [RCV_R]
Germany,2016,70116616,Hazardous and non-hazardous - total [HAZ_NHAZ],Recovery - recycling [RCV_R]
Germany,2018,69332855,Hazardous and non-hazardous - total [HAZ_NHAZ],Recovery - recycling [RCV_R]
Germany,2020,72054381,Hazardous and non-hazardous - total [HAZ_NHAZ],Recovery - recycling [RCV_R]
Germany,2022,69901344,Hazardous and non-hazardous - total [HAZ_NHAZ],Recovery - recycling [RCV_R]
Estonia,2010,526038,Hazardous and non-hazardous - total [HAZ_NHAZ],Recovery - recycling [RCV_R]
Estonia,2012,406409,Hazardous and non-hazardous - total [HAZ_NHAZ],Recovery - recycling [RCV_R]
Estonia,2014,581606,Hazardous and non-hazardous - total [HAZ_NHAZ],Recovery - recycling [RCV_R]
Estonia,2016,326623,Hazardous and non-hazardous - total [HAZ_NHAZ],Recovery - recycling [RCV_R]
Estonia,2018,564416,Hazardous and non-hazardous - total [HAZ_NHAZ],Recovery - recycling [RCV_R]
Estonia,2020,246175,Hazardous and non-hazardous - total [HAZ_NHAZ],Recovery - recycling [RCV_R]
Estonia,2022,510508,Hazardous and non-hazardous - total [HAZ_NHAZ],Recovery - recycling [RCV_R]
Ireland,2010,306453,Hazardous and non-hazardous - total [HAZ_NHAZ],Recovery - recycling [RCV_R]
Ireland,2012,212339,Hazardous and non-hazardous - total [HAZ_NHAZ],Recovery - recycling [RCV_R]
Ireland,2014,193465,Hazardous and non-hazardous - total [HAZ_NHAZ],Recovery - recycling [RCV_R]
Ireland,2016,189920,Hazardous and non-hazardous - total [HAZ_NHAZ],Recovery - recycling [RCV_R]
Ireland,2018,235780,Hazardous and non-hazardous - total [HAZ_NHAZ],Recovery - recycling [RCV_R]
Ireland,2020,220230,Hazardous and non-hazardous - total [HAZ_NHAZ],Recovery - recycling [RCV_R]
Ireland,2022,369828,Hazardous and non-hazardous - total [HAZ_NHAZ],Recovery - recycling [RCV_R]
Greece,2010,0,Hazardous and non-hazardous - total [HAZ_NHAZ],Recovery - recycling [RCV_R]
Greece,2012,2568,Hazardous and non-hazardous - total [HAZ_NHAZ],Recovery - recycling [RCV_R]
Greece,2014,595,Hazardous and non-hazardous - total [HAZ_NHAZ],Recovery - recycling [RCV_R]
Greece,2016,121677,Hazardous and non-hazardous - total [HAZ_NHAZ],Recovery - recycling [RCV_R]
Greece,2018,0,Hazardous and non-hazardous - total [HAZ_NHAZ],Recovery - recycling [RCV_R]
Greece,2020,1573901,Hazardous and non-hazardous - total [HAZ_NHAZ],Recovery - recycling [RCV_R]
Greece,2022,2228185,Hazardous and non-hazardous - total [HAZ_NHAZ],Recovery - recycling [RCV_R]
Spain,2010,4630239,Hazardous and non-hazardous - total [HAZ_NHAZ],Recovery - recycling [RCV_R]
Spain,2012,18709260,Hazardous and non-hazardous - total [HAZ_NHAZ],Recovery - recycling [RCV_R]
Spain,2014,4466243,Hazardous and non-hazardous - total [HAZ_NHAZ],Recovery - recycling [RCV_R]
Spain,2016,6450046,Hazardous and non-hazardous - total [HAZ_NHAZ],Recovery - recycling [RCV_R]
Spain,2018,10374494,Hazardous and non-hazardous - total [HAZ_NHAZ],Recovery - recycling [RCV_R]
Spain,2020,10287135,Hazardous and non-hazardous - total [HAZ_NHAZ],Recovery - recycling [RCV_R]
Spain,2022,10327392,Hazardous and non-hazardous - total [HAZ_NHAZ],Recovery - recycling [RCV_R]
France,2010,38196514,Hazardous and non-hazardous - total [HAZ_NHAZ],Recovery - recycling [RCV_R]
France,2012,36286688,Hazardous and non-hazardous - total [HAZ_NHAZ],Recovery - recycling [RCV_R]
France,2014,38301273,Hazardous and non-hazardous - total [HAZ_NHAZ],Recovery - recycling [RCV_R]
France,2016,40717877,Hazardous and non-hazardous - total [HAZ_NHAZ],Recovery - recycling [RCV_R]
France,2018,45062504,Hazardous and non-hazardous - total [HAZ_NHAZ],Recovery - recycling [RCV_R]
France,2020,34416812,Hazardous and non-hazardous - total [HAZ_NHAZ],Recovery - recycling [RCV_R]
France,2022,40350317,Hazardous and non-hazardous - total [HAZ_NHAZ],Recovery - recycling [RCV_R]
Croatia,2010,997,Hazardous and non-hazardous - total [HAZ_NHAZ],Recovery - recycling [RCV_R]
Croatia,2012,128818,Hazardous and non-hazardous - total [HAZ_NHAZ],Recovery - recycling [RCV_R]
Croatia,2014,191777,Hazardous and non-hazardous - total [HAZ_NHAZ],Recovery - recycling [RCV_R]
Croatia,2016,206998,Hazardous and non-hazardous - total [HAZ_NHAZ],Recovery - recycling [RCV_R]
Croatia,2018,212752,Hazardous and non-hazardous - total [HAZ_NHAZ],Recovery - recycling [RCV_R]
Croatia,2020,321057,Hazardous and non-hazardous - total [HAZ_NHAZ],Recovery - recycling [RCV_R]
Croatia,2022,352930,Hazardous and non-hazardous - total [HAZ_NHAZ],Recovery - recycling [RCV_R]
Italy,2010,29780370,Hazardous and non-hazardous - total [HAZ_NHAZ],Recovery - recycling [RCV_R]
Italy,2012,29782235,Hazardous and non-hazardous - total [HAZ_NHAZ],Recovery - recycling [RCV_R]
Italy,2014,30018980,Hazardous and non-hazardous - total [HAZ_NHAZ],Recovery - recycling [RCV_R]
Italy,2016,33192131,Hazardous and non-hazardous - total [HAZ_NHAZ],Recovery - recycling [RCV_R]
Italy,2018,39481612,Hazardous and non-hazardous - total [HAZ_NHAZ],Recovery - recycling [RCV_R]
Italy,2020,44363051,Hazardous and non-hazardous - total [HAZ_NHAZ],Recovery - recycling [RCV_R]
Italy,2022,52796284,Hazardous and non-hazardous - total [HAZ_NHAZ],Recovery - recycling [RCV_R]
Cyprus,2010,0,Hazardous and non-hazardous - total [HAZ_NHAZ],Recovery - recycling [RCV_R]
Cyprus,2012,62129,Hazardous and non-hazardous - total [HAZ_NHAZ],Recovery - recycling [RCV_R]
Cyprus,2014,42283,Hazardous and non-hazardous - total [HAZ_NHAZ],Recovery - recycling [RCV_R]
Cyprus,2016,107072,Hazardous and non-hazardous - total [HAZ_NHAZ],Recovery - recycling [RCV_R]
Cyprus,2018,140472,Hazardous and non-hazardous - total [HAZ_NHAZ],Recovery - recycling [RCV_R]
Cyprus,2020,205845,Hazardous and non-hazardous - total [HAZ_NHAZ],Recovery - recycling [RCV_R]
Cyprus,2022,211235,Hazardous and non-hazardous - total [HAZ_NHAZ],Recovery - recycling [RCV_R]
Latvia,2010,133271,Hazardous and non-hazardous - total [HAZ_NHAZ],Recovery - recycling [RCV_R]
Latvia,2012,148615,Hazardous and non-hazardous - total [HAZ_NHAZ],Recovery - recycling [RCV_R]
Latvia,2014,92541,Hazardous and non-hazardous - total [HAZ_NHAZ],Recovery - recycling [RCV_R]
Latvia,2016,95293,Hazardous and non-hazardous - total [HAZ_NHAZ],Recovery - recycling [RCV_R]
Latvia,2018,347865,Hazardous and non-hazardous - total [HAZ_NHAZ],Recovery - recycling [RCV_R]
Latvia,2020,284144,Hazardous and non-hazardous - total [HAZ_NHAZ],Recovery - recycling [RCV_R]
Latvia,2022,320316,Hazardous and non-hazardous - total [HAZ_NHAZ],Recovery - recycling [RCV_R]
Lithuania,2010,234810,Hazardous and non-hazardous - total [HAZ_NHAZ],Recovery - recycling [RCV_R]
Lithuania,2012,338332,Hazardous and non-hazardous - total [HAZ_NHAZ],Recovery - recycling [RCV_R]
Lithuania,2014,417067,Hazardous and non-hazardous - total [HAZ_NHAZ],Recovery - recycling [RCV_R]
Lithuania,2016,538958,Hazardous and non-hazardous - total [HAZ_NHAZ],Recovery - recycling [RCV_R]
Lithuania,2018,521575,Hazardous and non-hazardous - total [HAZ_NHAZ],Recovery - recycling [RCV_R]
Lithuania,2020,469153,Hazardous and non-hazardous - total [HAZ_NHAZ],Recovery - recycling [RCV_R]
Lithuania,2022,515913,Hazardous and non-hazardous - total [HAZ_NHAZ],Recovery - recycling [RCV_R]
Luxembourg,2010,513548,Hazardous and non-hazardous - total [HAZ_NHAZ],Recovery - recycling [RCV_R]
Luxembourg,2012,517516,Hazardous and non-hazardous - total [HAZ_NHAZ],Recovery - recycling [RCV_R]
Luxembourg,2014,409555,Hazardous and non-hazardous - total [HAZ_NHAZ],Recovery - recycling [RCV_R]
Luxembourg,2016,354855,Hazardous and non-hazardous - total [HAZ_NHAZ],Recovery - recycling [RCV_R]
Luxembourg,2018,380761,Hazardous and non-hazardous - total [HAZ_NHAZ],Recovery - recycling [RCV_R]
Luxembourg,2020,484971,Hazardous and non-hazardous - total [HAZ_NHAZ],Recovery - recycling [RCV_R]
Luxembourg,2022,1031481,Hazardous and non-hazardous - total [HAZ_NHAZ],Recovery - recycling [RCV_R]
Hungary,2010,1259793,Hazardous and non-hazardous - total [HAZ_NHAZ],Recovery - recycling [RCV_R]
Hungary,2012,1255917,Hazardous and non-hazardous - total [HAZ_NHAZ],Recovery - recycling [RCV_R]
Hungary,2014,1772328,Hazardous and non-hazardous - total [HAZ_NHAZ],Recovery - recycling [RCV_R]
Hungary,2016,2299642,Hazardous and non-hazardous - total [HAZ_NHAZ],Recovery - recycling [RCV_R]
Hungary,2018,3203080,Hazardous and non-hazardous - total [HAZ_NHAZ],Recovery - recycling [RCV_R]
Hungary,2020,439775,Hazardous and non-hazardous - total [HAZ_NHAZ],Recovery - recycling [RCV_R]
Hungary,2022,843615,Hazardous and non-hazardous - total [HAZ_NHAZ],Recovery - recycling [RCV_R]
Malta,2010,119412,Hazardous and non-hazardous - total [HAZ_NHAZ],Recovery - recycling [RCV_R]
Malta,2012,113082,Hazardous and non-hazardous - total [HAZ_NHAZ],Recovery - recycling [RCV_R]
Malta,2014,273203,Hazardous and non-hazardous - total [HAZ_NHAZ],Recovery - recycling [RCV_R]
Malta,2016,198291,Hazardous and non-hazardous - total [HAZ_NHAZ],Recovery - recycling [RCV_R]
Malta,2018,392847,Hazardous and non-hazardous - total [HAZ_NHAZ],Recovery - recycling [RCV_R]
Malta,2020,1232033,Hazardous and non-hazardous - total [HAZ_NHAZ],Recovery - recycling [RCV_R]
Malta,2022,1387057,Hazardous and non-hazardous - total [HAZ_NHAZ],Recovery - recycling [RCV_R]
Netherlands,2010,20022174,Hazardous and non-hazardous - total [HAZ_NHAZ],Recovery - recycling [RCV_R]
Netherlands,2012,19357728,Hazardous and non-hazardous - total [HAZ_NHAZ],Recovery - recycling [RCV_R]
Netherlands,2014,18828734,Hazardous and non-hazardous - total [HAZ_NHAZ],Recovery - recycling [RCV_R]
Netherlands,2016,19366506,Hazardous and non-hazardous - total [HAZ_NHAZ],Recovery - recycling [RCV_R]
Netherlands,2018,20291420,Hazardous and non-hazardous - total [HAZ_NHAZ],Recovery - recycling [RCV_R]
Netherlands,2020,20203498,Hazardous and non-hazardous - total [HAZ_NHAZ],Recovery - recycling [RCV_R]
Netherlands,2022,19893309,Hazardous and non-hazardous - total [HAZ_NHAZ],Recovery - recycling [RCV_R]
Austria,2010,5420000,Hazardous and non-hazardous - total [HAZ_NHAZ],Recovery - recycling [RCV_R]
Austria,2012,5786101,Hazardous and non-hazardous - total [HAZ_NHAZ],Recovery - recycling [RCV_R]
Austria,2014,7572192,Hazardous and non-hazardous - total [HAZ_NHAZ],Recovery - recycling [RCV_R]
Austria,2016,8641839,Hazardous and non-hazardous - total [HAZ_NHAZ],Recovery - recycling [RCV_R]
Austria,2018,8968213,Hazardous and non-hazardous - total [HAZ_NHAZ],Recovery - recycling [RCV_R]
Austria,2020,9207799,Hazardous and non-hazardous - total [HAZ_NHAZ],Recovery - recycling [RCV_R]
Austria,2022,7532824,Hazardous and non-hazardous - total [HAZ_NHAZ],Recovery - recycling [RCV_R]
Poland,2010,2223727,Hazardous and non-hazardous - total [HAZ_NHAZ],Recovery - recycling [RCV_R]
Poland,2012,2044263,Hazardous and non-hazardous - total [HAZ_NHAZ],Recovery - recycling [RCV_R]
Poland,2014,3955547,Hazardous and non-hazardous - total [HAZ_NHAZ],Recovery - recycling [RCV_R]
Poland,2016,2592887,Hazardous and non-hazardous - total [HAZ_NHAZ],Recovery - recycling [RCV_R]
Poland,2018,2511000,Hazardous and non-hazardous - total [HAZ_NHAZ],Recovery - recycling [RCV_R]
Poland,2020,1767672,Hazardous and non-hazardous - total [HAZ_NHAZ],Recovery - recycling [RCV_R]
Poland,2022,1803471,Hazardous and non-hazardous - total [HAZ_NHAZ],Recovery - recycling [RCV_R]
Portugal,2010,250384,Hazardous and non-hazardous - total [HAZ_NHAZ],Recovery - recycling [RCV_R]
Portugal,2012,342799,Hazardous and non-hazardous - total [HAZ_NHAZ],Recovery - recycling [RCV_R]
Portugal,2014,262809,Hazardous and non-hazardous - total [HAZ_NHAZ],Recovery - recycling [RCV_R]
Portugal,2016,361451,Hazardous and non-hazardous - total [HAZ_NHAZ],Recovery - recycling [RCV_R]
Portugal,2018,298565,Hazardous and non-hazardous - total [HAZ_NHAZ],Recovery - recycling [RCV_R]
Portugal,2020,408966,Hazardous and non-hazardous - total [HAZ_NHAZ],Recovery - recycling [RCV_R]
Portugal,2022,625433,Hazardous and non-hazardous - total [HAZ_NHAZ],Recovery - recycling [RCV_R]
Romania,2010,269571,Hazardous and non-hazardous - total [HAZ_NHAZ],Recovery - recycling [RCV_R]
Romania,2012,529522,Hazardous and non-hazardous - total [HAZ_NHAZ],Recovery - recycling [RCV_R]
Romania,2014,278077,Hazardous and non-hazardous - total [HAZ_NHAZ],Recovery - recycling [RCV_R]
Romania,2016,560176,Hazardous and non-hazardous - total [HAZ_NHAZ],Recovery - recycling [RCV_R]
Romania,2018,306827,Hazardous and non-hazardous - total [HAZ_NHAZ],Recovery - recycling [RCV_R]
Romania,2020,618635,Hazardous and non-hazardous - total [HAZ_NHAZ],Recovery - recycling [RCV_R]
Romania,2022,526134,Hazardous and non-hazardous - total [HAZ_NHAZ],Recovery - recycling [RCV_R]
Slovenia,2010,633230,Hazardous and non-hazardous - total [HAZ_NHAZ],Recovery - recycling [RCV_R]
Slovenia,2012,284354,Hazardous and non-hazardous - total [HAZ_NHAZ],Recovery - recycling [RCV_R]
Slovenia,2014,511724,Hazardous and non-hazardous - total [HAZ_NHAZ],Recovery - recycling [RCV_R]
Slovenia,2016,582298,Hazardous and non-hazardous - total [HAZ_NHAZ],Recovery - recycling [RCV_R]
Slovenia,2018,996254,Hazardous and non-hazardous - total [HAZ_NHAZ],Recovery - recycling [RCV_R]
Slovenia,2020,950951,Hazardous and non-hazardous - total [HAZ_NHAZ],Recovery - recycling [RCV_R]
Slovenia,2022,818475,Hazardous and non-hazardous - total [HAZ_NHAZ],Recovery - recycling [RCV_R]
Slovakia,2010,226131,Hazardous and non-hazardous - total [HAZ_NHAZ],Recovery - recycling [RCV_R]
Slovakia,2012,168180,Hazardous and non-hazardous - total [HAZ_NHAZ],Recovery - recycling [RCV_R]
Slovakia,2014,229259,Hazardous and non-hazardous - total [HAZ_NHAZ],Recovery - recycling [RCV_R]
Slovakia,2016,206046,Hazardous and non-hazardous - total [HAZ_NHAZ],Recovery - recycling [RCV_R]
Slovakia,2018,131201,Hazardous and non-hazardous - total [HAZ_NHAZ],Recovery - recycling [RCV_R]
Slovakia,2020,696706,Hazardous and non-hazardous - total [HAZ_NHAZ],Recovery - recycling [RCV_R]
Slovakia,2022,1127175,Hazardous and non-hazardous - total [HAZ_NHAZ],Recovery - recycling [RCV_R]
Finland,2010,1386266,Hazardous and non-hazardous - total [HAZ_NHAZ],Recovery - recycling [RCV_R]
Finland,2012,515343,Hazardous and non-hazardous - total [HAZ_NHAZ],Recovery - recycling [RCV_R]
Finland,2014,1401287,Hazardous and non-hazardous - total [HAZ_NHAZ],Recovery - recycling [RCV_R]
Finland,2016,1726245,Hazardous and non-hazardous - total [HAZ_NHAZ],Recovery - recycling [RCV_R]
Finland,2018,865931,Hazardous and non-hazardous - total [HAZ_NHAZ],Recovery - recycling [RCV_R]
Finland,2020,713815,Hazardous and non-hazardous - total [HAZ_NHAZ],Recovery - recycling [RCV_R]
Finland,2022,593767,Hazardous and non-hazardous - total [HAZ_NHAZ],Recovery - recycling [RCV_R]
Sweden,2010,618500,Hazardous and non-hazardous - total [HAZ_NHAZ],Recovery - recycling [RCV_R]
Sweden,2012,496938,Hazardous and non-hazardous - total [HAZ_NHAZ],Recovery - recycling [RCV_R]
Sweden,2014,585192,Hazardous and non-hazardous - total [HAZ_NHAZ],Recovery - recycling [RCV_R]
Sweden,2016,839116,Hazardous and non-hazardous - total [HAZ_NHAZ],Recovery - recycling [RCV_R]
Sweden,2018,869959,Hazardous and non-hazardous - total [HAZ_NHAZ],Recovery - recycling [RCV_R]
Sweden,2020,871637,Hazardous and non-hazardous - total [HAZ_NHAZ],Recovery - recycling [RCV_R]
Sweden,2022,1297614,Hazardous and non-hazardous - total [HAZ_NHAZ],Recovery - recycling [RCV_R]
Iceland,2010,3607,Hazardous and non-hazardous - total [HAZ_NHAZ],Recovery - recycling [RCV_R]
Iceland,2012,0,Hazardous and non-hazardous - total [HAZ_NHAZ],Recovery - recycling [RCV_R]
Iceland,2014,1683,Hazardous and non-hazardous - total [HAZ_NHAZ],Recovery - recycling [RCV_R]
Iceland,2016,5547,Hazardous and non-hazardous - total [HAZ_NHAZ],Recovery - recycling [RCV_R]
Iceland,2018,0,Hazardous and non-hazardous - total [HAZ_NHAZ],Recovery - recycling [RCV_R]
Iceland,2020,21975,Hazardous and non-hazardous - total [HAZ_NHAZ],Recovery - recycling [RCV_R]
Iceland,2022,97149,Hazardous and non-hazardous - total [HAZ_NHAZ],Recovery - recycling [RCV_R]
Norway,2010,124337,Hazardous and non-hazardous - total [HAZ_NHAZ],Recovery - recycling [RCV_R]
Norway,2012,589351,Hazardous and non-hazardous - total [HAZ_NHAZ],Recovery - recycling [RCV_R]
Norway,2014,989134,Hazardous and non-hazardous - total [HAZ_NHAZ],Recovery - recycling [RCV_R]
Norway,2016,1355565,Hazardous and non-hazardous - total [HAZ_NHAZ],Recovery - recycling [RCV_R]
Norway,2018,1109843,Hazardous and non-hazardous - total [HAZ_NHAZ],Recovery - recycling [RCV_R]
Norway,2020,1815974,Hazardous and non-hazardous - total [HAZ_NHAZ],Recovery - recycling [RCV_R]
Norway,2022,1725053,Hazardous and non-hazardous - total [HAZ_NHAZ],Recovery - recycling [RCV_R]
United Kingdom,2010,49143441,Hazardous and non-hazardous - total [HAZ_NHAZ],Recovery - recycling [RCV_R]
United Kingdom,2012,46778346,Hazardous and non-hazardous - total [HAZ_NHAZ],Recovery - recycling [RCV_R]
United Kingdom,2014,52516966,Hazardous and non-hazardous - total [HAZ_NHAZ],Recovery - recycling [RCV_R]
United Kingdom,2016,57185063,Hazardous and non-hazardous - total [HAZ_NHAZ],Recovery - recycling [RCV_R]
United Kingdom,2018,59734511,Hazardous and non-hazardous - total [HAZ_NHAZ],Recovery - recycling [RCV_R]
Bosnia and Herzegovina,2022,76,Hazardous and non-hazardous - total [HAZ_NHAZ],Recovery - recycling [RCV_R]
Montenegro,2012,0,Hazardous and non-hazardous - total [HAZ_NHAZ],Recovery - recycling [RCV_R]
Montenegro,2014,76,Hazardous and non-hazardous - total [HAZ_NHAZ],Recovery - recycling [RCV_R]
Montenegro,2016,0,Hazardous and non-hazardous - total [HAZ_NHAZ],Recovery - recycling [RCV_R]
Montenegro,2018,0,Hazardous and non-hazardous - total [HAZ_NHAZ],Recovery - recycling [RCV_R]
Montenegro,2020,340,Hazardous and non-hazardous - total [HAZ_NHAZ],Recovery - recycling [RCV_R]
Montenegro,2022,16,Hazardous and non-hazardous - total [HAZ_NHAZ],Recovery - recycling [RCV_R]
North Macedonia,2010,0,Hazardous and non-hazardous - total [HAZ_NHAZ],Recovery - recycling [RCV_R]
North Macedonia,2012,0,Hazardous and non-hazardous - total [HAZ_NHAZ],Recovery - recycling [RCV_R]
North Macedonia,2014,0,Hazardous and non-hazardous - total [HAZ_NHAZ],Recovery - recycling [RCV_R]
North Macedonia,2018,8034,Hazardous and non-hazardous - total [HAZ_NHAZ],Recovery - recycling [RCV_R]
North Macedonia,2020,0,Hazardous and non-hazardous - total [HAZ_NHAZ],Recovery - recycling [RCV_R]
North Macedonia,2022,0,Hazardous and non-hazardous - total [HAZ_NHAZ],Recovery - recycling [RCV_R]
Albania,2014,0,Hazardous and non-hazardous - total [HAZ_NHAZ],Recovery - recycling [RCV_R]
Albania,2022,25677,Hazardous and non-hazardous - total [HAZ_NHAZ],Recovery - recycling [RCV_R]
Serbia,2010,7,Hazardous and non-hazardous - total [HAZ_NHAZ],Recovery - recycling [RCV_R]
Serbia,2012,0,Hazardous and non-hazardous - total [HAZ_NHAZ],Recovery - recycling [RCV_R]
Serbia,2014,1514,Hazardous and non-hazardous - total [HAZ_NHAZ],Recovery - recycling [RCV_R]
Serbia,2016,1685,Hazardous and non-hazardous - total [HAZ_NHAZ],Recovery - recycling [RCV_R]
Serbia,2018,11,Hazardous and non-hazardous - total [HAZ_NHAZ],Recovery - recycling [RCV_R]
Serbia,2020,14046,Hazardous and non-hazardous - total [HAZ_NHAZ],Recovery - recycling [RCV_R]
Serbia,2022,1351,Hazardous and non-hazardous - total [HAZ_NHAZ],Recovery - recycling [RCV_R]
Türkiye,2012,56620,Hazardous and non-hazardous - total [HAZ_NHAZ],Recovery - recycling [RCV_R]
Türkiye,2014,19589,Hazardous and non-hazardous - total [HAZ_NHAZ],Recovery - recycling [RCV_R]
Türkiye,2020,700,Hazardous and non-hazardous - total [HAZ_NHAZ],Recovery - recycling [RCV_R]
Kosovo*,2016,0,Hazardous and non-hazardous - total [HAZ_NHAZ],Recovery - recycling [RCV_R]
Kosovo*,2020,1313,Hazardous and non-hazardous - total [HAZ_NHAZ],Recovery - recycling [RCV_R]
Kosovo*,2022,83153,Hazardous and non-hazardous - total [HAZ_NHAZ],Recovery - recycling [RCV_R]
European Union - 27 countries (from 2020),2010,17010000,Hazardous and non-hazardous - total [HAZ_NHAZ],Recovery - backfilling [RCV_B]
European Union - 27 countries (from 2020),2012,17950000,Hazardous and non-hazardous - total [HAZ_NHAZ],Recovery - backfilling [RCV_B]
European Union - 27 countries (from 2020),2014,15600000,Hazardous and non-hazardous - total [HAZ_NHAZ],Recovery - backfilling [RCV_B]
European Union - 27 countries (from 2020),2016,16520000,Hazardous and non-hazardous - total [HAZ_NHAZ],Recovery - backfilling [RCV_B]
European Union - 27 countries (from 2020),2018,22100000,Hazardous and non-hazardous - total [HAZ_NHAZ],Recovery - backfilling [RCV_B]
European Union - 27 countries (from 2020),2020,32140000,Hazardous and non-hazardous - total [HAZ_NHAZ],Recovery - backfilling [RCV_B]
European Union - 27 countries (from 2020),2022,30490000,Hazardous and non-hazardous - total [HAZ_NHAZ],Recovery - backfilling [RCV_B]
European Union - 28 countries (2013-2020),2010,18790000,Hazardous and non-hazardous - total [HAZ_NHAZ],Recovery - backfilling [RCV_B]
European Union - 28 countries (2013-2020),2012,18770000,Hazardous and non-hazardous - total [HAZ_NHAZ],Recovery - backfilling [RCV_B]
European Union - 28 countries (2013-2020),2014,16870000,Hazardous and non-hazardous - total [HAZ_NHAZ],Recovery - backfilling [RCV_B]
European Union - 28 countries (2013-2020),2016,17200000,Hazardous and non-hazardous - total [HAZ_NHAZ],Recovery - backfilling [RCV_B]
European Union - 28 countries (2013-2020),2018,22550000,Hazardous and non-hazardous - total [HAZ_NHAZ],Recovery - backfilling [RCV_B]
Belgium,2010,0,Hazardous and non-hazardous - total [HAZ_NHAZ],Recovery - backfilling [RCV_B]
Belgium,2012,0,Hazardous and non-hazardous - total [HAZ_NHAZ],Recovery - backfilling [RCV_B]
Belgium,2014,0,Hazardous and non-hazardous - total [HAZ_NHAZ],Recovery - backfilling [RCV_B]
Belgium,2016,0,Hazardous and non-hazardous - total [HAZ_NHAZ],Recovery - backfilling [RCV_B]
Belgium,2018,0,Hazardous and non-hazardous - total [HAZ_NHAZ],Recovery - backfilling [RCV_B]
Belgium,2020,2120573,Hazardous and non-hazardous - total [HAZ_NHAZ],Recovery - backfilling [RCV_B]
Belgium,2022,0,Hazardous and non-hazardous - total [HAZ_NHAZ],Recovery - backfilling [RCV_B]
Bulgaria,2010,0,Hazardous and non-hazardous - total [HAZ_NHAZ],Recovery - backfilling [RCV_B]
Bulgaria,2012,0,Hazardous and non-hazardous - total [HAZ_NHAZ],Recovery - backfilling [RCV_B]
Bulgaria,2014,0,Hazardous and non-hazardous - total [HAZ_NHAZ],Recovery - backfilling [RCV_B]
Bulgaria,2016,0,Hazardous and non-hazardous - total [HAZ_NHAZ],Recovery - backfilling [RCV_B]
Bulgaria,2018,0,Hazardous and non-hazardous - total [HAZ_NHAZ],Recovery - backfilling [RCV_B]
Bulgaria,2020,0,Hazardous and non-hazardous - total [HAZ_NHAZ],Recovery - backfilling [RCV_B]
Bulgaria,2022,0,Hazardous and non-hazardous - total [HAZ_NHAZ],Recovery - backfilling [RCV_B]
Czechia,2010,1071676,Hazardous and non-hazardous - total [HAZ_NHAZ],Recovery - backfilling [RCV_B]
Czechia,2012,1079467,Hazardous and non-hazardous - total [HAZ_NHAZ],Recovery - backfilling [RCV_B]
Czechia,2014,1145152,Hazardous and non-hazardous - total [HAZ_NHAZ],Recovery - backfilling [RCV_B]
Czechia,2016,1108264,Hazardous and non-hazardous - total [HAZ_NHAZ],Recovery - backfilling [RCV_B]
Czechia,2018,1760894,Hazardous and non-hazardous - total [HAZ_NHAZ],Recovery - backfilling [RCV_B]
Czechia,2020,1851292,Hazardous and non-hazardous - total [HAZ_NHAZ],Recovery - backfilling [RCV_B]
Czechia,2022,1213992,Hazardous and non-hazardous - total [HAZ_NHAZ],Recovery - backfilling [RCV_B]
Denmark,2010,0,Hazardous and non-hazardous - total [HAZ_NHAZ],Recovery - backfilling [RCV_B]
Denmark,2012,0,Hazardous and non-hazardous - total [HAZ_NHAZ],Recovery - backfilling [RCV_B]
Denmark,2014,0,Hazardous and non-hazardous - total [HAZ_NHAZ],Recovery - backfilling [RCV_B]
Denmark,2016,0,Hazardous and non-hazardous - total [HAZ_NHAZ],Recovery - backfilling [RCV_B]
Denmark,2018,2710252,Hazardous and non-hazardous - total [HAZ_NHAZ],Recovery - backfilling [RCV_B]
Denmark,2020,2632122,Hazardous and non-hazardous - total [HAZ_NHAZ],Recovery - backfilling [RCV_B]
Denmark,2022,2785855,Hazardous and non-hazardous - total [HAZ_NHAZ],Recovery - backfilling [RCV_B]
Germany,2010,6708361,Hazardous and non-hazardous - total [HAZ_NHAZ],Recovery - backfilling [RCV_B]
Germany,2012,5998082,Hazardous and non-hazardous - total [HAZ_NHAZ],Recovery - backfilling [RCV_B]
Germany,2014,5749063,Hazardous and non-hazardous - total [HAZ_NHAZ],Recovery - backfilling [RCV_B]
Germany,2016,6462724,Hazardous and non-hazardous - total [HAZ_NHAZ],Recovery - backfilling [RCV_B]
Germany,2018,6391589,Hazardous and non-hazardous - total [HAZ_NHAZ],Recovery - backfilling [RCV_B]
Germany,2020,6157313,Hazardous and non-hazardous - total [HAZ_NHAZ],Recovery - backfilling [RCV_B]
Germany,2022,4674170,Hazardous and non-hazardous - total [HAZ_NHAZ],Recovery - backfilling [RCV_B]
Estonia,2010,56776,Hazardous and non-hazardous - total [HAZ_NHAZ],Recovery - backfilling [RCV_B]
Estonia,2012,113814,Hazardous and non-hazardous - total [HAZ_NHAZ],Recovery - backfilling [RCV_B]
Estonia,2014,123459,Hazardous and non-hazardous - total [HAZ_NHAZ],Recovery - backfilling [RCV_B]
Estonia,2016,168415,Hazardous and non-hazardous - total [HAZ_NHAZ],Recovery - backfilling [RCV_B]
Estonia,2018,410481,Hazardous and non-hazardous - total [HAZ_NHAZ],Recovery - backfilling [RCV_B]
Estonia,2020,373859,Hazardous and non-hazardous - total [HAZ_NHAZ],Recovery - backfilling [RCV_B]
Estonia,2022,206256,Hazardous and non-hazardous - total [HAZ_NHAZ],Recovery - backfilling [RCV_B]
Ireland,2010,138347,Hazardous and non-hazardous - total [HAZ_NHAZ],Recovery - backfilling [RCV_B]
Ireland,2012,73133,Hazardous and non-hazardous - total [HAZ_NHAZ],Recovery - backfilling [RCV_B]
Ireland,2014,203948,Hazardous and non-hazardous - total [HAZ_NHAZ],Recovery - backfilling [RCV_B]
Ireland,2016,236364,Hazardous and non-hazardous - total [HAZ_NHAZ],Recovery - backfilling [RCV_B]
Ireland,2018,637900,Hazardous and non-hazardous - total [HAZ_NHAZ],Recovery - backfilling [RCV_B]
Ireland,2020,307796,Hazardous and non-hazardous - total [HAZ_NHAZ],Recovery - backfilling [RCV_B]
Ireland,2022,376176,Hazardous and non-hazardous - total [HAZ_NHAZ],Recovery - backfilling [RCV_B]
Greece,2010,249,Hazardous and non-hazardous - total [HAZ_NHAZ],Recovery - backfilling [RCV_B]
Greece,2012,133,Hazardous and non-hazardous - total [HAZ_NHAZ],Recovery - backfilling [RCV_B]
Greece,2014,31,Hazardous and non-hazardous - total [HAZ_NHAZ],Recovery - backfilling [RCV_B]
Greece,2016,0,Hazardous and non-hazardous - total [HAZ_NHAZ],Recovery - backfilling [RCV_B]
Greece,2018,698753,Hazardous and non-hazardous - total [HAZ_NHAZ],Recovery - backfilling [RCV_B]
Greece,2020,0,Hazardous and non-hazardous - total [HAZ_NHAZ],Recovery - backfilling [RCV_B]
Greece,2022,0,Hazardous and non-hazardous - total [HAZ_NHAZ],Recovery - backfilling [RCV_B]
Spain,2010,2673002,Hazardous and non-hazardous - total [HAZ_NHAZ],Recovery - backfilling [RCV_B]
Spain,2012,4328999,Hazardous and non-hazardous - total [HAZ_NHAZ],Recovery - backfilling [RCV_B]
Spain,2014,467168,Hazardous and non-hazardous - total [HAZ_NHAZ],Recovery - backfilling [RCV_B]
Spain,2016,757549,Hazardous and non-hazardous - total [HAZ_NHAZ],Recovery - backfilling [RCV_B]
Spain,2018,445229,Hazardous and non-hazardous - total [HAZ_NHAZ],Recovery - backfilling [RCV_B]
Spain,2020,140213,Hazardous and non-hazardous - total [HAZ_NHAZ],Recovery - backfilling [RCV_B]
Spain,2022,584522,Hazardous and non-hazardous - total [HAZ_NHAZ],Recovery - backfilling [RCV_B]
France,2010,4907103,Hazardous and non-hazardous - total [HAZ_NHAZ],Recovery - backfilling [RCV_B]
France,2012,4661748,Hazardous and non-hazardous - total [HAZ_NHAZ],Recovery - backfilling [RCV_B]
France,2014,4249525,Hazardous and non-hazardous - total [HAZ_NHAZ],Recovery - backfilling [RCV_B]
France,2016,4190563,Hazardous and non-hazardous - total [HAZ_NHAZ],Recovery - backfilling [RCV_B]
France,2018,4489642,Hazardous and non-hazardous - total [HAZ_NHAZ],Recovery - backfilling [RCV_B]
France,2020,8564254,Hazardous and non-hazardous - total [HAZ_NHAZ],Recovery - backfilling [RCV_B]
France,2022,9989122,Hazardous and non-hazardous - total [HAZ_NHAZ],Recovery - backfilling [RCV_B]
Croatia,2010,0,Hazardous and non-hazardous - total [HAZ_NHAZ],Recovery - backfilling [RCV_B]
Croatia,2012,0,Hazardous and non-hazardous - total [HAZ_NHAZ],Recovery - backfilling [RCV_B]
Croatia,2014,5701,Hazardous and non-hazardous - total [HAZ_NHAZ],Recovery - backfilling [RCV_B]
Croatia,2016,131434,Hazardous and non-hazardous - total [HAZ_NHAZ],Recovery - backfilling [RCV_B]
Croatia,2018,24230,Hazardous and non-hazardous - total [HAZ_NHAZ],Recovery - backfilling [RCV_B]
Croatia,2020,51991,Hazardous and non-hazardous - total [HAZ_NHAZ],Recovery - backfilling [RCV_B]
Croatia,2022,16624,Hazardous and non-hazardous - total [HAZ_NHAZ],Recovery - backfilling [RCV_B]
Italy,2010,337196,Hazardous and non-hazardous - total [HAZ_NHAZ],Recovery - backfilling [RCV_B]
Italy,2012,160290,Hazardous and non-hazardous - total [HAZ_NHAZ],Recovery - backfilling [RCV_B]
Italy,2014,316790,Hazardous and non-hazardous - total [HAZ_NHAZ],Recovery - backfilling [RCV_B]
Italy,2016,138930,Hazardous and non-hazardous - total [HAZ_NHAZ],Recovery - backfilling [RCV_B]
Italy,2018,147623,Hazardous and non-hazardous - total [HAZ_NHAZ],Recovery - backfilling [RCV_B]
Italy,2020,301917,Hazardous and non-hazardous - total [HAZ_NHAZ],Recovery - backfilling [RCV_B]
Italy,2022,436932,Hazardous and non-hazardous - total [HAZ_NHAZ],Recovery - backfilling [RCV_B]
Cyprus,2010,481,Hazardous and non-hazardous - total [HAZ_NHAZ],Recovery - backfilling [RCV_B]
Cyprus,2012,21291,Hazardous and non-hazardous - total [HAZ_NHAZ],Recovery - backfilling [RCV_B]
Cyprus,2014,0,Hazardous and non-hazardous - total [HAZ_NHAZ],Recovery - backfilling [RCV_B]
Cyprus,2016,0,Hazardous and non-hazardous - total [HAZ_NHAZ],Recovery - backfilling [RCV_B]
Cyprus,2018,0,Hazardous and non-hazardous - total [HAZ_NHAZ],Recovery - backfilling [RCV_B]
Cyprus,2020,0,Hazardous and non-hazardous - total [HAZ_NHAZ],Recovery - backfilling [RCV_B]
Cyprus,2022,0,Hazardous and non-hazardous - total [HAZ_NHAZ],Recovery - backfilling [RCV_B]
Latvia,2010,0,Hazardous and non-hazardous - total [HAZ_NHAZ],Recovery - backfilling [RCV_B]
Latvia,2012,0,Hazardous and non-hazardous - total [HAZ_NHAZ],Recovery - backfilling [RCV_B]
Latvia,2014,11298,Hazardous and non-hazardous - total [HAZ_NHAZ],Recovery - backfilling [RCV_B]
Latvia,2016,14618,Hazardous and non-hazardous - total [HAZ_NHAZ],Recovery - backfilling [RCV_B]
Latvia,2018,34701,Hazardous and non-hazardous - total [HAZ_NHAZ],Recovery - backfilling [RCV_B]
Latvia,2020,30655,Hazardous and non-hazardous - total [HAZ_NHAZ],Recovery - backfilling [RCV_B]
Latvia,2022,20528,Hazardous and non-hazardous - total [HAZ_NHAZ],Recovery - backfilling [RCV_B]
Lithuania,2010,0,Hazardous and non-hazardous - total [HAZ_NHAZ],Recovery - backfilling [RCV_B]
Lithuania,2012,66113,Hazardous and non-hazardous - total [HAZ_NHAZ],Recovery - backfilling [RCV_B]
Lithuania,2014,113364,Hazardous and non-hazardous - total [HAZ_NHAZ],Recovery - backfilling [RCV_B]
Lithuania,2016,199388,Hazardous and non-hazardous - total [HAZ_NHAZ],Recovery - backfilling [RCV_B]
Lithuania,2018,129493,Hazardous and non-hazardous - total [HAZ_NHAZ],Recovery - backfilling [RCV_B]
Lithuania,2020,118010,Hazardous and non-hazardous - total [HAZ_NHAZ],Recovery - backfilling [RCV_B]
Lithuania,2022,100317,Hazardous and non-hazardous - total [HAZ_NHAZ],Recovery - backfilling [RCV_B]
Luxembourg,2010,15000,Hazardous and non-hazardous - total [HAZ_NHAZ],Recovery - backfilling [RCV_B]
Luxembourg,2012,0,Hazardous and non-hazardous - total [HAZ_NHAZ],Recovery - backfilling [RCV_B]
Luxembourg,2014,78659,Hazardous and non-hazardous - total [HAZ_NHAZ],Recovery - backfilling [RCV_B]
Luxembourg,2016,146031,Hazardous and non-hazardous - total [HAZ_NHAZ],Recovery - backfilling [RCV_B]
Luxembourg,2018,1896,Hazardous and non-hazardous - total [HAZ_NHAZ],Recovery - backfilling [RCV_B]
Luxembourg,2020,52015,Hazardous and non-hazardous - total [HAZ_NHAZ],Recovery - backfilling [RCV_B]
Luxembourg,2022,55100,Hazardous and non-hazardous - total [HAZ_NHAZ],Recovery - backfilling [RCV_B]
Hungary,2010,175178,Hazardous and non-hazardous - total [HAZ_NHAZ],Recovery - backfilling [RCV_B]
Hungary,2012,175601,Hazardous and non-hazardous - total [HAZ_NHAZ],Recovery - backfilling [RCV_B]
Hungary,2014,309568,Hazardous and non-hazardous - total [HAZ_NHAZ],Recovery - backfilling [RCV_B]
Hungary,2016,243241,Hazardous and non-hazardous - total [HAZ_NHAZ],Recovery - backfilling [RCV_B]
Hungary,2018,234509,Hazardous and non-hazardous - total [HAZ_NHAZ],Recovery - backfilling [RCV_B]
Hungary,2020,3807921,Hazardous and non-hazardous - total [HAZ_NHAZ],Recovery - backfilling [RCV_B]
Hungary,2022,2890877,Hazardous and non-hazardous - total [HAZ_NHAZ],Recovery - backfilling [RCV_B]
Malta,2010,534,Hazardous and non-hazardous - total [HAZ_NHAZ],Recovery - backfilling [RCV_B]
Malta,2012,392945,Hazardous and non-hazardous - total [HAZ_NHAZ],Recovery - backfilling [RCV_B]
Malta,2014,513781,Hazardous and non-hazardous - total [HAZ_NHAZ],Recovery - backfilling [RCV_B]
Malta,2016,831747,Hazardous and non-hazardous - total [HAZ_NHAZ],Recovery - backfilling [RCV_B]
Malta,2018,1366953,Hazardous and non-hazardous - total [HAZ_NHAZ],Recovery - backfilling [RCV_B]
Malta,2020,1715766,Hazardous and non-hazardous - total [HAZ_NHAZ],Recovery - backfilling [RCV_B]
Malta,2022,675307,Hazardous and non-hazardous - total [HAZ_NHAZ],Recovery - backfilling [RCV_B]
Netherlands,2010,0,Hazardous and non-hazardous - total [HAZ_NHAZ],Recovery - backfilling [RCV_B]
Netherlands,2012,0,Hazardous and non-hazardous - total [HAZ_NHAZ],Recovery - backfilling [RCV_B]
Netherlands,2014,0,Hazardous and non-hazardous - total [HAZ_NHAZ],Recovery - backfilling [RCV_B]
Netherlands,2016,0,Hazardous and non-hazardous - total [HAZ_NHAZ],Recovery - backfilling [RCV_B]
Netherlands,2018,0,Hazardous and non-hazardous - total [HAZ_NHAZ],Recovery - backfilling [RCV_B]
Netherlands,2020,0,Hazardous and non-hazardous - total [HAZ_NHAZ],Recovery - backfilling [RCV_B]
Netherlands,2022,0,Hazardous and non-hazardous - total [HAZ_NHAZ],Recovery - backfilling [RCV_B]
Austria,2010,0,Hazardous and non-hazardous - total [HAZ_NHAZ],Recovery - backfilling [RCV_B]
Austria,2012,0,Hazardous and non-hazardous - total [HAZ_NHAZ],Recovery - backfilling [RCV_B]
Austria,2014,1011546,Hazardous and non-hazardous - total [HAZ_NHAZ],Recovery - backfilling [RCV_B]
Austria,2016,130029,Hazardous and non-hazardous - total [HAZ_NHAZ],Recovery - backfilling [RCV_B]
Austria,2018,483000,Hazardous and non-hazardous - total [HAZ_NHAZ],Recovery - backfilling [RCV_B]
Austria,2020,547868,Hazardous and non-hazardous - total [HAZ_NHAZ],Recovery - backfilling [RCV_B]
Austria,2022,2303940,Hazardous and non-hazardous - total [HAZ_NHAZ],Recovery - backfilling [RCV_B]
Poland,2010,712175,Hazardous and non-hazardous - total [HAZ_NHAZ],Recovery - backfilling [RCV_B]
Poland,2012,733703,Hazardous and non-hazardous - total [HAZ_NHAZ],Recovery - backfilling [RCV_B]
Poland,2014,938515,Hazardous and non-hazardous - total [HAZ_NHAZ],Recovery - backfilling [RCV_B]
Poland,2016,796862,Hazardous and non-hazardous - total [HAZ_NHAZ],Recovery - backfilling [RCV_B]
Poland,2018,1137535,Hazardous and non-hazardous - total [HAZ_NHAZ],Recovery - backfilling [RCV_B]
Poland,2020,1932242,Hazardous and non-hazardous - total [HAZ_NHAZ],Recovery - backfilling [RCV_B]
Poland,2022,2608148,Hazardous and non-hazardous - total [HAZ_NHAZ],Recovery - backfilling [RCV_B]
Portugal,2010,53195,Hazardous and non-hazardous - total [HAZ_NHAZ],Recovery - backfilling [RCV_B]
Portugal,2012,141202,Hazardous and non-hazardous - total [HAZ_NHAZ],Recovery - backfilling [RCV_B]
Portugal,2014,214188,Hazardous and non-hazardous - total [HAZ_NHAZ],Recovery - backfilling [RCV_B]
Portugal,2016,488654,Hazardous and non-hazardous - total [HAZ_NHAZ],Recovery - backfilling [RCV_B]
Portugal,2018,567902,Hazardous and non-hazardous - total [HAZ_NHAZ],Recovery - backfilling [RCV_B]
Portugal,2020,812434,Hazardous and non-hazardous - total [HAZ_NHAZ],Recovery - backfilling [RCV_B]
Portugal,2022,802330,Hazardous and non-hazardous - total [HAZ_NHAZ],Recovery - backfilling [RCV_B]
Romania,2010,144732,Hazardous and non-hazardous - total [HAZ_NHAZ],Recovery - backfilling [RCV_B]
Romania,2012,0,Hazardous and non-hazardous - total [HAZ_NHAZ],Recovery - backfilling [RCV_B]
Romania,2014,146500,Hazardous and non-hazardous - total [HAZ_NHAZ],Recovery - backfilling [RCV_B]
Romania,2016,420456,Hazardous and non-hazardous - total [HAZ_NHAZ],Recovery - backfilling [RCV_B]
Romania,2018,127688,Hazardous and non-hazardous - total [HAZ_NHAZ],Recovery - backfilling [RCV_B]
Romania,2020,223193,Hazardous and non-hazardous - total [HAZ_NHAZ],Recovery - backfilling [RCV_B]
Romania,2022,343529,Hazardous and non-hazardous - total [HAZ_NHAZ],Recovery - backfilling [RCV_B]
Slovenia,2010,11973,Hazardous and non-hazardous - total [HAZ_NHAZ],Recovery - backfilling [RCV_B]
Slovenia,2012,4050,Hazardous and non-hazardous - total [HAZ_NHAZ],Recovery - backfilling [RCV_B]
Slovenia,2014,0,Hazardous and non-hazardous - total [HAZ_NHAZ],Recovery - backfilling [RCV_B]
Slovenia,2016,341,Hazardous and non-hazardous - total [HAZ_NHAZ],Recovery - backfilling [RCV_B]
Slovenia,2018,0,Hazardous and non-hazardous - total [HAZ_NHAZ],Recovery - backfilling [RCV_B]
Slovenia,2020,0,Hazardous and non-hazardous - total [HAZ_NHAZ],Recovery - backfilling [RCV_B]
Slovenia,2022,304992,Hazardous and non-hazardous - total [HAZ_NHAZ],Recovery - backfilling [RCV_B]
Slovakia,2010,0,Hazardous and non-hazardous - total [HAZ_NHAZ],Recovery - backfilling [RCV_B]
Slovakia,2012,0,Hazardous and non-hazardous - total [HAZ_NHAZ],Recovery - backfilling [RCV_B]
Slovakia,2014,0,Hazardous and non-hazardous - total [HAZ_NHAZ],Recovery - backfilling [RCV_B]
Slovakia,2016,11287,Hazardous and non-hazardous - total [HAZ_NHAZ],Recovery - backfilling [RCV_B]
Slovakia,2018,47136,Hazardous and non-hazardous - total [HAZ_NHAZ],Recovery - backfilling [RCV_B]
Slovakia,2020,9587,Hazardous and non-hazardous - total [HAZ_NHAZ],Recovery - backfilling [RCV_B]
Slovakia,2022,186,Hazardous and non-hazardous - total [HAZ_NHAZ],Recovery - backfilling [RCV_B]
Finland,2010,0,Hazardous and non-hazardous - total [HAZ_NHAZ],Recovery - backfilling [RCV_B]
Finland,2012,0,Hazardous and non-hazardous - total [HAZ_NHAZ],Recovery - backfilling [RCV_B]
Finland,2014,0,Hazardous and non-hazardous - total [HAZ_NHAZ],Recovery - backfilling [RCV_B]
Finland,2016,0,Hazardous and non-hazardous - total [HAZ_NHAZ],Recovery - backfilling [RCV_B]
Finland,2018,13222,Hazardous and non-hazardous - total [HAZ_NHAZ],Recovery - backfilling [RCV_B]
Finland,2020,33534,Hazardous and non-hazardous - total [HAZ_NHAZ],Recovery - backfilling [RCV_B]
Finland,2022,71380,Hazardous and non-hazardous - total [HAZ_NHAZ],Recovery - backfilling [RCV_B]
Sweden,2010,0,Hazardous and non-hazardous - total [HAZ_NHAZ],Recovery - backfilling [RCV_B]
Sweden,2012,0,Hazardous and non-hazardous - total [HAZ_NHAZ],Recovery - backfilling [RCV_B]
Sweden,2014,1196,Hazardous and non-hazardous - total [HAZ_NHAZ],Recovery - backfilling [RCV_B]
Sweden,2016,46880,Hazardous and non-hazardous - total [HAZ_NHAZ],Recovery - backfilling [RCV_B]
Sweden,2018,239171,Hazardous and non-hazardous - total [HAZ_NHAZ],Recovery - backfilling [RCV_B]
Sweden,2020,355054,Hazardous and non-hazardous - total [HAZ_NHAZ],Recovery - backfilling [RCV_B]
Sweden,2022,30111,Hazardous and non-hazardous - total [HAZ_NHAZ],Recovery - backfilling [RCV_B]
Iceland,2010,1834,Hazardous and non-hazardous - total [HAZ_NHAZ],Recovery - backfilling [RCV_B]
Iceland,2012,2891,Hazardous and non-hazardous - total [HAZ_NHAZ],Recovery - backfilling [RCV_B]
Iceland,2014,336873,Hazardous and non-hazardous - total [HAZ_NHAZ],Recovery - backfilling [RCV_B]
Iceland,2016,465939,Hazardous and non-hazardous - total [HAZ_NHAZ],Recovery - backfilling [RCV_B]
Iceland,2018,600265,Hazardous and non-hazardous - total [HAZ_NHAZ],Recovery - backfilling [RCV_B]
Iceland,2020,385476,Hazardous and non-hazardous - total [HAZ_NHAZ],Recovery - backfilling [RCV_B]
Iceland,2022,15991,Hazardous and non-hazardous - total [HAZ_NHAZ],Recovery - backfilling [RCV_B]
Norway,2010,21998,Hazardous and non-hazardous - total [HAZ_NHAZ],Recovery - backfilling [RCV_B]
Norway,2012,41786,Hazardous and non-hazardous - total [HAZ_NHAZ],Recovery - backfilling [RCV_B]
Norway,2014,393652,Hazardous and non-hazardous - total [HAZ_NHAZ],Recovery - backfilling [RCV_B]
Norway,2016,224166,Hazardous and non-hazardous - total [HAZ_NHAZ],Recovery - backfilling [RCV_B]
Norway,2018,403435,Hazardous and non-hazardous - total [HAZ_NHAZ],Recovery - backfilling [RCV_B]
Norway,2020,29639,Hazardous and non-hazardous - total [HAZ_NHAZ],Recovery - backfilling [RCV_B]
Norway,2022,87261,Hazardous and non-hazardous - total [HAZ_NHAZ],Recovery - backfilling [RCV_B]
United Kingdom,2010,1783999,Hazardous and non-hazardous - total [HAZ_NHAZ],Recovery - backfilling [RCV_B]
United Kingdom,2012,819024,Hazardous and non-hazardous - total [HAZ_NHAZ],Recovery - backfilling [RCV_B]
United Kingdom,2014,1274054,Hazardous and non-hazardous - total [HAZ_NHAZ],Recovery - backfilling [RCV_B]
United Kingdom,2016,677588,Hazardous and non-hazardous - total [HAZ_NHAZ],Recovery - backfilling [RCV_B]
United Kingdom,2018,449448,Hazardous and non-hazardous - total [HAZ_NHAZ],Recovery - backfilling [RCV_B]
Bosnia and Herzegovina,2022,0,Hazardous and non-hazardous - total [HAZ_NHAZ],Recovery - backfilling [RCV_B]
Montenegro,2012,0,Hazardous and non-hazardous - total [HAZ_NHAZ],Recovery - backfilling [RCV_B]
Montenegro,2014,0,Hazardous and non-hazardous - total [HAZ_NHAZ],Recovery - backfilling [RCV_B]
Montenegro,2016,0,Hazardous and non-hazardous - total [HAZ_NHAZ],Recovery - backfilling [RCV_B]
Montenegro,2018,0,Hazardous and non-hazardous - total [HAZ_NHAZ],Recovery - backfilling [RCV_B]
Montenegro,2020,0,Hazardous and non-hazardous - total [HAZ_NHAZ],Recovery - backfilling [RCV_B]
Montenegro,2022,0,Hazardous and non-hazardous - total [HAZ_NHAZ],Recovery - backfilling [RCV_B]
North Macedonia,2010,0,Hazardous and non-hazardous - total [HAZ_NHAZ],Recovery - backfilling [RCV_B]
North Macedonia,2012,0,Hazardous and non-hazardous - total [HAZ_NHAZ],Recovery - backfilling [RCV_B]
North Macedonia,2014,0,Hazardous and non-hazardous - total [HAZ_NHAZ],Recovery - backfilling [RCV_B]
North Macedonia,2018,0,Hazardous and non-hazardous - total [HAZ_NHAZ],Recovery - backfilling [RCV_B]
North Macedonia,2020,0,Hazardous and non-hazardous - total [HAZ_NHAZ],Recovery - backfilling [RCV_B]
North Macedonia,2022,0,Hazardous and non-hazardous - total [HAZ_NHAZ],Recovery - backfilling [RCV_B]
Albania,2014,0,Hazardous and non-hazardous - total [HAZ_NHAZ],Recovery - backfilling [RCV_B]
Albania,2022,17073,Hazardous and non-hazardous - total [HAZ_NHAZ],Recovery - backfilling [RCV_B]
Serbia,2010,0,Hazardous and non-hazardous - total [HAZ_NHAZ],Recovery - backfilling [RCV_B]
Serbia,2012,0,Hazardous and non-hazardous - total [HAZ_NHAZ],Recovery - backfilling [RCV_B]
Serbia,2016,204879,Hazardous and non-hazardous - total [HAZ_NHAZ],Recovery - backfilling [RCV_B]
Serbia,2018,289349,Hazardous and non-hazardous - total [HAZ_NHAZ],Recovery - backfilling [RCV_B]
Serbia,2020,376714,Hazardous and non-hazardous - total [HAZ_NHAZ],Recovery - backfilling [RCV_B]
Serbia,2022,208121,Hazardous and non-hazardous - total [HAZ_NHAZ],Recovery - backfilling [RCV_B]
Türkiye,2010,0,Hazardous and non-hazardous - total [HAZ_NHAZ],Recovery - backfilling [RCV_B]
Türkiye,2016,0,Hazardous and non-hazardous - total [HAZ_NHAZ],Recovery - backfilling [RCV_B]
Türkiye,2018,0,Hazardous and non-hazardous - total [HAZ_NHAZ],Recovery - backfilling [RCV_B]
Türkiye,2020,0,Hazardous and non-hazardous - total [HAZ_NHAZ],Recovery - backfilling [RCV_B]
Türkiye,2022,0,Hazardous and non-hazardous - total [HAZ_NHAZ],Recovery - backfilling [RCV_B]
Kosovo*,2016,0,Hazardous and non-hazardous - total [HAZ_NHAZ],Recovery - backfilling [RCV_B]
Kosovo*,2020,0,Hazardous and non-hazardous - total [HAZ_NHAZ],Recovery - backfilling [RCV_B]
Kosovo*,2022,0,Hazardous and non-hazardous - total [HAZ_NHAZ],Recovery - backfilling [RCV_B]
European Union - 27 countries (from 2020),2010,5630000,Hazardous [HAZ],Waste treatment [TRT]
European Union - 27 countries (from 2020),2012,6420000,Hazardous [HAZ],Waste treatment [TRT]
European Union - 27 countries (from 2020),2014,6570000,Hazardous [HAZ],Waste treatment [TRT]
European Union - 27 countries (from 2020),2016,8060000,Hazardous [HAZ],Waste treatment [TRT]
European Union - 27 countries (from 2020),2018,9150000,Hazardous [HAZ],Waste treatment [TRT]
European Union - 27 countries (from 2020),2020,8490000,Hazardous [HAZ],Waste treatment [TRT]
European Union - 27 countries (from 2020),2022,8230000,Hazardous [HAZ],Waste treatment [TRT]
European Union - 28 countries (2013-2020),2010,5710000,Hazardous [HAZ],Waste treatment [TRT]
European Union - 28 countries (2013-2020),2012,6510000,Hazardous [HAZ],Waste treatment [TRT]
European Union - 28 countries (2013-2020),2014,6710000,Hazardous [HAZ],Waste treatment [TRT]
European Union - 28 countries (2013-2020),2016,8270000,Hazardous [HAZ],Waste treatment [TRT]
European Union - 28 countries (2013-2020),2018,9140000,Hazardous [HAZ],Waste treatment [TRT]
Belgium,2010,29503,Hazardous [HAZ],Waste treatment [TRT]
Belgium,2012,138179,Hazardous [HAZ],Waste treatment [TRT]
Belgium,2014,57204,Hazardous [HAZ],Waste treatment [TRT]
Belgium,2016,55657,Hazardous [HAZ],Waste treatment [TRT]
Belgium,2018,99740,Hazardous [HAZ],Waste treatment [TRT]
Belgium,2020,63538,Hazardous [HAZ],Waste treatment [TRT]
Belgium,2022,36556,Hazardous [HAZ],Waste treatment [TRT]
Bulgaria,2010,75,Hazardous [HAZ],Waste treatment [TRT]
Bulgaria,2012,37,Hazardous [HAZ],Waste treatment [TRT]
Bulgaria,2014,18,Hazardous [HAZ],Waste treatment [TRT]
Bulgaria,2016,4000,Hazardous [HAZ],Waste treatment [TRT]
Bulgaria,2018,11,Hazardous [HAZ],Waste treatment [TRT]
Bulgaria,2020,35,Hazardous [HAZ],Waste treatment [TRT]
Bulgaria,2022,124,Hazardous [HAZ],Waste treatment [TRT]
Czechia,2010,61930,Hazardous [HAZ],Waste treatment [TRT]
Czechia,2012,73910,Hazardous [HAZ],Waste treatment [TRT]
Czechia,2014,34073,Hazardous [HAZ],Waste treatment [TRT]
Czechia,2016,14754,Hazardous [HAZ],Waste treatment [TRT]
Czechia,2018,73665,Hazardous [HAZ],Waste treatment [TRT]
Czechia,2020,67012,Hazardous [HAZ],Waste treatment [TRT]
Czechia,2022,60845,Hazardous [HAZ],Waste treatment [TRT]
Denmark,2010,139897,Hazardous [HAZ],Waste treatment [TRT]
Denmark,2012,121617,Hazardous [HAZ],Waste treatment [TRT]
Denmark,2014,118619,Hazardous [HAZ],Waste treatment [TRT]
Denmark,2016,101449,Hazardous [HAZ],Waste treatment [TRT]
Denmark,2018,108395,Hazardous [HAZ],Waste treatment [TRT]
Denmark,2020,154325,Hazardous [HAZ],Waste treatment [TRT]
Denmark,2022,72251,Hazardous [HAZ],Waste treatment [TRT]
Germany,2010,3390432,Hazardous [HAZ],Waste treatment [TRT]
Germany,2012,3862398,Hazardous [HAZ],Waste treatment [TRT]
Germany,2014,4169647,Hazardous [HAZ],Waste treatment [TRT]
Germany,2016,4796637,Hazardous [HAZ],Waste treatment [TRT]
Germany,2018,5240566,Hazardous [HAZ],Waste treatment [TRT]
Germany,2020,5148676,Hazardous [HAZ],Waste treatment [TRT]
Germany,2022,4886057,Hazardous [HAZ],Waste treatment [TRT]
Estonia,2010,4097,Hazardous [HAZ],Waste treatment [TRT]
Estonia,2012,3078,Hazardous [HAZ],Waste treatment [TRT]
Estonia,2014,1092,Hazardous [HAZ],Waste treatment [TRT]
Estonia,2016,1192,Hazardous [HAZ],Waste treatment [TRT]
Estonia,2018,5620,Hazardous [HAZ],Waste treatment [TRT]
Estonia,2020,5796,Hazardous [HAZ],Waste treatment [TRT]
Estonia,2022,15573,Hazardous [HAZ],Waste treatment [TRT]
Ireland,2010,0,Hazardous [HAZ],Waste treatment [TRT]
Ireland,2012,0,Hazardous [HAZ],Waste treatment [TRT]
Ireland,2014,0,Hazardous [HAZ],Waste treatment [TRT]
Ireland,2016,14134,Hazardous [HAZ],Waste treatment [TRT]
Ireland,2018,6,Hazardous [HAZ],Waste treatment [TRT]
Ireland,2020,9840,Hazardous [HAZ],Waste treatment [TRT]
Ireland,2022,3,Hazardous [HAZ],Waste treatment [TRT]
Greece,2010,0,Hazardous [HAZ],Waste treatment [TRT]
Greece,2012,1,Hazardous [HAZ],Waste treatment [TRT]
Greece,2014,0,Hazardous [HAZ],Waste treatment [TRT]
Greece,2016,0,Hazardous [HAZ],Waste treatment [TRT]
Greece,2018,0,Hazardous [HAZ],Waste treatment [TRT]
Greece,2020,0,Hazardous [HAZ],Waste treatment [TRT]
Greece,2022,0,Hazardous [HAZ],Waste treatment [TRT]
Spain,2010,114743,Hazardous [HAZ],Waste treatment [TRT]
Spain,2012,65407,Hazardous [HAZ],Waste treatment [TRT]
Spain,2014,56338,Hazardous [HAZ],Waste treatment [TRT]
Spain,2016,69540,Hazardous [HAZ],Waste treatment [TRT]
Spain,2018,45749,Hazardous [HAZ],Waste treatment [TRT]
Spain,2020,16345,Hazardous [HAZ],Waste treatment [TRT]
Spain,2022,1020,Hazardous [HAZ],Waste treatment [TRT]
France,2010,639761,Hazardous [HAZ],Waste treatment [TRT]
France,2012,617870,Hazardous [HAZ],Waste treatment [TRT]
France,2014,590072,Hazardous [HAZ],Waste treatment [TRT]
France,2016,582557,Hazardous [HAZ],Waste treatment [TRT]
France,2018,1215628,Hazardous [HAZ],Waste treatment [TRT]
France,2020,583474,Hazardous [HAZ],Waste treatment [TRT]
France,2022,680548,Hazardous [HAZ],Waste treatment [TRT]
Croatia,2010,19,Hazardous [HAZ],Waste treatment [TRT]
Croatia,2012,30,Hazardous [HAZ],Waste treatment [TRT]
Croatia,2014,3160,Hazardous [HAZ],Waste treatment [TRT]
Croatia,2016,6540,Hazardous [HAZ],Waste treatment [TRT]
Croatia,2018,172,Hazardous [HAZ],Waste treatment [TRT]
Croatia,2020,731,Hazardous [HAZ],Waste treatment [TRT]
Croatia,2022,4146,Hazardous [HAZ],Waste treatment [TRT]
Italy,2010,59172,Hazardous [HAZ],Waste treatment [TRT]
Italy,2012,47315,Hazardous [HAZ],Waste treatment [TRT]
Italy,2014,71006,Hazardous [HAZ],Waste treatment [TRT]
Italy,2016,86622,Hazardous [HAZ],Waste treatment [TRT]
Italy,2018,42574,Hazardous [HAZ],Waste treatment [TRT]
Italy,2020,72580,Hazardous [HAZ],Waste treatment [TRT]
Italy,2022,33175,Hazardous [HAZ],Waste treatment [TRT]
Cyprus,2010,11410,Hazardous [HAZ],Waste treatment [TRT]
Cyprus,2012,0,Hazardous [HAZ],Waste treatment [TRT]
Cyprus,2014,0,Hazardous [HAZ],Waste treatment [TRT]
Cyprus,2016,0,Hazardous [HAZ],Waste treatment [TRT]
Cyprus,2018,8,Hazardous [HAZ],Waste treatment [TRT]
Cyprus,2020,46,Hazardous [HAZ],Waste treatment [TRT]
Cyprus,2022,30,Hazardous [HAZ],Waste treatment [TRT]
Latvia,2010,0,Hazardous [HAZ],Waste treatment [TRT]
Latvia,2012,0,Hazardous [HAZ],Waste treatment [TRT]
Latvia,2014,0,Hazardous [HAZ],Waste treatment [TRT]
Latvia,2016,0,Hazardous [HAZ],Waste treatment [TRT]
Latvia,2018,0,Hazardous [HAZ],Waste treatment [TRT]
Latvia,2020,0,Hazardous [HAZ],Waste treatment [TRT]
Latvia,2022,0,Hazardous [HAZ],Waste treatment [TRT]
Lithuania,2010,25,Hazardous [HAZ],Waste treatment [TRT]
Lithuania,2012,227,Hazardous [HAZ],Waste treatment [TRT]
Lithuania,2014,13,Hazardous [HAZ],Waste treatment [TRT]
Lithuania,2016,1445,Hazardous [HAZ],Waste treatment [TRT]
Lithuania,2018,721,Hazardous [HAZ],Waste treatment [TRT]
Lithuania,2020,713,Hazardous [HAZ],Waste treatment [TRT]
Lithuania,2022,431,Hazardous [HAZ],Waste treatment [TRT]
Luxembourg,2010,0,Hazardous [HAZ],Waste treatment [TRT]
Luxembourg,2012,0,Hazardous [HAZ],Waste treatment [TRT]
Luxembourg,2014,0,Hazardous [HAZ],Waste treatment [TRT]
Luxembourg,2016,0,Hazardous [HAZ],Waste treatment [TRT]
Luxembourg,2018,779,Hazardous [HAZ],Waste treatment [TRT]
Luxembourg,2020,0,Hazardous [HAZ],Waste treatment [TRT]
Luxembourg,2022,0,Hazardous [HAZ],Waste treatment [TRT]
Hungary,2010,21590,Hazardous [HAZ],Waste treatment [TRT]
Hungary,2012,17269,Hazardous [HAZ],Waste treatment [TRT]
Hungary,2014,6701,Hazardous [HAZ],Waste treatment [TRT]
Hungary,2016,10165,Hazardous [HAZ],Waste treatment [TRT]
Hungary,2018,12000,Hazardous [HAZ],Waste treatment [TRT]
Hungary,2020,7518,Hazardous [HAZ],Waste treatment [TRT]
Hungary,2022,17661,Hazardous [HAZ],Waste treatment [TRT]
Malta,2010,0,Hazardous [HAZ],Waste treatment [TRT]
Malta,2012,0,Hazardous [HAZ],Waste treatment [TRT]
Malta,2014,0,Hazardous [HAZ],Waste treatment [TRT]
Malta,2016,0,Hazardous [HAZ],Waste treatment [TRT]
Malta,2018,0,Hazardous [HAZ],Waste treatment [TRT]
Malta,2020,0,Hazardous [HAZ],Waste treatment [TRT]
Malta,2022,0,Hazardous [HAZ],Waste treatment [TRT]
Netherlands,2010,1007245,Hazardous [HAZ],Waste treatment [TRT]
Netherlands,2012,1327133,Hazardous [HAZ],Waste treatment [TRT]
Netherlands,2014,1301894,Hazardous [HAZ],Waste treatment [TRT]
Netherlands,2016,2157376,Hazardous [HAZ],Waste treatment [TRT]
Netherlands,2018,2129461,Hazardous [HAZ],Waste treatment [TRT]
Netherlands,2020,2085125,Hazardous [HAZ],Waste treatment [TRT]
Netherlands,2022,2224195,Hazardous [HAZ],Waste treatment [TRT]
Austria,2010,1,Hazardous [HAZ],Waste treatment [TRT]
Austria,2012,0,Hazardous [HAZ],Waste treatment [TRT]
Austria,2014,159,Hazardous [HAZ],Waste treatment [TRT]
Austria,2016,529,Hazardous [HAZ],Waste treatment [TRT]
Austria,2018,810,Hazardous [HAZ],Waste treatment [TRT]
Austria,2020,160,Hazardous [HAZ],Waste treatment [TRT]
Austria,2022,453,Hazardous [HAZ],Waste treatment [TRT]
Poland,2010,6139,Hazardous [HAZ],Waste treatment [TRT]
Poland,2012,3558,Hazardous [HAZ],Waste treatment [TRT]
Poland,2014,4315,Hazardous [HAZ],Waste treatment [TRT]
Poland,2016,20651,Hazardous [HAZ],Waste treatment [TRT]
Poland,2018,16876,Hazardous [HAZ],Waste treatment [TRT]
Poland,2020,12433,Hazardous [HAZ],Waste treatment [TRT]
Poland,2022,1971,Hazardous [HAZ],Waste treatment [TRT]
Portugal,2010,7629,Hazardous [HAZ],Waste treatment [TRT]
Portugal,2012,775,Hazardous [HAZ],Waste treatment [TRT]
Portugal,2014,288,Hazardous [HAZ],Waste treatment [TRT]
Portugal,2016,298,Hazardous [HAZ],Waste treatment [TRT]
Portugal,2018,94,Hazardous [HAZ],Waste treatment [TRT]
Portugal,2020,176,Hazardous [HAZ],Waste treatment [TRT]
Portugal,2022,4193,Hazardous [HAZ],Waste treatment [TRT]
Romania,2010,2509,Hazardous [HAZ],Waste treatment [TRT]
Romania,2012,550,Hazardous [HAZ],Waste treatment [TRT]
Romania,2014,1543,Hazardous [HAZ],Waste treatment [TRT]
Romania,2016,2431,Hazardous [HAZ],Waste treatment [TRT]
Romania,2018,3270,Hazardous [HAZ],Waste treatment [TRT]
Romania,2020,2967,Hazardous [HAZ],Waste treatment [TRT]
Romania,2022,1869,Hazardous [HAZ],Waste treatment [TRT]
Slovenia,2010,4073,Hazardous [HAZ],Waste treatment [TRT]
Slovenia,2012,1101,Hazardous [HAZ],Waste treatment [TRT]
Slovenia,2014,2223,Hazardous [HAZ],Waste treatment [TRT]
Slovenia,2016,639,Hazardous [HAZ],Waste treatment [TRT]
Slovenia,2018,539,Hazardous [HAZ],Waste treatment [TRT]
Slovenia,2020,66,Hazardous [HAZ],Waste treatment [TRT]
Slovenia,2022,3,Hazardous [HAZ],Waste treatment [TRT]
Slovakia,2010,15933,Hazardous [HAZ],Waste treatment [TRT]
Slovakia,2012,7760,Hazardous [HAZ],Waste treatment [TRT]
Slovakia,2014,11711,Hazardous [HAZ],Waste treatment [TRT]
Slovakia,2016,6564,Hazardous [HAZ],Waste treatment [TRT]
Slovakia,2018,5494,Hazardous [HAZ],Waste treatment [TRT]
Slovakia,2020,3852,Hazardous [HAZ],Waste treatment [TRT]
Slovakia,2022,19757,Hazardous [HAZ],Waste treatment [TRT]
Finland,2010,93700,Hazardous [HAZ],Waste treatment [TRT]
Finland,2012,31269,Hazardous [HAZ],Waste treatment [TRT]
Finland,2014,47942,Hazardous [HAZ],Waste treatment [TRT]
Finland,2016,62856,Hazardous [HAZ],Waste treatment [TRT]
Finland,2018,95736,Hazardous [HAZ],Waste treatment [TRT]
Finland,2020,135662,Hazardous [HAZ],Waste treatment [TRT]
Finland,2022,25226,Hazardous [HAZ],Waste treatment [TRT]
Sweden,2010,16969,Hazardous [HAZ],Waste treatment [TRT]
Sweden,2012,99740,Hazardous [HAZ],Waste treatment [TRT]
Sweden,2014,95414,Hazardous [HAZ],Waste treatment [TRT]
Sweden,2016,61759,Hazardous [HAZ],Waste treatment [TRT]
Sweden,2018,47094,Hazardous [HAZ],Waste treatment [TRT]
Sweden,2020,114572,Hazardous [HAZ],Waste treatment [TRT]
Iceland,2010,0,Hazardous [HAZ],Waste treatment [TRT]
Iceland,2012,0,Hazardous [HAZ],Waste treatment [TRT]
Iceland,2014,669,Hazardous [HAZ],Waste treatment [TRT]
Iceland,2016,494,Hazardous [HAZ],Waste treatment [TRT]
Iceland,2018,810,Hazardous [HAZ],Waste treatment [TRT]
Iceland,2020,118,Hazardous [HAZ],Waste treatment [TRT]
Iceland,2022,6551,Hazardous [HAZ],Waste treatment [TRT]
Norway,2010,0,Hazardous [HAZ],Waste treatment [TRT]
Norway,2012,0,Hazardous [HAZ],Waste treatment [TRT]
Norway,2014,181960,Hazardous [HAZ],Waste treatment [TRT]
Norway,2016,180582,Hazardous [HAZ],Waste treatment [TRT]
Norway,2018,57663,Hazardous [HAZ],Waste treatment [TRT]
Norway,2020,65888,Hazardous [HAZ],Waste treatment [TRT]
Norway,2022,64402,Hazardous [HAZ],Waste treatment [TRT]
United Kingdom,2010,86958,Hazardous [HAZ],Waste treatment [TRT]
United Kingdom,2012,93956,Hazardous [HAZ],Waste treatment [TRT]
United Kingdom,2014,140293,Hazardous [HAZ],Waste treatment [TRT]
United Kingdom,2016,208305,Hazardous [HAZ],Waste treatment [TRT]
United Kingdom,2018,187754,Hazardous [HAZ],Waste treatment [TRT]
Bosnia and Herzegovina,2022,119,Hazardous [HAZ],Waste treatment [TRT]
Montenegro,2012,0,Hazardous [HAZ],Waste treatment [TRT]
Montenegro,2014,76,Hazardous [HAZ],Waste treatment [TRT]
Montenegro,2016,0,Hazardous [HAZ],Waste treatment [TRT]
Montenegro,2018,0,Hazardous [HAZ],Waste treatment [TRT]
Montenegro,2020,0,Hazardous [HAZ],Waste treatment [TRT]
Montenegro,2022,0,Hazardous [HAZ],Waste treatment [TRT]
North Macedonia,2010,0,Hazardous [HAZ],Waste treatment [TRT]
North Macedonia,2012,2,Hazardous [HAZ],Waste treatment [TRT]
North Macedonia,2014,1,Hazardous [HAZ],Waste treatment [TRT]
North Macedonia,2018,161,Hazardous [HAZ],Waste treatment [TRT]
North Macedonia,2020,127,Hazardous [HAZ],Waste treatment [TRT]
North Macedonia,2022,436,Hazardous [HAZ],Waste treatment [TRT]
Albania,2014,0,Hazardous [HAZ],Waste treatment [TRT]
Serbia,2010,1,Hazardous [HAZ],Waste treatment [TRT]
Serbia,2012,0,Hazardous [HAZ],Waste treatment [TRT]
Serbia,2014,303,Hazardous [HAZ],Waste treatment [TRT]
Serbia,2016,249,Hazardous [HAZ],Waste treatment [TRT]
Serbia,2018,690,Hazardous [HAZ],Waste treatment [TRT]
Serbia,2020,2899,Hazardous [HAZ],Waste treatment [TRT]
Serbia,2022,194,Hazardous [HAZ],Waste treatment [TRT]
Türkiye,2010,847,Hazardous [HAZ],Waste treatment [TRT]
Türkiye,2012,658,Hazardous [HAZ],Waste treatment [TRT]
Türkiye,2014,1265,Hazardous [HAZ],Waste treatment [TRT]
Türkiye,2016,2313,Hazardous [HAZ],Waste treatment [TRT]
Türkiye,2018,1490,Hazardous [HAZ],Waste treatment [TRT]
Türkiye,2020,5972,Hazardous [HAZ],Waste treatment [TRT]
Kosovo*,2016,0,Hazardous [HAZ],Waste treatment [TRT]
Kosovo*,2020,0,Hazardous [HAZ],Waste treatment [TRT]
Kosovo*,2022,0,Hazardous [HAZ],Waste treatment [TRT]
European Union - 27 countries (from 2020),2010,1200000,Hazardous [HAZ],"Disposal - landfill and other (D1-D7, D12) [DSP_L_OTH]"
European Union - 27 countries (from 2020),2012,1320000,Hazardous [HAZ],"Disposal - landfill and other (D1-D7, D12) [DSP_L_OTH]"
European Union - 27 countries (from 2020),2014,1940000,Hazardous [HAZ],"Disposal - landfill and other (D1-D7, D12) [DSP_L_OTH]"
European Union - 27 countries (from 2020),2016,2260000,Hazardous [HAZ],"Disposal - landfill and other (D1-D7, D12) [DSP_L_OTH]"
European Union - 27 countries (from 2020),2018,2960000,Hazardous [HAZ],"Disposal - landfill and other (D1-D7, D12) [DSP_L_OTH]"
European Union - 27 countries (from 2020),2020,2780000,Hazardous [HAZ],"Disposal - landfill and other (D1-D7, D12) [DSP_L_OTH]"
European Union - 27 countries (from 2020),2022,2710000,Hazardous [HAZ],"Disposal - landfill and other (D1-D7, D12) [DSP_L_OTH]"
European Union - 28 countries (2013-2020),2010,1210000,Hazardous [HAZ],"Disposal - landfill and other (D1-D7, D12) [DSP_L_OTH]"
European Union - 28 countries (2013-2020),2012,1410000,Hazardous [HAZ],"Disposal - landfill and other (D1-D7, D12) [DSP_L_OTH]"
European Union - 28 countries (2013-2020),2014,1950000,Hazardous [HAZ],"Disposal - landfill and other (D1-D7, D12) [DSP_L_OTH]"
European Union - 28 countries (2013-2020),2016,2270000,Hazardous [HAZ],"Disposal - landfill and other (D1-D7, D12) [DSP_L_OTH]"
European Union - 28 countries (2013-2020),2018,2980000,Hazardous [HAZ],"Disposal - landfill and other (D1-D7, D12) [DSP_L_OTH]"
Belgium,2010,6509,Hazardous [HAZ],"Disposal - landfill and other (D1-D7, D12) [DSP_L_OTH]"
Belgium,2012,53580,Hazardous [HAZ],"Disposal - landfill and other (D1-D7, D12) [DSP_L_OTH]"
Belgium,2014,57040,Hazardous [HAZ],"Disposal - landfill and other (D1-D7, D12) [DSP_L_OTH]"
Belgium,2016,55337,Hazardous [HAZ],"Disposal - landfill and other (D1-D7, D12) [DSP_L_OTH]"
Belgium,2018,78571,Hazardous [HAZ],"Disposal - landfill and other (D1-D7, D12) [DSP_L_OTH]"
Belgium,2020,26507,Hazardous [HAZ],"Disposal - landfill and other (D1-D7, D12) [DSP_L_OTH]"
Belgium,2022,1313,Hazardous [HAZ],"Disposal - landfill and other (D1-D7, D12) [DSP_L_OTH]"
Bulgaria,2010,61,Hazardous [HAZ],"Disposal - landfill and other (D1-D7, D12) [DSP_L_OTH]"
Bulgaria,2012,35,Hazardous [HAZ],"Disposal - landfill and other (D1-D7, D12) [DSP_L_OTH]"
Bulgaria,2014,16,Hazardous [HAZ],"Disposal - landfill and other (D1-D7, D12) [DSP_L_OTH]"
Bulgaria,2016,4000,Hazardous [HAZ],"Disposal - landfill and other (D1-D7, D12) [DSP_L_OTH]"
Bulgaria,2018,11,Hazardous [HAZ],"Disposal - landfill and other (D1-D7, D12) [DSP_L_OTH]"
Bulgaria,2020,28,Hazardous [HAZ],"Disposal - landfill and other (D1-D7, D12) [DSP_L_OTH]"
Bulgaria,2022,124,Hazardous [HAZ],"Disposal - landfill and other (D1-D7, D12) [DSP_L_OTH]"
Czechia,2010,1349,Hazardous [HAZ],"Disposal - landfill and other (D1-D7, D12) [DSP_L_OTH]"
Czechia,2012,983,Hazardous [HAZ],"Disposal - landfill and other (D1-D7, D12) [DSP_L_OTH]"
Czechia,2014,227,Hazardous [HAZ],"Disposal - landfill and other (D1-D7, D12) [DSP_L_OTH]"
Czechia,2016,370,Hazardous [HAZ],"Disposal - landfill and other (D1-D7, D12) [DSP_L_OTH]"
Czechia,2018,482,Hazardous [HAZ],"Disposal - landfill and other (D1-D7, D12) [DSP_L_OTH]"
Czechia,2020,29965,Hazardous [HAZ],"Disposal - landfill and other (D1-D7, D12) [DSP_L_OTH]"
Czechia,2022,29716,Hazardous [HAZ],"Disposal - landfill and other (D1-D7, D12) [DSP_L_OTH]"
Denmark,2010,23706,Hazardous [HAZ],"Disposal - landfill and other (D1-D7, D12) [DSP_L_OTH]"
Denmark,2012,5679,Hazardous [HAZ],"Disposal - landfill and other (D1-D7, D12) [DSP_L_OTH]"
Denmark,2014,10842,Hazardous [HAZ],"Disposal - landfill and other (D1-D7, D12) [DSP_L_OTH]"
Denmark,2016,17182,Hazardous [HAZ],"Disposal - landfill and other (D1-D7, D12) [DSP_L_OTH]"
Denmark,2018,1826,Hazardous [HAZ],"Disposal - landfill and other (D1-D7, D12) [DSP_L_OTH]"
Denmark,2020,1912,Hazardous [HAZ],"Disposal - landfill and other (D1-D7, D12) [DSP_L_OTH]"
Denmark,2022,1059,Hazardous [HAZ],"Disposal - landfill and other (D1-D7, D12) [DSP_L_OTH]"
Germany,2010,861720,Hazardous [HAZ],"Disposal - landfill and other (D1-D7, D12) [DSP_L_OTH]"
Germany,2012,1057819,Hazardous [HAZ],"Disposal - landfill and other (D1-D7, D12) [DSP_L_OTH]"
Germany,2020,1993253,Hazardous [HAZ],"Disposal - landfill and other (D1-D7, D12) [DSP_L_OTH]"
Germany,2022,1808920,Hazardous [HAZ],"Disposal - landfill and other (D1-D7, D12) [DSP_L_OTH]"
Estonia,2010,0,Hazardous [HAZ],"Disposal - landfill and other (D1-D7, D12) [DSP_L_OTH]"
Estonia,2012,0,Hazardous [HAZ],"Disposal - landfill and other (D1-D7, D12) [DSP_L_OTH]"
Estonia,2014,0,Hazardous [HAZ],"Disposal - landfill and other (D1-D7, D12) [DSP_L_OTH]"
Estonia,2016,0,Hazardous [HAZ],"Disposal - landfill and other (D1-D7, D12) [DSP_L_OTH]"
Estonia,2018,0,Hazardous [HAZ],"Disposal - landfill and other (D1-D7, D12) [DSP_L_OTH]"
Estonia,2020,0,Hazardous [HAZ],"Disposal - landfill and other (D1-D7, D12) [DSP_L_OTH]"
Estonia,2022,12924,Hazardous [HAZ],"Disposal - landfill and other (D1-D7, D12) [DSP_L_OTH]"
Ireland,2010,0,Hazardous [HAZ],"Disposal - landfill and other (D1-D7, D12) [DSP_L_OTH]"
Ireland,2012,0,Hazardous [HAZ],"Disposal - landfill and other (D1-D7, D12) [DSP_L_OTH]"
Ireland,2014,0,Hazardous [HAZ],"Disposal - landfill and other (D1-D7, D12) [DSP_L_OTH]"
Ireland,2016,0,Hazardous [HAZ],"Disposal - landfill and other (D1-D7, D12) [DSP_L_OTH]"
Ireland,2018,6,Hazardous [HAZ],"Disposal - landfill and other (D1-D7, D12) [DSP_L_OTH]"
Ireland,2020,0,Hazardous [HAZ],"Disposal - landfill and other (D1-D7, D12) [DSP_L_OTH]"
Ireland,2022,0,Hazardous [HAZ],"Disposal - landfill and other (D1-D7, D12) [DSP_L_OTH]"
Greece,2010,0,Hazardous [HAZ],"Disposal - landfill and other (D1-D7, D12) [DSP_L_OTH]"
Greece,2012,0,Hazardous [HAZ],"Disposal - landfill and other (D1-D7, D12) [DSP_L_OTH]"
Greece,2014,0,Hazardous [HAZ],"Disposal - landfill and other (D1-D7, D12) [DSP_L_OTH]"
Greece,2016,0,Hazardous [HAZ],"Disposal - landfill and other (D1-D7, D12) [DSP_L_OTH]"
Greece,2018,0,Hazardous [HAZ],"Disposal - landfill and other (D1-D7, D12) [DSP_L_OTH]"
Greece,2020,0,Hazardous [HAZ],"Disposal - landfill and other (D1-D7, D12) [DSP_L_OTH]"
Greece,2022,0,Hazardous [HAZ],"Disposal - landfill and other (D1-D7, D12) [DSP_L_OTH]"
Spain,2010,113802,Hazardous [HAZ],"Disposal - landfill and other (D1-D7, D12) [DSP_L_OTH]"
Spain,2012,61890,Hazardous [HAZ],"Disposal - landfill and other (D1-D7, D12) [DSP_L_OTH]"
Spain,2014,56253,Hazardous [HAZ],"Disposal - landfill and other (D1-D7, D12) [DSP_L_OTH]"
Spain,2016,33338,Hazardous [HAZ],"Disposal - landfill and other (D1-D7, D12) [DSP_L_OTH]"
Spain,2018,43369,Hazardous [HAZ],"Disposal - landfill and other (D1-D7, D12) [DSP_L_OTH]"
Spain,2020,14965,Hazardous [HAZ],"Disposal - landfill and other (D1-D7, D12) [DSP_L_OTH]"
Spain,2022,1013,Hazardous [HAZ],"Disposal - landfill and other (D1-D7, D12) [DSP_L_OTH]"
France,2010,22466,Hazardous [HAZ],"Disposal - landfill and other (D1-D7, D12) [DSP_L_OTH]"
France,2012,32466,Hazardous [HAZ],"Disposal - landfill and other (D1-D7, D12) [DSP_L_OTH]"
France,2014,444715,Hazardous [HAZ],"Disposal - landfill and other (D1-D7, D12) [DSP_L_OTH]"
France,2016,438335,Hazardous [HAZ],"Disposal - landfill and other (D1-D7, D12) [DSP_L_OTH]"
France,2018,914679,Hazardous [HAZ],"Disposal - landfill and other (D1-D7, D12) [DSP_L_OTH]"
France,2020,583474,Hazardous [HAZ],"Disposal - landfill and other (D1-D7, D12) [DSP_L_OTH]"
France,2022,680548,Hazardous [HAZ],"Disposal - landfill and other (D1-D7, D12) [DSP_L_OTH]"
Croatia,2010,0,Hazardous [HAZ],"Disposal - landfill and other (D1-D7, D12) [DSP_L_OTH]"
Croatia,2012,0,Hazardous [HAZ],"Disposal - landfill and other (D1-D7, D12) [DSP_L_OTH]"
Croatia,2014,0,Hazardous [HAZ],"Disposal - landfill and other (D1-D7, D12) [DSP_L_OTH]"
Croatia,2016,0,Hazardous [HAZ],"Disposal - landfill and other (D1-D7, D12) [DSP_L_OTH]"
Croatia,2018,0,Hazardous [HAZ],"Disposal - landfill and other (D1-D7, D12) [DSP_L_OTH]"
Croatia,2020,0,Hazardous [HAZ],"Disposal - landfill and other (D1-D7, D12) [DSP_L_OTH]"
Croatia,2022,0,Hazardous [HAZ],"Disposal - landfill and other (D1-D7, D12) [DSP_L_OTH]"
Italy,2010,47917,Hazardous [HAZ],"Disposal - landfill and other (D1-D7, D12) [DSP_L_OTH]"
Italy,2012,28764,Hazardous [HAZ],"Disposal - landfill and other (D1-D7, D12) [DSP_L_OTH]"
Italy,2014,42023,Hazardous [HAZ],"Disposal - landfill and other (D1-D7, D12) [DSP_L_OTH]"
Italy,2016,48941,Hazardous [HAZ],"Disposal - landfill and other (D1-D7, D12) [DSP_L_OTH]"
Italy,2018,22680,Hazardous [HAZ],"Disposal - landfill and other (D1-D7, D12) [DSP_L_OTH]"
Italy,2020,58490,Hazardous [HAZ],"Disposal - landfill and other (D1-D7, D12) [DSP_L_OTH]"
Italy,2022,9338,Hazardous [HAZ],"Disposal - landfill and other (D1-D7, D12) [DSP_L_OTH]"
Cyprus,2010,11410,Hazardous [HAZ],"Disposal - landfill and other (D1-D7, D12) [DSP_L_OTH]"
Cyprus,2012,0,Hazardous [HAZ],"Disposal - landfill and other (D1-D7, D12) [DSP_L_OTH]"
Cyprus,2014,0,Hazardous [HAZ],"Disposal - landfill and other (D1-D7, D12) [DSP_L_OTH]"
Cyprus,2016,0,Hazardous [HAZ],"Disposal - landfill and other (D1-D7, D12) [DSP_L_OTH]"
Cyprus,2018,0,Hazardous [HAZ],"Disposal - landfill and other (D1-D7, D12) [DSP_L_OTH]"
Cyprus,2020,0,Hazardous [HAZ],"Disposal - landfill and other (D1-D7, D12) [DSP_L_OTH]"
Cyprus,2022,0,Hazardous [HAZ],"Disposal - landfill and other (D1-D7, D12) [DSP_L_OTH]"
Latvia,2010,0,Hazardous [HAZ],"Disposal - landfill and other (D1-D7, D12) [DSP_L_OTH]"
Latvia,2012,0,Hazardous [HAZ],"Disposal - landfill and other (D1-D7, D12) [DSP_L_OTH]"
Latvia,2014,0,Hazardous [HAZ],"Disposal - landfill and other (D1-D7, D12) [DSP_L_OTH]"
Latvia,2016,0,Hazardous [HAZ],"Disposal - landfill and other (D1-D7, D12) [DSP_L_OTH]"
Latvia,2018,0,Hazardous [HAZ],"Disposal - landfill and other (D1-D7, D12) [DSP_L_OTH]"
Latvia,2020,0,Hazardous [HAZ],"Disposal - landfill and other (D1-D7, D12) [DSP_L_OTH]"
Latvia,2022,0,Hazardous [HAZ],"Disposal - landfill and other (D1-D7, D12) [DSP_L_OTH]"
Lithuania,2010,0,Hazardous [HAZ],"Disposal - landfill and other (D1-D7, D12) [DSP_L_OTH]"
Lithuania,2012,0,Hazardous [HAZ],"Disposal - landfill and other (D1-D7, D12) [DSP_L_OTH]"
Lithuania,2014,0,Hazardous [HAZ],"Disposal - landfill and other (D1-D7, D12) [DSP_L_OTH]"
Lithuania,2016,0,Hazardous [HAZ],"Disposal - landfill and other (D1-D7, D12) [DSP_L_OTH]"
Lithuania,2018,6,Hazardous [HAZ],"Disposal - landfill and other (D1-D7, D12) [DSP_L_OTH]"
Lithuania,2020,265,Hazardous [HAZ],"Disposal - landfill and other (D1-D7, D12) [DSP_L_OTH]"
Lithuania,2022,15,Hazardous [HAZ],"Disposal - landfill and other (D1-D7, D12) [DSP_L_OTH]"
Luxembourg,2010,0,Hazardous [HAZ],"Disposal - landfill and other (D1-D7, D12) [DSP_L_OTH]"
Luxembourg,2012,0,Hazardous [HAZ],"Disposal - landfill and other (D1-D7, D12) [DSP_L_OTH]"
Luxembourg,2014,0,Hazardous [HAZ],"Disposal - landfill and other (D1-D7, D12) [DSP_L_OTH]"
Luxembourg,2016,0,Hazardous [HAZ],"Disposal - landfill and other (D1-D7, D12) [DSP_L_OTH]"
Luxembourg,2018,0,Hazardous [HAZ],"Disposal - landfill and other (D1-D7, D12) [DSP_L_OTH]"
Luxembourg,2020,0,Hazardous [HAZ],"Disposal - landfill and other (D1-D7, D12) [DSP_L_OTH]"
Luxembourg,2022,0,Hazardous [HAZ],"Disposal - landfill and other (D1-D7, D12) [DSP_L_OTH]"
Hungary,2010,14419,Hazardous [HAZ],"Disposal - landfill and other (D1-D7, D12) [DSP_L_OTH]"
Hungary,2012,14817,Hazardous [HAZ],"Disposal - landfill and other (D1-D7, D12) [DSP_L_OTH]"
Hungary,2014,4121,Hazardous [HAZ],"Disposal - landfill and other (D1-D7, D12) [DSP_L_OTH]"
Hungary,2016,4608,Hazardous [HAZ],"Disposal - landfill and other (D1-D7, D12) [DSP_L_OTH]"
Hungary,2018,1400,Hazardous [HAZ],"Disposal - landfill and other (D1-D7, D12) [DSP_L_OTH]"
Hungary,2020,2173,Hazardous [HAZ],"Disposal - landfill and other (D1-D7, D12) [DSP_L_OTH]"
Hungary,2022,14175,Hazardous [HAZ],"Disposal - landfill and other (D1-D7, D12) [DSP_L_OTH]"
Malta,2010,0,Hazardous [HAZ],"Disposal - landfill and other (D1-D7, D12) [DSP_L_OTH]"
Malta,2012,0,Hazardous [HAZ],"Disposal - landfill and other (D1-D7, D12) [DSP_L_OTH]"
Malta,2014,0,Hazardous [HAZ],"Disposal - landfill and other (D1-D7, D12) [DSP_L_OTH]"
Malta,2016,0,Hazardous [HAZ],"Disposal - landfill and other (D1-D7, D12) [DSP_L_OTH]"
Malta,2018,0,Hazardous [HAZ],"Disposal - landfill and other (D1-D7, D12) [DSP_L_OTH]"
Malta,2020,0,Hazardous [HAZ],"Disposal - landfill and other (D1-D7, D12) [DSP_L_OTH]"
Malta,2022,0,Hazardous [HAZ],"Disposal - landfill and other (D1-D7, D12) [DSP_L_OTH]"
Netherlands,2010,36840,Hazardous [HAZ],"Disposal - landfill and other (D1-D7, D12) [DSP_L_OTH]"
Netherlands,2012,43223,Hazardous [HAZ],"Disposal - landfill and other (D1-D7, D12) [DSP_L_OTH]"
Netherlands,2014,26329,Hazardous [HAZ],"Disposal - landfill and other (D1-D7, D12) [DSP_L_OTH]"
Netherlands,2016,6795,Hazardous [HAZ],"Disposal - landfill and other (D1-D7, D12) [DSP_L_OTH]"
Netherlands,2018,5760,Hazardous [HAZ],"Disposal - landfill and other (D1-D7, D12) [DSP_L_OTH]"
Netherlands,2020,2750,Hazardous [HAZ],"Disposal - landfill and other (D1-D7, D12) [DSP_L_OTH]"
Netherlands,2022,67990,Hazardous [HAZ],"Disposal - landfill and other (D1-D7, D12) [DSP_L_OTH]"
Austria,2010,0,Hazardous [HAZ],"Disposal - landfill and other (D1-D7, D12) [DSP_L_OTH]"
Austria,2012,0,Hazardous [HAZ],"Disposal - landfill and other (D1-D7, D12) [DSP_L_OTH]"
Austria,2014,0,Hazardous [HAZ],"Disposal - landfill and other (D1-D7, D12) [DSP_L_OTH]"
Austria,2016,0,Hazardous [HAZ],"Disposal - landfill and other (D1-D7, D12) [DSP_L_OTH]"
Austria,2018,0,Hazardous [HAZ],"Disposal - landfill and other (D1-D7, D12) [DSP_L_OTH]"
Austria,2020,0,Hazardous [HAZ],"Disposal - landfill and other (D1-D7, D12) [DSP_L_OTH]"
Austria,2022,0,Hazardous [HAZ],"Disposal - landfill and other (D1-D7, D12) [DSP_L_OTH]"
Poland,2010,929,Hazardous [HAZ],"Disposal - landfill and other (D1-D7, D12) [DSP_L_OTH]"
Poland,2012,350,Hazardous [HAZ],"Disposal - landfill and other (D1-D7, D12) [DSP_L_OTH]"
Poland,2014,528,Hazardous [HAZ],"Disposal - landfill and other (D1-D7, D12) [DSP_L_OTH]"
Poland,2016,3,Hazardous [HAZ],"Disposal - landfill and other (D1-D7, D12) [DSP_L_OTH]"
Poland,2018,5298,Hazardous [HAZ],"Disposal - landfill and other (D1-D7, D12) [DSP_L_OTH]"
Poland,2020,1289,Hazardous [HAZ],"Disposal - landfill and other (D1-D7, D12) [DSP_L_OTH]"
Poland,2022,321,Hazardous [HAZ],"Disposal - landfill and other (D1-D7, D12) [DSP_L_OTH]"
Portugal,2010,7503,Hazardous [HAZ],"Disposal - landfill and other (D1-D7, D12) [DSP_L_OTH]"
Portugal,2012,775,Hazardous [HAZ],"Disposal - landfill and other (D1-D7, D12) [DSP_L_OTH]"
Portugal,2014,288,Hazardous [HAZ],"Disposal - landfill and other (D1-D7, D12) [DSP_L_OTH]"
Portugal,2016,298,Hazardous [HAZ],"Disposal - landfill and other (D1-D7, D12) [DSP_L_OTH]"
Portugal,2018,3,Hazardous [HAZ],"Disposal - landfill and other (D1-D7, D12) [DSP_L_OTH]"
Portugal,2020,35,Hazardous [HAZ],"Disposal - landfill and other (D1-D7, D12) [DSP_L_OTH]"
Portugal,2022,4054,Hazardous [HAZ],"Disposal - landfill and other (D1-D7, D12) [DSP_L_OTH]"
Romania,2010,51,Hazardous [HAZ],"Disposal - landfill and other (D1-D7, D12) [DSP_L_OTH]"
Romania,2012,378,Hazardous [HAZ],"Disposal - landfill and other (D1-D7, D12) [DSP_L_OTH]"
Romania,2014,514,Hazardous [HAZ],"Disposal - landfill and other (D1-D7, D12) [DSP_L_OTH]"
Romania,2016,345,Hazardous [HAZ],"Disposal - landfill and other (D1-D7, D12) [DSP_L_OTH]"
Romania,2018,1104,Hazardous [HAZ],"Disposal - landfill and other (D1-D7, D12) [DSP_L_OTH]"
Romania,2020,1790,Hazardous [HAZ],"Disposal - landfill and other (D1-D7, D12) [DSP_L_OTH]"
Romania,2022,1780,Hazardous [HAZ],"Disposal - landfill and other (D1-D7, D12) [DSP_L_OTH]"
Slovenia,2010,4,Hazardous [HAZ],"Disposal - landfill and other (D1-D7, D12) [DSP_L_OTH]"
Slovenia,2012,0,Hazardous [HAZ],"Disposal - landfill and other (D1-D7, D12) [DSP_L_OTH]"
Slovenia,2014,0,Hazardous [HAZ],"Disposal - landfill and other (D1-D7, D12) [DSP_L_OTH]"
Slovenia,2016,0,Hazardous [HAZ],"Disposal - landfill and other (D1-D7, D12) [DSP_L_OTH]"
Slovenia,2018,0,Hazardous [HAZ],"Disposal - landfill and other (D1-D7, D12) [DSP_L_OTH]"
Slovenia,2020,0,Hazardous [HAZ],"Disposal - landfill and other (D1-D7, D12) [DSP_L_OTH]"
Slovenia,2022,0,Hazardous [HAZ],"Disposal - landfill and other (D1-D7, D12) [DSP_L_OTH]"
Slovakia,2010,15866,Hazardous [HAZ],"Disposal - landfill and other (D1-D7, D12) [DSP_L_OTH]"
Slovakia,2012,1878,Hazardous [HAZ],"Disposal - landfill and other (D1-D7, D12) [DSP_L_OTH]"
Slovakia,2014,11614,Hazardous [HAZ],"Disposal - landfill and other (D1-D7, D12) [DSP_L_OTH]"
Slovakia,2016,6558,Hazardous [HAZ],"Disposal - landfill and other (D1-D7, D12) [DSP_L_OTH]"
Slovakia,2018,4454,Hazardous [HAZ],"Disposal - landfill and other (D1-D7, D12) [DSP_L_OTH]"
Slovakia,2020,485,Hazardous [HAZ],"Disposal - landfill and other (D1-D7, D12) [DSP_L_OTH]"
Slovakia,2022,8110,Hazardous [HAZ],"Disposal - landfill and other (D1-D7, D12) [DSP_L_OTH]"
Finland,2010,23340,Hazardous [HAZ],"Disposal - landfill and other (D1-D7, D12) [DSP_L_OTH]"
Finland,2012,13658,Hazardous [HAZ],"Disposal - landfill and other (D1-D7, D12) [DSP_L_OTH]"
Finland,2014,10113,Hazardous [HAZ],"Disposal - landfill and other (D1-D7, D12) [DSP_L_OTH]"
Finland,2016,6742,Hazardous [HAZ],"Disposal - landfill and other (D1-D7, D12) [DSP_L_OTH]"
Finland,2018,17090,Hazardous [HAZ],"Disposal - landfill and other (D1-D7, D12) [DSP_L_OTH]"
Finland,2020,14895,Hazardous [HAZ],"Disposal - landfill and other (D1-D7, D12) [DSP_L_OTH]"
Finland,2022,10564,Hazardous [HAZ],"Disposal - landfill and other (D1-D7, D12) [DSP_L_OTH]"
Sweden,2010,7128,Hazardous [HAZ],"Disposal - landfill and other (D1-D7, D12) [DSP_L_OTH]"
Sweden,2012,5045,Hazardous [HAZ],"Disposal - landfill and other (D1-D7, D12) [DSP_L_OTH]"
Sweden,2014,11654,Hazardous [HAZ],"Disposal - landfill and other (D1-D7, D12) [DSP_L_OTH]"
Sweden,2016,16881,Hazardous [HAZ],"Disposal - landfill and other (D1-D7, D12) [DSP_L_OTH]"
Sweden,2018,21967,Hazardous [HAZ],"Disposal - landfill and other (D1-D7, D12) [DSP_L_OTH]"
Sweden,2020,45530,Hazardous [HAZ],"Disposal - landfill and other (D1-D7, D12) [DSP_L_OTH]"
Sweden,2022,57824,Hazardous [HAZ],"Disposal - landfill and other (D1-D7, D12) [DSP_L_OTH]"
Iceland,2010,0,Hazardous [HAZ],"Disposal - landfill and other (D1-D7, D12) [DSP_L_OTH]"
Iceland,2012,0,Hazardous [HAZ],"Disposal - landfill and other (D1-D7, D12) [DSP_L_OTH]"
Iceland,2014,669,Hazardous [HAZ],"Disposal - landfill and other (D1-D7, D12) [DSP_L_OTH]"
Iceland,2016,494,Hazardous [HAZ],"Disposal - landfill and other (D1-D7, D12) [DSP_L_OTH]"
Iceland,2018,810,Hazardous [HAZ],"Disposal - landfill and other (D1-D7, D12) [DSP_L_OTH]"
Iceland,2020,118,Hazardous [HAZ],"Disposal - landfill and other (D1-D7, D12) [DSP_L_OTH]"
Iceland,2022,23,Hazardous [HAZ],"Disposal - landfill and other (D1-D7, D12) [DSP_L_OTH]"
Norway,2012,0,Hazardous [HAZ],"Disposal - landfill and other (D1-D7, D12) [DSP_L_OTH]"
Norway,2014,124669,Hazardous [HAZ],"Disposal - landfill and other (D1-D7, D12) [DSP_L_OTH]"
Norway,2016,119710,Hazardous [HAZ],"Disposal - landfill and other (D1-D7, D12) [DSP_L_OTH]"
Norway,2018,14054,Hazardous [HAZ],"Disposal - landfill and other (D1-D7, D12) [DSP_L_OTH]"
Norway,2020,28355,Hazardous [HAZ],"Disposal - landfill and other (D1-D7, D12) [DSP_L_OTH]"
Norway,2022,30931,Hazardous [HAZ],"Disposal - landfill and other (D1-D7, D12) [DSP_L_OTH]"
United Kingdom,2010,18566,Hazardous [HAZ],"Disposal - landfill and other (D1-D7, D12) [DSP_L_OTH]"
United Kingdom,2012,93450,Hazardous [HAZ],"Disposal - landfill and other (D1-D7, D12) [DSP_L_OTH]"
United Kingdom,2014,17398,Hazardous [HAZ],"Disposal - landfill and other (D1-D7, D12) [DSP_L_OTH]"
United Kingdom,2016,10532,Hazardous [HAZ],"Disposal - landfill and other (D1-D7, D12) [DSP_L_OTH]"
United Kingdom,2018,17647,Hazardous [HAZ],"Disposal - landfill and other (D1-D7, D12) [DSP_L_OTH]"
Bosnia and Herzegovina,2022,117,Hazardous [HAZ],"Disposal - landfill and other (D1-D7, D12) [DSP_L_OTH]"
Montenegro,2012,0,Hazardous [HAZ],"Disposal - landfill and other (D1-D7, D12) [DSP_L_OTH]"
Montenegro,2014,0,Hazardous [HAZ],"Disposal - landfill and other (D1-D7, D12) [DSP_L_OTH]"
Montenegro,2016,0,Hazardous [HAZ],"Disposal - landfill and other (D1-D7, D12) [DSP_L_OTH]"
Montenegro,2018,0,Hazardous [HAZ],"Disposal - landfill and other (D1-D7, D12) [DSP_L_OTH]"
Montenegro,2020,0,Hazardous [HAZ],"Disposal - landfill and other (D1-D7, D12) [DSP_L_OTH]"
Montenegro,2022,0,Hazardous [HAZ],"Disposal - landfill and other (D1-D7, D12) [DSP_L_OTH]"
North Macedonia,2010,0,Hazardous [HAZ],"Disposal - landfill and other (D1-D7, D12) [DSP_L_OTH]"
North Macedonia,2012,2,Hazardous [HAZ],"Disposal - landfill and other (D1-D7, D12) [DSP_L_OTH]"
North Macedonia,2014,1,Hazardous [HAZ],"Disposal - landfill and other (D1-D7, D12) [DSP_L_OTH]"
North Macedonia,2018,0,Hazardous [HAZ],"Disposal - landfill and other (D1-D7, D12) [DSP_L_OTH]"
North Macedonia,2020,127,Hazardous [HAZ],"Disposal - landfill and other (D1-D7, D12) [DSP_L_OTH]"
North Macedonia,2022,436,Hazardous [HAZ],"Disposal - landfill and other (D1-D7, D12) [DSP_L_OTH]"
Serbia,2010,1,Hazardous [HAZ],"Disposal - landfill and other (D1-D7, D12) [DSP_L_OTH]"
Serbia,2012,0,Hazardous [HAZ],"Disposal - landfill and other (D1-D7, D12) [DSP_L_OTH]"
Serbia,2014,303,Hazardous [HAZ],"Disposal - landfill and other (D1-D7, D12) [DSP_L_OTH]"
Serbia,2016,249,Hazardous [HAZ],"Disposal - landfill and other (D1-D7, D12) [DSP_L_OTH]"
Serbia,2018,682,Hazardous [HAZ],"Disposal - landfill and other (D1-D7, D12) [DSP_L_OTH]"
Serbia,2020,2883,Hazardous [HAZ],"Disposal - landfill and other (D1-D7, D12) [DSP_L_OTH]"
Serbia,2022,152,Hazardous [HAZ],"Disposal - landfill and other (D1-D7, D12) [DSP_L_OTH]"
Türkiye,2012,213,Hazardous [HAZ],"Disposal - landfill and other (D1-D7, D12) [DSP_L_OTH]"
Türkiye,2018,622,Hazardous [HAZ],"Disposal - landfill and other (D1-D7, D12) [DSP_L_OTH]"
Kosovo*,2016,0,Hazardous [HAZ],"Disposal - landfill and other (D1-D7, D12) [DSP_L_OTH]"
Kosovo*,2020,0,Hazardous [HAZ],"Disposal - landfill and other (D1-D7, D12) [DSP_L_OTH]"
Kosovo*,2022,0,Hazardous [HAZ],"Disposal - landfill and other (D1-D7, D12) [DSP_L_OTH]"
European Union - 27 countries (from 2020),2010,1180000,Hazardous [HAZ],"Disposal - landfill (D1, D5, D12) [DSP_L]"
European Union - 27 countries (from 2020),2012,1320000,Hazardous [HAZ],"Disposal - landfill (D1, D5, D12) [DSP_L]"
European Union - 27 countries (from 2020),2014,1920000,Hazardous [HAZ],"Disposal - landfill (D1, D5, D12) [DSP_L]"
European Union - 27 countries (from 2020),2016,2260000,Hazardous [HAZ],"Disposal - landfill (D1, D5, D12) [DSP_L]"
European Union - 27 countries (from 2020),2018,2950000,Hazardous [HAZ],"Disposal - landfill (D1, D5, D12) [DSP_L]"
European Union - 27 countries (from 2020),2020,2780000,Hazardous [HAZ],"Disposal - landfill (D1, D5, D12) [DSP_L]"
European Union - 27 countries (from 2020),2022,2700000,Hazardous [HAZ],"Disposal - landfill (D1, D5, D12) [DSP_L]"
European Union - 28 countries (2013-2020),2010,1200000,Hazardous [HAZ],"Disposal - landfill (D1, D5, D12) [DSP_L]"
European Union - 28 countries (2013-2020),2012,1410000,Hazardous [HAZ],"Disposal - landfill (D1, D5, D12) [DSP_L]"
European Union - 28 countries (2013-2020),2014,1940000,Hazardous [HAZ],"Disposal - landfill (D1, D5, D12) [DSP_L]"
European Union - 28 countries (2013-2020),2016,2270000,Hazardous [HAZ],"Disposal - landfill (D1, D5, D12) [DSP_L]"
European Union - 28 countries (2013-2020),2018,2970000,Hazardous [HAZ],"Disposal - landfill (D1, D5, D12) [DSP_L]"
Belgium,2010,6509,Hazardous [HAZ],"Disposal - landfill (D1, D5, D12) [DSP_L]"
Belgium,2012,53580,Hazardous [HAZ],"Disposal - landfill (D1, D5, D12) [DSP_L]"
Belgium,2014,57040,Hazardous [HAZ],"Disposal - landfill (D1, D5, D12) [DSP_L]"
Belgium,2016,55337,Hazardous [HAZ],"Disposal - landfill (D1, D5, D12) [DSP_L]"
Belgium,2018,78571,Hazardous [HAZ],"Disposal - landfill (D1, D5, D12) [DSP_L]"
Belgium,2020,26507,Hazardous [HAZ],"Disposal - landfill (D1, D5, D12) [DSP_L]"
Belgium,2022,1313,Hazardous [HAZ],"Disposal - landfill (D1, D5, D12) [DSP_L]"
Bulgaria,2010,61,Hazardous [HAZ],"Disposal - landfill (D1, D5, D12) [DSP_L]"
Bulgaria,2012,35,Hazardous [HAZ],"Disposal - landfill (D1, D5, D12) [DSP_L]"
Bulgaria,2014,16,Hazardous [HAZ],"Disposal - landfill (D1, D5, D12) [DSP_L]"
Bulgaria,2016,4000,Hazardous [HAZ],"Disposal - landfill (D1, D5, D12) [DSP_L]"
Bulgaria,2018,11,Hazardous [HAZ],"Disposal - landfill (D1, D5, D12) [DSP_L]"
Bulgaria,2020,28,Hazardous [HAZ],"Disposal - landfill (D1, D5, D12) [DSP_L]"
Bulgaria,2022,124,Hazardous [HAZ],"Disposal - landfill (D1, D5, D12) [DSP_L]"
Czechia,2010,1349,Hazardous [HAZ],"Disposal - landfill (D1, D5, D12) [DSP_L]"
Czechia,2012,517,Hazardous [HAZ],"Disposal - landfill (D1, D5, D12) [DSP_L]"
Czechia,2014,227,Hazardous [HAZ],"Disposal - landfill (D1, D5, D12) [DSP_L]"
Czechia,2016,370,Hazardous [HAZ],"Disposal - landfill (D1, D5, D12) [DSP_L]"
Czechia,2018,482,Hazardous [HAZ],"Disposal - landfill (D1, D5, D12) [DSP_L]"
Czechia,2020,29965,Hazardous [HAZ],"Disposal - landfill (D1, D5, D12) [DSP_L]"
Czechia,2022,29716,Hazardous [HAZ],"Disposal - landfill (D1, D5, D12) [DSP_L]"
Denmark,2010,23706,Hazardous [HAZ],"Disposal - landfill (D1, D5, D12) [DSP_L]"
Denmark,2012,5679,Hazardous [HAZ],"Disposal - landfill (D1, D5, D12) [DSP_L]"
Denmark,2014,10842,Hazardous [HAZ],"Disposal - landfill (D1, D5, D12) [DSP_L]"
Denmark,2016,17182,Hazardous [HAZ],"Disposal - landfill (D1, D5, D12) [DSP_L]"
Denmark,2018,1826,Hazardous [HAZ],"Disposal - landfill (D1, D5, D12) [DSP_L]"
Denmark,2020,1912,Hazardous [HAZ],"Disposal - landfill (D1, D5, D12) [DSP_L]"
Denmark,2022,1059,Hazardous [HAZ],"Disposal - landfill (D1, D5, D12) [DSP_L]"
Germany,2010,859462,Hazardous [HAZ],"Disposal - landfill (D1, D5, D12) [DSP_L]"
Germany,2012,1055662,Hazardous [HAZ],"Disposal - landfill (D1, D5, D12) [DSP_L]"
Germany,2014,1253355,Hazardous [HAZ],"Disposal - landfill (D1, D5, D12) [DSP_L]"
Germany,2016,1618000,Hazardous [HAZ],"Disposal - landfill (D1, D5, D12) [DSP_L]"
Germany,2018,1836411,Hazardous [HAZ],"Disposal - landfill (D1, D5, D12) [DSP_L]"
Germany,2020,1992204,Hazardous [HAZ],"Disposal - landfill (D1, D5, D12) [DSP_L]"
Germany,2022,1807407,Hazardous [HAZ],"Disposal - landfill (D1, D5, D12) [DSP_L]"
Estonia,2010,0,Hazardous [HAZ],"Disposal - landfill (D1, D5, D12) [DSP_L]"
Estonia,2012,0,Hazardous [HAZ],"Disposal - landfill (D1, D5, D12) [DSP_L]"
Estonia,2014,0,Hazardous [HAZ],"Disposal - landfill (D1, D5, D12) [DSP_L]"
Estonia,2016,0,Hazardous [HAZ],"Disposal - landfill (D1, D5, D12) [DSP_L]"
Estonia,2018,0,Hazardous [HAZ],"Disposal - landfill (D1, D5, D12) [DSP_L]"
Estonia,2020,0,Hazardous [HAZ],"Disposal - landfill (D1, D5, D12) [DSP_L]"
Estonia,2022,12924,Hazardous [HAZ],"Disposal - landfill (D1, D5, D12) [DSP_L]"
Ireland,2010,0,Hazardous [HAZ],"Disposal - landfill (D1, D5, D12) [DSP_L]"
Ireland,2012,0,Hazardous [HAZ],"Disposal - landfill (D1, D5, D12) [DSP_L]"
Ireland,2014,0,Hazardous [HAZ],"Disposal - landfill (D1, D5, D12) [DSP_L]"
Ireland,2016,0,Hazardous [HAZ],"Disposal - landfill (D1, D5, D12) [DSP_L]"
Ireland,2018,6,Hazardous [HAZ],"Disposal - landfill (D1, D5, D12) [DSP_L]"
Ireland,2020,0,Hazardous [HAZ],"Disposal - landfill (D1, D5, D12) [DSP_L]"
Ireland,2022,0,Hazardous [HAZ],"Disposal - landfill (D1, D5, D12) [DSP_L]"
Greece,2010,0,Hazardous [HAZ],"Disposal - landfill (D1, D5, D12) [DSP_L]"
Greece,2012,0,Hazardous [HAZ],"Disposal - landfill (D1, D5, D12) [DSP_L]"
Greece,2014,0,Hazardous [HAZ],"Disposal - landfill (D1, D5, D12) [DSP_L]"
Greece,2016,0,Hazardous [HAZ],"Disposal - landfill (D1, D5, D12) [DSP_L]"
Greece,2018,0,Hazardous [HAZ],"Disposal - landfill (D1, D5, D12) [DSP_L]"
Greece,2020,0,Hazardous [HAZ],"Disposal - landfill (D1, D5, D12) [DSP_L]"
Greece,2022,0,Hazardous [HAZ],"Disposal - landfill (D1, D5, D12) [DSP_L]"
Spain,2010,113802,Hazardous [HAZ],"Disposal - landfill (D1, D5, D12) [DSP_L]"
Spain,2012,61890,Hazardous [HAZ],"Disposal - landfill (D1, D5, D12) [DSP_L]"
Spain,2014,56253,Hazardous [HAZ],"Disposal - landfill (D1, D5, D12) [DSP_L]"
Spain,2016,33338,Hazardous [HAZ],"Disposal - landfill (D1, D5, D12) [DSP_L]"
Spain,2018,43369,Hazardous [HAZ],"Disposal - landfill (D1, D5, D12) [DSP_L]"
Spain,2020,14965,Hazardous [HAZ],"Disposal - landfill (D1, D5, D12) [DSP_L]"
Spain,2022,1013,Hazardous [HAZ],"Disposal - landfill (D1, D5, D12) [DSP_L]"
France,2010,22466,Hazardous [HAZ],"Disposal - landfill (D1, D5, D12) [DSP_L]"
France,2012,32466,Hazardous [HAZ],"Disposal - landfill (D1, D5, D12) [DSP_L]"
France,2014,444715,Hazardous [HAZ],"Disposal - landfill (D1, D5, D12) [DSP_L]"
France,2016,438335,Hazardous [HAZ],"Disposal - landfill (D1, D5, D12) [DSP_L]"
France,2018,914679,Hazardous [HAZ],"Disposal - landfill (D1, D5, D12) [DSP_L]"
France,2020,583474,Hazardous [HAZ],"Disposal - landfill (D1, D5, D12) [DSP_L]"
France,2022,680548,Hazardous [HAZ],"Disposal - landfill (D1, D5, D12) [DSP_L]"
Croatia,2010,0,Hazardous [HAZ],"Disposal - landfill (D1, D5, D12) [DSP_L]"
Croatia,2012,0,Hazardous [HAZ],"Disposal - landfill (D1, D5, D12) [DSP_L]"
Croatia,2014,0,Hazardous [HAZ],"Disposal - landfill (D1, D5, D12) [DSP_L]"
Croatia,2016,0,Hazardous [HAZ],"Disposal - landfill (D1, D5, D12) [DSP_L]"
Croatia,2018,0,Hazardous [HAZ],"Disposal - landfill (D1, D5, D12) [DSP_L]"
Croatia,2020,0,Hazardous [HAZ],"Disposal - landfill (D1, D5, D12) [DSP_L]"
Croatia,2022,0,Hazardous [HAZ],"Disposal - landfill (D1, D5, D12) [DSP_L]"
Italy,2010,47917,Hazardous [HAZ],"Disposal - landfill (D1, D5, D12) [DSP_L]"
Italy,2012,28764,Hazardous [HAZ],"Disposal - landfill (D1, D5, D12) [DSP_L]"
Italy,2014,42023,Hazardous [HAZ],"Disposal - landfill (D1, D5, D12) [DSP_L]"
Italy,2016,48941,Hazardous [HAZ],"Disposal - landfill (D1, D5, D12) [DSP_L]"
Italy,2018,22680,Hazardous [HAZ],"Disposal - landfill (D1, D5, D12) [DSP_L]"
Italy,2020,58490,Hazardous [HAZ],"Disposal - landfill (D1, D5, D12) [DSP_L]"
Italy,2022,9338,Hazardous [HAZ],"Disposal - landfill (D1, D5, D12) [DSP_L]"
Cyprus,2010,11410,Hazardous [HAZ],"Disposal - landfill (D1, D5, D12) [DSP_L]"
Cyprus,2012,0,Hazardous [HAZ],"Disposal - landfill (D1, D5, D12) [DSP_L]"
Cyprus,2014,0,Hazardous [HAZ],"Disposal - landfill (D1, D5, D12) [DSP_L]"
Cyprus,2016,0,Hazardous [HAZ],"Disposal - landfill (D1, D5, D12) [DSP_L]"
Cyprus,2018,0,Hazardous [HAZ],"Disposal - landfill (D1, D5, D12) [DSP_L]"
Cyprus,2020,0,Hazardous [HAZ],"Disposal - landfill (D1, D5, D12) [DSP_L]"
Cyprus,2022,0,Hazardous [HAZ],"Disposal - landfill (D1, D5, D12) [DSP_L]"
Latvia,2010,0,Hazardous [HAZ],"Disposal - landfill (D1, D5, D12) [DSP_L]"
Latvia,2012,0,Hazardous [HAZ],"Disposal - landfill (D1, D5, D12) [DSP_L]"
Latvia,2014,0,Hazardous [HAZ],"Disposal - landfill (D1, D5, D12) [DSP_L]"
Latvia,2016,0,Hazardous [HAZ],"Disposal - landfill (D1, D5, D12) [DSP_L]"
Latvia,2018,0,Hazardous [HAZ],"Disposal - landfill (D1, D5, D12) [DSP_L]"
Latvia,2020,0,Hazardous [HAZ],"Disposal - landfill (D1, D5, D12) [DSP_L]"
Latvia,2022,0,Hazardous [HAZ],"Disposal - landfill (D1, D5, D12) [DSP_L]"
Lithuania,2010,0,Hazardous [HAZ],"Disposal - landfill (D1, D5, D12) [DSP_L]"
Lithuania,2012,0,Hazardous [HAZ],"Disposal - landfill (D1, D5, D12) [DSP_L]"
Lithuania,2014,0,Hazardous [HAZ],"Disposal - landfill (D1, D5, D12) [DSP_L]"
Lithuania,2016,0,Hazardous [HAZ],"Disposal - landfill (D1, D5, D12) [DSP_L]"
Lithuania,2018,6,Hazardous [HAZ],"Disposal - landfill (D1, D5, D12) [DSP_L]"
Lithuania,2020,265,Hazardous [HAZ],"Disposal - landfill (D1, D5, D12) [DSP_L]"
Lithuania,2022,15,Hazardous [HAZ],"Disposal - landfill (D1, D5, D12) [DSP_L]"
Luxembourg,2010,0,Hazardous [HAZ],"Disposal - landfill (D1, D5, D12) [DSP_L]"
Luxembourg,2012,0,Hazardous [HAZ],"Disposal - landfill (D1, D5, D12) [DSP_L]"
Luxembourg,2014,0,Hazardous [HAZ],"Disposal - landfill (D1, D5, D12) [DSP_L]"
Luxembourg,2016,0,Hazardous [HAZ],"Disposal - landfill (D1, D5, D12) [DSP_L]"
Luxembourg,2018,0,Hazardous [HAZ],"Disposal - landfill (D1, D5, D12) [DSP_L]"
Luxembourg,2020,0,Hazardous [HAZ],"Disposal - landfill (D1, D5, D12) [DSP_L]"
Luxembourg,2022,0,Hazardous [HAZ],"Disposal - landfill (D1, D5, D12) [DSP_L]"
Hungary,2010,14419,Hazardous [HAZ],"Disposal - landfill (D1, D5, D12) [DSP_L]"
Hungary,2012,14817,Hazardous [HAZ],"Disposal - landfill (D1, D5, D12) [DSP_L]"
Hungary,2014,4121,Hazardous [HAZ],"Disposal - landfill (D1, D5, D12) [DSP_L]"
Hungary,2016,4608,Hazardous [HAZ],"Disposal - landfill (D1, D5, D12) [DSP_L]"
Hungary,2018,1400,Hazardous [HAZ],"Disposal - landfill (D1, D5, D12) [DSP_L]"
Hungary,2020,2173,Hazardous [HAZ],"Disposal - landfill (D1, D5, D12) [DSP_L]"
Hungary,2022,14175,Hazardous [HAZ],"Disposal - landfill (D1, D5, D12) [DSP_L]"
Malta,2010,0,Hazardous [HAZ],"Disposal - landfill (D1, D5, D12) [DSP_L]"
Malta,2012,0,Hazardous [HAZ],"Disposal - landfill (D1, D5, D12) [DSP_L]"
Malta,2014,0,Hazardous [HAZ],"Disposal - landfill (D1, D5, D12) [DSP_L]"
Malta,2016,0,Hazardous [HAZ],"Disposal - landfill (D1, D5, D12) [DSP_L]"
Malta,2018,0,Hazardous [HAZ],"Disposal - landfill (D1, D5, D12) [DSP_L]"
Malta,2020,0,Hazardous [HAZ],"Disposal - landfill (D1, D5, D12) [DSP_L]"
Malta,2022,0,Hazardous [HAZ],"Disposal - landfill (D1, D5, D12) [DSP_L]"
Netherlands,2010,36840,Hazardous [HAZ],"Disposal - landfill (D1, D5, D12) [DSP_L]"
Netherlands,2012,43223,Hazardous [HAZ],"Disposal - landfill (D1, D5, D12) [DSP_L]"
Netherlands,2014,26329,Hazardous [HAZ],"Disposal - landfill (D1, D5, D12) [DSP_L]"
Netherlands,2016,6777,Hazardous [HAZ],"Disposal - landfill (D1, D5, D12) [DSP_L]"
Netherlands,2018,5734,Hazardous [HAZ],"Disposal - landfill (D1, D5, D12) [DSP_L]"
Netherlands,2020,2750,Hazardous [HAZ],"Disposal - landfill (D1, D5, D12) [DSP_L]"
Netherlands,2022,67990,Hazardous [HAZ],"Disposal - landfill (D1, D5, D12) [DSP_L]"
Austria,2010,0,Hazardous [HAZ],"Disposal - landfill (D1, D5, D12) [DSP_L]"
Austria,2012,0,Hazardous [HAZ],"Disposal - landfill (D1, D5, D12) [DSP_L]"
Austria,2014,0,Hazardous [HAZ],"Disposal - landfill (D1, D5, D12) [DSP_L]"
Austria,2016,0,Hazardous [HAZ],"Disposal - landfill (D1, D5, D12) [DSP_L]"
Austria,2018,0,Hazardous [HAZ],"Disposal - landfill (D1, D5, D12) [DSP_L]"
Austria,2020,0,Hazardous [HAZ],"Disposal - landfill (D1, D5, D12) [DSP_L]"
Austria,2022,0,Hazardous [HAZ],"Disposal - landfill (D1, D5, D12) [DSP_L]"
Poland,2010,929,Hazardous [HAZ],"Disposal - landfill (D1, D5, D12) [DSP_L]"
Poland,2012,350,Hazardous [HAZ],"Disposal - landfill (D1, D5, D12) [DSP_L]"
Poland,2014,528,Hazardous [HAZ],"Disposal - landfill (D1, D5, D12) [DSP_L]"
Poland,2016,3,Hazardous [HAZ],"Disposal - landfill (D1, D5, D12) [DSP_L]"
Poland,2018,5298,Hazardous [HAZ],"Disposal - landfill (D1, D5, D12) [DSP_L]"
Poland,2020,1289,Hazardous [HAZ],"Disposal - landfill (D1, D5, D12) [DSP_L]"
Poland,2022,321,Hazardous [HAZ],"Disposal - landfill (D1, D5, D12) [DSP_L]"
Portugal,2010,7503,Hazardous [HAZ],"Disposal - landfill (D1, D5, D12) [DSP_L]"
Portugal,2012,775,Hazardous [HAZ],"Disposal - landfill (D1, D5, D12) [DSP_L]"
Portugal,2014,288,Hazardous [HAZ],"Disposal - landfill (D1, D5, D12) [DSP_L]"
Portugal,2016,298,Hazardous [HAZ],"Disposal - landfill (D1, D5, D12) [DSP_L]"
Portugal,2018,3,Hazardous [HAZ],"Disposal - landfill (D1, D5, D12) [DSP_L]"
Portugal,2020,35,Hazardous [HAZ],"Disposal - landfill (D1, D5, D12) [DSP_L]"
Portugal,2022,4054,Hazardous [HAZ],"Disposal - landfill (D1, D5, D12) [DSP_L]"
Romania,2010,51,Hazardous [HAZ],"Disposal - landfill (D1, D5, D12) [DSP_L]"
Romania,2012,378,Hazardous [HAZ],"Disposal - landfill (D1, D5, D12) [DSP_L]"
Romania,2014,514,Hazardous [HAZ],"Disposal - landfill (D1, D5, D12) [DSP_L]"
Romania,2016,345,Hazardous [HAZ],"Disposal - landfill (D1, D5, D12) [DSP_L]"
Romania,2018,1104,Hazardous [HAZ],"Disposal - landfill (D1, D5, D12) [DSP_L]"
Romania,2020,1790,Hazardous [HAZ],"Disposal - landfill (D1, D5, D12) [DSP_L]"
Romania,2022,1780,Hazardous [HAZ],"Disposal - landfill (D1, D5, D12) [DSP_L]"
Slovenia,2010,4,Hazardous [HAZ],"Disposal - landfill (D1, D5, D12) [DSP_L]"
Slovenia,2012,0,Hazardous [HAZ],"Disposal - landfill (D1, D5, D12) [DSP_L]"
Slovenia,2014,0,Hazardous [HAZ],"Disposal - landfill (D1, D5, D12) [DSP_L]"
Slovenia,2016,0,Hazardous [HAZ],"Disposal - landfill (D1, D5, D12) [DSP_L]"
Slovenia,2018,0,Hazardous [HAZ],"Disposal - landfill (D1, D5, D12) [DSP_L]"
Slovenia,2020,0,Hazardous [HAZ],"Disposal - landfill (D1, D5, D12) [DSP_L]"
Slovenia,2022,0,Hazardous [HAZ],"Disposal - landfill (D1, D5, D12) [DSP_L]"
Slovakia,2010,7127,Hazardous [HAZ],"Disposal - landfill (D1, D5, D12) [DSP_L]"
Slovakia,2012,1820,Hazardous [HAZ],"Disposal - landfill (D1, D5, D12) [DSP_L]"
Slovakia,2014,998,Hazardous [HAZ],"Disposal - landfill (D1, D5, D12) [DSP_L]"
Slovakia,2016,6459,Hazardous [HAZ],"Disposal - landfill (D1, D5, D12) [DSP_L]"
Slovakia,2018,4240,Hazardous [HAZ],"Disposal - landfill (D1, D5, D12) [DSP_L]"
Slovakia,2020,484,Hazardous [HAZ],"Disposal - landfill (D1, D5, D12) [DSP_L]"
Slovakia,2022,1526,Hazardous [HAZ],"Disposal - landfill (D1, D5, D12) [DSP_L]"
Finland,2010,23340,Hazardous [HAZ],"Disposal - landfill (D1, D5, D12) [DSP_L]"
Finland,2012,13658,Hazardous [HAZ],"Disposal - landfill (D1, D5, D12) [DSP_L]"
Finland,2014,10113,Hazardous [HAZ],"Disposal - landfill (D1, D5, D12) [DSP_L]"
Finland,2016,6742,Hazardous [HAZ],"Disposal - landfill (D1, D5, D12) [DSP_L]"
Finland,2018,17090,Hazardous [HAZ],"Disposal - landfill (D1, D5, D12) [DSP_L]"
Finland,2020,14895,Hazardous [HAZ],"Disposal - landfill (D1, D5, D12) [DSP_L]"
Finland,2022,10564,Hazardous [HAZ],"Disposal - landfill (D1, D5, D12) [DSP_L]"
Sweden,2010,7128,Hazardous [HAZ],"Disposal - landfill (D1, D5, D12) [DSP_L]"
Sweden,2012,5045,Hazardous [HAZ],"Disposal - landfill (D1, D5, D12) [DSP_L]"
Sweden,2014,11654,Hazardous [HAZ],"Disposal - landfill (D1, D5, D12) [DSP_L]"
Sweden,2016,16881,Hazardous [HAZ],"Disposal - landfill (D1, D5, D12) [DSP_L]"
Sweden,2018,21967,Hazardous [HAZ],"Disposal - landfill (D1, D5, D12) [DSP_L]"
Sweden,2020,45530,Hazardous [HAZ],"Disposal - landfill (D1, D5, D12) [DSP_L]"
Sweden,2022,57824,Hazardous [HAZ],"Disposal - landfill (D1, D5, D12) [DSP_L]"
Iceland,2010,0,Hazardous [HAZ],"Disposal - landfill (D1, D5, D12) [DSP_L]"
Iceland,2012,0,Hazardous [HAZ],"Disposal - landfill (D1, D5, D12) [DSP_L]"
Iceland,2014,669,Hazardous [HAZ],"Disposal - landfill (D1, D5, D12) [DSP_L]"
Iceland,2016,494,Hazardous [HAZ],"Disposal - landfill (D1, D5, D12) [DSP_L]"
Iceland,2018,0,Hazardous [HAZ],"Disposal - landfill (D1, D5, D12) [DSP_L]"
Iceland,2020,118,Hazardous [HAZ],"Disposal - landfill (D1, D5, D12) [DSP_L]"
Iceland,2022,23,Hazardous [HAZ],"Disposal - landfill (D1, D5, D12) [DSP_L]"
Norway,2012,0,Hazardous [HAZ],"Disposal - landfill (D1, D5, D12) [DSP_L]"
Norway,2014,124669,Hazardous [HAZ],"Disposal - landfill (D1, D5, D12) [DSP_L]"
Norway,2016,119710,Hazardous [HAZ],"Disposal - landfill (D1, D5, D12) [DSP_L]"
Norway,2018,14054,Hazardous [HAZ],"Disposal - landfill (D1, D5, D12) [DSP_L]"
Norway,2020,28355,Hazardous [HAZ],"Disposal - landfill (D1, D5, D12) [DSP_L]"
Norway,2022,30931,Hazardous [HAZ],"Disposal - landfill (D1, D5, D12) [DSP_L]"
United Kingdom,2010,18566,Hazardous [HAZ],"Disposal - landfill (D1, D5, D12) [DSP_L]"
United Kingdom,2012,93450,Hazardous [HAZ],"Disposal - landfill (D1, D5, D12) [DSP_L]"
United Kingdom,2014,17398,Hazardous [HAZ],"Disposal - landfill (D1, D5, D12) [DSP_L]"
United Kingdom,2016,10532,Hazardous [HAZ],"Disposal - landfill (D1, D5, D12) [DSP_L]"
United Kingdom,2018,17647,Hazardous [HAZ],"Disposal - landfill (D1, D5, D12) [DSP_L]"
Bosnia and Herzegovina,2022,117,Hazardous [HAZ],"Disposal - landfill (D1, D5, D12) [DSP_L]"
Montenegro,2012,0,Hazardous [HAZ],"Disposal - landfill (D1, D5, D12) [DSP_L]"
Montenegro,2014,0,Hazardous [HAZ],"Disposal - landfill (D1, D5, D12) [DSP_L]"
Montenegro,2016,0,Hazardous [HAZ],"Disposal - landfill (D1, D5, D12) [DSP_L]"
Montenegro,2018,0,Hazardous [HAZ],"Disposal - landfill (D1, D5, D12) [DSP_L]"
Montenegro,2020,0,Hazardous [HAZ],"Disposal - landfill (D1, D5, D12) [DSP_L]"
Montenegro,2022,0,Hazardous [HAZ],"Disposal - landfill (D1, D5, D12) [DSP_L]"
North Macedonia,2010,0,Hazardous [HAZ],"Disposal - landfill (D1, D5, D12) [DSP_L]"
North Macedonia,2012,2,Hazardous [HAZ],"Disposal - landfill (D1, D5, D12) [DSP_L]"
North Macedonia,2014,1,Hazardous [HAZ],"Disposal - landfill (D1, D5, D12) [DSP_L]"
North Macedonia,2018,0,Hazardous [HAZ],"Disposal - landfill (D1, D5, D12) [DSP_L]"
North Macedonia,2020,127,Hazardous [HAZ],"Disposal - landfill (D1, D5, D12) [DSP_L]"
North Macedonia,2022,436,Hazardous [HAZ],"Disposal - landfill (D1, D5, D12) [DSP_L]"
Serbia,2010,1,Hazardous [HAZ],"Disposal - landfill (D1, D5, D12) [DSP_L]"
Serbia,2012,0,Hazardous [HAZ],"Disposal - landfill (D1, D5, D12) [DSP_L]"
Serbia,2014,303,Hazardous [HAZ],"Disposal - landfill (D1, D5, D12) [DSP_L]"
Serbia,2016,249,Hazardous [HAZ],"Disposal - landfill (D1, D5, D12) [DSP_L]"
Serbia,2018,682,Hazardous [HAZ],"Disposal - landfill (D1, D5, D12) [DSP_L]"
Serbia,2020,2883,Hazardous [HAZ],"Disposal - landfill (D1, D5, D12) [DSP_L]"
Serbia,2022,152,Hazardous [HAZ],"Disposal - landfill (D1, D5, D12) [DSP_L]"
Türkiye,2010,833,Hazardous [HAZ],"Disposal - landfill (D1, D5, D12) [DSP_L]"
Türkiye,2012,213,Hazardous [HAZ],"Disposal - landfill (D1, D5, D12) [DSP_L]"
Türkiye,2016,652,Hazardous [HAZ],"Disposal - landfill (D1, D5, D12) [DSP_L]"
Türkiye,2018,622,Hazardous [HAZ],"Disposal - landfill (D1, D5, D12) [DSP_L]"
Kosovo*,2016,0,Hazardous [HAZ],"Disposal - landfill (D1, D5, D12) [DSP_L]"
Kosovo*,2020,0,Hazardous [HAZ],"Disposal - landfill (D1, D5, D12) [DSP_L]"
Kosovo*,2022,0,Hazardous [HAZ],"Disposal - landfill (D1, D5, D12) [DSP_L]"
European Union - 27 countries (from 2020),2010,40000,Hazardous [HAZ],Disposal - incineration (D10) [DSP_I]
European Union - 27 countries (from 2020),2012,40000,Hazardous [HAZ],Disposal - incineration (D10) [DSP_I]
European Union - 27 countries (from 2020),2014,40000,Hazardous [HAZ],Disposal - incineration (D10) [DSP_I]
European Union - 27 countries (from 2020),2016,50000,Hazardous [HAZ],Disposal - incineration (D10) [DSP_I]
European Union - 27 countries (from 2020),2018,30000,Hazardous [HAZ],Disposal - incineration (D10) [DSP_I]
European Union - 27 countries (from 2020),2020,20000,Hazardous [HAZ],Disposal - incineration (D10) [DSP_I]
European Union - 27 countries (from 2020),2022,20000,Hazardous [HAZ],Disposal - incineration (D10) [DSP_I]
European Union - 28 countries (2013-2020),2010,40000,Hazardous [HAZ],Disposal - incineration (D10) [DSP_I]
European Union - 28 countries (2013-2020),2012,40000,Hazardous [HAZ],Disposal - incineration (D10) [DSP_I]
European Union - 28 countries (2013-2020),2014,40000,Hazardous [HAZ],Disposal - incineration (D10) [DSP_I]
European Union - 28 countries (2013-2020),2016,50000,Hazardous [HAZ],Disposal - incineration (D10) [DSP_I]
European Union - 28 countries (2013-2020),2018,40000,Hazardous [HAZ],Disposal - incineration (D10) [DSP_I]
Belgium,2010,303,Hazardous [HAZ],Disposal - incineration (D10) [DSP_I]
Belgium,2012,191,Hazardous [HAZ],Disposal - incineration (D10) [DSP_I]
Belgium,2014,69,Hazardous [HAZ],Disposal - incineration (D10) [DSP_I]
Belgium,2016,320,Hazardous [HAZ],Disposal - incineration (D10) [DSP_I]
Belgium,2018,42,Hazardous [HAZ],Disposal - incineration (D10) [DSP_I]
Belgium,2020,833,Hazardous [HAZ],Disposal - incineration (D10) [DSP_I]
Belgium,2022,503,Hazardous [HAZ],Disposal - incineration (D10) [DSP_I]
Bulgaria,2010,14,Hazardous [HAZ],Disposal - incineration (D10) [DSP_I]
Bulgaria,2012,2,Hazardous [HAZ],Disposal - incineration (D10) [DSP_I]
Bulgaria,2014,2,Hazardous [HAZ],Disposal - incineration (D10) [DSP_I]
Bulgaria,2016,0,Hazardous [HAZ],Disposal - incineration (D10) [DSP_I]
Bulgaria,2018,0,Hazardous [HAZ],Disposal - incineration (D10) [DSP_I]
Bulgaria,2020,7,Hazardous [HAZ],Disposal - incineration (D10) [DSP_I]
Bulgaria,2022,0,Hazardous [HAZ],Disposal - incineration (D10) [DSP_I]
Czechia,2016,1557,Hazardous [HAZ],Disposal - incineration (D10) [DSP_I]
Czechia,2020,737,Hazardous [HAZ],Disposal - incineration (D10) [DSP_I]
Denmark,2010,0,Hazardous [HAZ],Disposal - incineration (D10) [DSP_I]
Denmark,2012,8,Hazardous [HAZ],Disposal - incineration (D10) [DSP_I]
Denmark,2014,0,Hazardous [HAZ],Disposal - incineration (D10) [DSP_I]
Denmark,2016,0,Hazardous [HAZ],Disposal - incineration (D10) [DSP_I]
Denmark,2018,9,Hazardous [HAZ],Disposal - incineration (D10) [DSP_I]
Denmark,2020,30,Hazardous [HAZ],Disposal - incineration (D10) [DSP_I]
Denmark,2022,64,Hazardous [HAZ],Disposal - incineration (D10) [DSP_I]
Germany,2010,25042,Hazardous [HAZ],Disposal - incineration (D10) [DSP_I]
Germany,2012,20562,Hazardous [HAZ],Disposal - incineration (D10) [DSP_I]
Germany,2014,22879,Hazardous [HAZ],Disposal - incineration (D10) [DSP_I]
Germany,2016,13811,Hazardous [HAZ],Disposal - incineration (D10) [DSP_I]
Germany,2020,17582,Hazardous [HAZ],Disposal - incineration (D10) [DSP_I]
Germany,2022,13992,Hazardous [HAZ],Disposal - incineration (D10) [DSP_I]
Estonia,2010,0,Hazardous [HAZ],Disposal - incineration (D10) [DSP_I]
Estonia,2012,0,Hazardous [HAZ],Disposal - incineration (D10) [DSP_I]
Estonia,2014,0,Hazardous [HAZ],Disposal - incineration (D10) [DSP_I]
Estonia,2016,0,Hazardous [HAZ],Disposal - incineration (D10) [DSP_I]
Estonia,2018,1,Hazardous [HAZ],Disposal - incineration (D10) [DSP_I]
Estonia,2020,0,Hazardous [HAZ],Disposal - incineration (D10) [DSP_I]
Estonia,2022,0,Hazardous [HAZ],Disposal - incineration (D10) [DSP_I]
Ireland,2010,0,Hazardous [HAZ],Disposal - incineration (D10) [DSP_I]
Ireland,2012,0,Hazardous [HAZ],Disposal - incineration (D10) [DSP_I]
Ireland,2014,0,Hazardous [HAZ],Disposal - incineration (D10) [DSP_I]
Ireland,2016,0,Hazardous [HAZ],Disposal - incineration (D10) [DSP_I]
Ireland,2018,0,Hazardous [HAZ],Disposal - incineration (D10) [DSP_I]
Ireland,2020,0,Hazardous [HAZ],Disposal - incineration (D10) [DSP_I]
Ireland,2022,0,Hazardous [HAZ],Disposal - incineration (D10) [DSP_I]
Greece,2010,0,Hazardous [HAZ],Disposal - incineration (D10) [DSP_I]
Greece,2012,0,Hazardous [HAZ],Disposal - incineration (D10) [DSP_I]
Greece,2014,0,Hazardous [HAZ],Disposal - incineration (D10) [DSP_I]
Greece,2016,0,Hazardous [HAZ],Disposal - incineration (D10) [DSP_I]
Greece,2018,0,Hazardous [HAZ],Disposal - incineration (D10) [DSP_I]
Greece,2020,0,Hazardous [HAZ],Disposal - incineration (D10) [DSP_I]
Greece,2022,0,Hazardous [HAZ],Disposal - incineration (D10) [DSP_I]
Spain,2010,0,Hazardous [HAZ],Disposal - incineration (D10) [DSP_I]
Spain,2012,0,Hazardous [HAZ],Disposal - incineration (D10) [DSP_I]
Spain,2014,0,Hazardous [HAZ],Disposal - incineration (D10) [DSP_I]
Spain,2016,0,Hazardous [HAZ],Disposal - incineration (D10) [DSP_I]
Spain,2018,0,Hazardous [HAZ],Disposal - incineration (D10) [DSP_I]
Spain,2020,0,Hazardous [HAZ],Disposal - incineration (D10) [DSP_I]
Spain,2022,0,Hazardous [HAZ],Disposal - incineration (D10) [DSP_I]
France,2010,2789,Hazardous [HAZ],Disposal - incineration (D10) [DSP_I]
France,2012,1477,Hazardous [HAZ],Disposal - incineration (D10) [DSP_I]
France,2014,4029,Hazardous [HAZ],Disposal - incineration (D10) [DSP_I]
France,2016,3971,Hazardous [HAZ],Disposal - incineration (D10) [DSP_I]
France,2018,8287,Hazardous [HAZ],Disposal - incineration (D10) [DSP_I]
France,2020,0,Hazardous [HAZ],Disposal - incineration (D10) [DSP_I]
France,2022,0,Hazardous [HAZ],Disposal - incineration (D10) [DSP_I]
Croatia,2010,0,Hazardous [HAZ],Disposal - incineration (D10) [DSP_I]
Croatia,2012,0,Hazardous [HAZ],Disposal - incineration (D10) [DSP_I]
Croatia,2014,0,Hazardous [HAZ],Disposal - incineration (D10) [DSP_I]
Croatia,2016,0,Hazardous [HAZ],Disposal - incineration (D10) [DSP_I]
Croatia,2018,0,Hazardous [HAZ],Disposal - incineration (D10) [DSP_I]
Croatia,2020,0,Hazardous [HAZ],Disposal - incineration (D10) [DSP_I]
Croatia,2022,0,Hazardous [HAZ],Disposal - incineration (D10) [DSP_I]
Italy,2010,724,Hazardous [HAZ],Disposal - incineration (D10) [DSP_I]
Italy,2012,1466,Hazardous [HAZ],Disposal - incineration (D10) [DSP_I]
Italy,2014,800,Hazardous [HAZ],Disposal - incineration (D10) [DSP_I]
Italy,2016,423,Hazardous [HAZ],Disposal - incineration (D10) [DSP_I]
Italy,2018,400,Hazardous [HAZ],Disposal - incineration (D10) [DSP_I]
Italy,2020,426,Hazardous [HAZ],Disposal - incineration (D10) [DSP_I]
Italy,2022,687,Hazardous [HAZ],Disposal - incineration (D10) [DSP_I]
Cyprus,2010,0,Hazardous [HAZ],Disposal - incineration (D10) [DSP_I]
Cyprus,2012,0,Hazardous [HAZ],Disposal - incineration (D10) [DSP_I]
Cyprus,2014,0,Hazardous [HAZ],Disposal - incineration (D10) [DSP_I]
Cyprus,2016,0,Hazardous [HAZ],Disposal - incineration (D10) [DSP_I]
Cyprus,2018,0,Hazardous [HAZ],Disposal - incineration (D10) [DSP_I]
Cyprus,2020,0,Hazardous [HAZ],Disposal - incineration (D10) [DSP_I]
Cyprus,2022,0,Hazardous [HAZ],Disposal - incineration (D10) [DSP_I]
Latvia,2010,0,Hazardous [HAZ],Disposal - incineration (D10) [DSP_I]
Latvia,2012,0,Hazardous [HAZ],Disposal - incineration (D10) [DSP_I]
Latvia,2014,0,Hazardous [HAZ],Disposal - incineration (D10) [DSP_I]
Latvia,2016,0,Hazardous [HAZ],Disposal - incineration (D10) [DSP_I]
Latvia,2018,0,Hazardous [HAZ],Disposal - incineration (D10) [DSP_I]
Latvia,2020,0,Hazardous [HAZ],Disposal - incineration (D10) [DSP_I]
Latvia,2022,0,Hazardous [HAZ],Disposal - incineration (D10) [DSP_I]
Lithuania,2010,25,Hazardous [HAZ],Disposal - incineration (D10) [DSP_I]
Lithuania,2012,227,Hazardous [HAZ],Disposal - incineration (D10) [DSP_I]
Lithuania,2014,13,Hazardous [HAZ],Disposal - incineration (D10) [DSP_I]
Lithuania,2016,0,Hazardous [HAZ],Disposal - incineration (D10) [DSP_I]
Lithuania,2018,0,Hazardous [HAZ],Disposal - incineration (D10) [DSP_I]
Lithuania,2020,1,Hazardous [HAZ],Disposal - incineration (D10) [DSP_I]
Lithuania,2022,7,Hazardous [HAZ],Disposal - incineration (D10) [DSP_I]
Luxembourg,2010,0,Hazardous [HAZ],Disposal - incineration (D10) [DSP_I]
Luxembourg,2012,0,Hazardous [HAZ],Disposal - incineration (D10) [DSP_I]
Luxembourg,2014,0,Hazardous [HAZ],Disposal - incineration (D10) [DSP_I]
Luxembourg,2016,0,Hazardous [HAZ],Disposal - incineration (D10) [DSP_I]
Luxembourg,2018,0,Hazardous [HAZ],Disposal - incineration (D10) [DSP_I]
Luxembourg,2020,0,Hazardous [HAZ],Disposal - incineration (D10) [DSP_I]
Luxembourg,2022,0,Hazardous [HAZ],Disposal - incineration (D10) [DSP_I]
Hungary,2010,232,Hazardous [HAZ],Disposal - incineration (D10) [DSP_I]
Hungary,2012,1147,Hazardous [HAZ],Disposal - incineration (D10) [DSP_I]
Hungary,2014,2333,Hazardous [HAZ],Disposal - incineration (D10) [DSP_I]
Hungary,2016,630,Hazardous [HAZ],Disposal - incineration (D10) [DSP_I]
Hungary,2018,851,Hazardous [HAZ],Disposal - incineration (D10) [DSP_I]
Hungary,2020,407,Hazardous [HAZ],Disposal - incineration (D10) [DSP_I]
Hungary,2022,370,Hazardous [HAZ],Disposal - incineration (D10) [DSP_I]
Malta,2010,0,Hazardous [HAZ],Disposal - incineration (D10) [DSP_I]
Malta,2012,0,Hazardous [HAZ],Disposal - incineration (D10) [DSP_I]
Malta,2014,0,Hazardous [HAZ],Disposal - incineration (D10) [DSP_I]
Malta,2016,0,Hazardous [HAZ],Disposal - incineration (D10) [DSP_I]
Malta,2018,0,Hazardous [HAZ],Disposal - incineration (D10) [DSP_I]
Malta,2020,0,Hazardous [HAZ],Disposal - incineration (D10) [DSP_I]
Malta,2022,0,Hazardous [HAZ],Disposal - incineration (D10) [DSP_I]
Netherlands,2010,51,Hazardous [HAZ],Disposal - incineration (D10) [DSP_I]
Netherlands,2012,3357,Hazardous [HAZ],Disposal - incineration (D10) [DSP_I]
Netherlands,2014,8232,Hazardous [HAZ],Disposal - incineration (D10) [DSP_I]
Netherlands,2016,4466,Hazardous [HAZ],Disposal - incineration (D10) [DSP_I]
Netherlands,2018,11256,Hazardous [HAZ],Disposal - incineration (D10) [DSP_I]
Netherlands,2020,1139,Hazardous [HAZ],Disposal - incineration (D10) [DSP_I]
Netherlands,2022,383,Hazardous [HAZ],Disposal - incineration (D10) [DSP_I]
Austria,2010,1,Hazardous [HAZ],Disposal - incineration (D10) [DSP_I]
Poland,2010,1233,Hazardous [HAZ],Disposal - incineration (D10) [DSP_I]
Poland,2012,2381,Hazardous [HAZ],Disposal - incineration (D10) [DSP_I]
Poland,2014,1000,Hazardous [HAZ],Disposal - incineration (D10) [DSP_I]
Poland,2016,600,Hazardous [HAZ],Disposal - incineration (D10) [DSP_I]
Poland,2018,759,Hazardous [HAZ],Disposal - incineration (D10) [DSP_I]
Poland,2020,168,Hazardous [HAZ],Disposal - incineration (D10) [DSP_I]
Poland,2022,250,Hazardous [HAZ],Disposal - incineration (D10) [DSP_I]
Portugal,2010,0,Hazardous [HAZ],Disposal - incineration (D10) [DSP_I]
Portugal,2012,0,Hazardous [HAZ],Disposal - incineration (D10) [DSP_I]
Portugal,2014,0,Hazardous [HAZ],Disposal - incineration (D10) [DSP_I]
Portugal,2016,0,Hazardous [HAZ],Disposal - incineration (D10) [DSP_I]
Portugal,2018,0,Hazardous [HAZ],Disposal - incineration (D10) [DSP_I]
Portugal,2020,0,Hazardous [HAZ],Disposal - incineration (D10) [DSP_I]
Portugal,2022,0,Hazardous [HAZ],Disposal - incineration (D10) [DSP_I]
Romania,2010,41,Hazardous [HAZ],Disposal - incineration (D10) [DSP_I]
Romania,2012,0,Hazardous [HAZ],Disposal - incineration (D10) [DSP_I]
Romania,2014,0,Hazardous [HAZ],Disposal - incineration (D10) [DSP_I]
Romania,2016,0,Hazardous [HAZ],Disposal - incineration (D10) [DSP_I]
Romania,2018,0,Hazardous [HAZ],Disposal - incineration (D10) [DSP_I]
Romania,2020,0,Hazardous [HAZ],Disposal - incineration (D10) [DSP_I]
Romania,2022,0,Hazardous [HAZ],Disposal - incineration (D10) [DSP_I]
Slovenia,2010,0,Hazardous [HAZ],Disposal - incineration (D10) [DSP_I]
Slovenia,2012,0,Hazardous [HAZ],Disposal - incineration (D10) [DSP_I]
Slovenia,2014,0,Hazardous [HAZ],Disposal - incineration (D10) [DSP_I]
Slovenia,2016,0,Hazardous [HAZ],Disposal - incineration (D10) [DSP_I]
Slovenia,2018,0,Hazardous [HAZ],Disposal - incineration (D10) [DSP_I]
Slovenia,2020,0,Hazardous [HAZ],Disposal - incineration (D10) [DSP_I]
Slovenia,2022,0,Hazardous [HAZ],Disposal - incineration (D10) [DSP_I]
Slovakia,2010,27,Hazardous [HAZ],Disposal - incineration (D10) [DSP_I]
Slovakia,2012,49,Hazardous [HAZ],Disposal - incineration (D10) [DSP_I]
Slovakia,2014,85,Hazardous [HAZ],Disposal - incineration (D10) [DSP_I]
Slovakia,2016,0,Hazardous [HAZ],Disposal - incineration (D10) [DSP_I]
Slovakia,2018,8,Hazardous [HAZ],Disposal - incineration (D10) [DSP_I]
Slovakia,2020,0,Hazardous [HAZ],Disposal - incineration (D10) [DSP_I]
Slovakia,2022,0,Hazardous [HAZ],Disposal - incineration (D10) [DSP_I]
Finland,2010,5954,Hazardous [HAZ],Disposal - incineration (D10) [DSP_I]
Finland,2012,3936,Hazardous [HAZ],Disposal - incineration (D10) [DSP_I]
Finland,2014,3607,Hazardous [HAZ],Disposal - incineration (D10) [DSP_I]
Finland,2016,297,Hazardous [HAZ],Disposal - incineration (D10) [DSP_I]
Finland,2018,259,Hazardous [HAZ],Disposal - incineration (D10) [DSP_I]
Finland,2020,295,Hazardous [HAZ],Disposal - incineration (D10) [DSP_I]
Finland,2022,916,Hazardous [HAZ],Disposal - incineration (D10) [DSP_I]
Sweden,2010,0,Hazardous [HAZ],Disposal - incineration (D10) [DSP_I]
Sweden,2012,0,Hazardous [HAZ],Disposal - incineration (D10) [DSP_I]
Sweden,2014,0,Hazardous [HAZ],Disposal - incineration (D10) [DSP_I]
Sweden,2016,19500,Hazardous [HAZ],Disposal - incineration (D10) [DSP_I]
Sweden,2018,3831,Hazardous [HAZ],Disposal - incineration (D10) [DSP_I]
Sweden,2020,598,Hazardous [HAZ],Disposal - incineration (D10) [DSP_I]
Iceland,2010,0,Hazardous [HAZ],Disposal - incineration (D10) [DSP_I]
Iceland,2012,0,Hazardous [HAZ],Disposal - incineration (D10) [DSP_I]
Iceland,2014,0,Hazardous [HAZ],Disposal - incineration (D10) [DSP_I]
Iceland,2016,0,Hazardous [HAZ],Disposal - incineration (D10) [DSP_I]
Iceland,2018,0,Hazardous [HAZ],Disposal - incineration (D10) [DSP_I]
Iceland,2020,0,Hazardous [HAZ],Disposal - incineration (D10) [DSP_I]
Iceland,2022,0,Hazardous [HAZ],Disposal - incineration (D10) [DSP_I]
Norway,2012,0,Hazardous [HAZ],Disposal - incineration (D10) [DSP_I]
Norway,2014,7635,Hazardous [HAZ],Disposal - incineration (D10) [DSP_I]
Norway,2016,7052,Hazardous [HAZ],Disposal - incineration (D10) [DSP_I]
Norway,2018,6771,Hazardous [HAZ],Disposal - incineration (D10) [DSP_I]
Norway,2020,2659,Hazardous [HAZ],Disposal - incineration (D10) [DSP_I]
Norway,2022,2101,Hazardous [HAZ],Disposal - incineration (D10) [DSP_I]
United Kingdom,2010,57,Hazardous [HAZ],Disposal - incineration (D10) [DSP_I]
United Kingdom,2012,0,Hazardous [HAZ],Disposal - incineration (D10) [DSP_I]
United Kingdom,2014,0,Hazardous [HAZ],Disposal - incineration (D10) [DSP_I]
United Kingdom,2016,0,Hazardous [HAZ],Disposal - incineration (D10) [DSP_I]
United Kingdom,2018,5081,Hazardous [HAZ],Disposal - incineration (D10) [DSP_I]
Bosnia and Herzegovina,2022,0,Hazardous [HAZ],Disposal - incineration (D10) [DSP_I]
Montenegro,2012,0,Hazardous [HAZ],Disposal - incineration (D10) [DSP_I]
Montenegro,2014,0,Hazardous [HAZ],Disposal - incineration (D10) [DSP_I]
Montenegro,2016,0,Hazardous [HAZ],Disposal - incineration (D10) [DSP_I]
Montenegro,2018,0,Hazardous [HAZ],Disposal - incineration (D10) [DSP_I]
Montenegro,2020,0,Hazardous [HAZ],Disposal - incineration (D10) [DSP_I]
Montenegro,2022,0,Hazardous [HAZ],Disposal - incineration (D10) [DSP_I]
North Macedonia,2010,0,Hazardous [HAZ],Disposal - incineration (D10) [DSP_I]
North Macedonia,2012,0,Hazardous [HAZ],Disposal - incineration (D10) [DSP_I]
North Macedonia,2014,0,Hazardous [HAZ],Disposal - incineration (D10) [DSP_I]
North Macedonia,2018,0,Hazardous [HAZ],Disposal - incineration (D10) [DSP_I]
North Macedonia,2020,0,Hazardous [HAZ],Disposal - incineration (D10) [DSP_I]
North Macedonia,2022,0,Hazardous [HAZ],Disposal - incineration (D10) [DSP_I]
Serbia,2010,0,Hazardous [HAZ],Disposal - incineration (D10) [DSP_I]
Serbia,2012,0,Hazardous [HAZ],Disposal - incineration (D10) [DSP_I]
Serbia,2014,0,Hazardous [HAZ],Disposal - incineration (D10) [DSP_I]
Serbia,2016,0,Hazardous [HAZ],Disposal - incineration (D10) [DSP_I]
Serbia,2018,0,Hazardous [HAZ],Disposal - incineration (D10) [DSP_I]
Serbia,2020,0,Hazardous [HAZ],Disposal - incineration (D10) [DSP_I]
Serbia,2022,0,Hazardous [HAZ],Disposal - incineration (D10) [DSP_I]
Türkiye,2010,2,Hazardous [HAZ],Disposal - incineration (D10) [DSP_I]
Türkiye,2012,89,Hazardous [HAZ],Disposal - incineration (D10) [DSP_I]
Türkiye,2018,411,Hazardous [HAZ],Disposal - incineration (D10) [DSP_I]
Kosovo*,2016,0,Hazardous [HAZ],Disposal - incineration (D10) [DSP_I]
Kosovo*,2020,0,Hazardous [HAZ],Disposal - incineration (D10) [DSP_I]
Kosovo*,2022,0,Hazardous [HAZ],Disposal - incineration (D10) [DSP_I]
European Union - 27 countries (from 2020),2010,10000,Hazardous [HAZ],"Disposal - other (D2-D4, D6-D7) [DSP_OTH]"
European Union - 27 countries (from 2020),2012,0,Hazardous [HAZ],"Disposal - other (D2-D4, D6-D7) [DSP_OTH]"
European Union - 27 countries (from 2020),2014,20000,Hazardous [HAZ],"Disposal - other (D2-D4, D6-D7) [DSP_OTH]"
European Union - 27 countries (from 2020),2016,0,Hazardous [HAZ],"Disposal - other (D2-D4, D6-D7) [DSP_OTH]"
European Union - 27 countries (from 2020),2018,0,Hazardous [HAZ],"Disposal - other (D2-D4, D6-D7) [DSP_OTH]"
European Union - 27 countries (from 2020),2020,0,Hazardous [HAZ],"Disposal - other (D2-D4, D6-D7) [DSP_OTH]"
European Union - 27 countries (from 2020),2022,10000,Hazardous [HAZ],"Disposal - other (D2-D4, D6-D7) [DSP_OTH]"
European Union - 28 countries (2013-2020),2010,10000,Hazardous [HAZ],"Disposal - other (D2-D4, D6-D7) [DSP_OTH]"
European Union - 28 countries (2013-2020),2012,0,Hazardous [HAZ],"Disposal - other (D2-D4, D6-D7) [DSP_OTH]"
European Union - 28 countries (2013-2020),2014,20000,Hazardous [HAZ],"Disposal - other (D2-D4, D6-D7) [DSP_OTH]"
European Union - 28 countries (2013-2020),2016,0,Hazardous [HAZ],"Disposal - other (D2-D4, D6-D7) [DSP_OTH]"
European Union - 28 countries (2013-2020),2018,0,Hazardous [HAZ],"Disposal - other (D2-D4, D6-D7) [DSP_OTH]"
Belgium,2010,0,Hazardous [HAZ],"Disposal - other (D2-D4, D6-D7) [DSP_OTH]"
Belgium,2012,0,Hazardous [HAZ],"Disposal - other (D2-D4, D6-D7) [DSP_OTH]"
Belgium,2014,0,Hazardous [HAZ],"Disposal - other (D2-D4, D6-D7) [DSP_OTH]"
Belgium,2016,0,Hazardous [HAZ],"Disposal - other (D2-D4, D6-D7) [DSP_OTH]"
Belgium,2018,0,Hazardous [HAZ],"Disposal - other (D2-D4, D6-D7) [DSP_OTH]"
Belgium,2020,0,Hazardous [HAZ],"Disposal - other (D2-D4, D6-D7) [DSP_OTH]"
Belgium,2022,0,Hazardous [HAZ],"Disposal - other (D2-D4, D6-D7) [DSP_OTH]"
Bulgaria,2010,0,Hazardous [HAZ],"Disposal - other (D2-D4, D6-D7) [DSP_OTH]"
Bulgaria,2012,0,Hazardous [HAZ],"Disposal - other (D2-D4, D6-D7) [DSP_OTH]"
Bulgaria,2014,0,Hazardous [HAZ],"Disposal - other (D2-D4, D6-D7) [DSP_OTH]"
Bulgaria,2016,0,Hazardous [HAZ],"Disposal - other (D2-D4, D6-D7) [DSP_OTH]"
Bulgaria,2018,0,Hazardous [HAZ],"Disposal - other (D2-D4, D6-D7) [DSP_OTH]"
Bulgaria,2020,0,Hazardous [HAZ],"Disposal - other (D2-D4, D6-D7) [DSP_OTH]"
Bulgaria,2022,0,Hazardous [HAZ],"Disposal - other (D2-D4, D6-D7) [DSP_OTH]"
Czechia,2010,0,Hazardous [HAZ],"Disposal - other (D2-D4, D6-D7) [DSP_OTH]"
Czechia,2014,0,Hazardous [HAZ],"Disposal - other (D2-D4, D6-D7) [DSP_OTH]"
Czechia,2016,0,Hazardous [HAZ],"Disposal - other (D2-D4, D6-D7) [DSP_OTH]"
Czechia,2018,0,Hazardous [HAZ],"Disposal - other (D2-D4, D6-D7) [DSP_OTH]"
Czechia,2020,0,Hazardous [HAZ],"Disposal - other (D2-D4, D6-D7) [DSP_OTH]"
Czechia,2022,0,Hazardous [HAZ],"Disposal - other (D2-D4, D6-D7) [DSP_OTH]"
Denmark,2010,0,Hazardous [HAZ],"Disposal - other (D2-D4, D6-D7) [DSP_OTH]"
Denmark,2012,0,Hazardous [HAZ],"Disposal - other (D2-D4, D6-D7) [DSP_OTH]"
Denmark,2014,0,Hazardous [HAZ],"Disposal - other (D2-D4, D6-D7) [DSP_OTH]"
Denmark,2016,0,Hazardous [HAZ],"Disposal - other (D2-D4, D6-D7) [DSP_OTH]"
Denmark,2018,0,Hazardous [HAZ],"Disposal - other (D2-D4, D6-D7) [DSP_OTH]"
Denmark,2020,0,Hazardous [HAZ],"Disposal - other (D2-D4, D6-D7) [DSP_OTH]"
Denmark,2022,0,Hazardous [HAZ],"Disposal - other (D2-D4, D6-D7) [DSP_OTH]"
Germany,2010,2258,Hazardous [HAZ],"Disposal - other (D2-D4, D6-D7) [DSP_OTH]"
Germany,2012,2157,Hazardous [HAZ],"Disposal - other (D2-D4, D6-D7) [DSP_OTH]"
Estonia,2010,0,Hazardous [HAZ],"Disposal - other (D2-D4, D6-D7) [DSP_OTH]"
Estonia,2012,0,Hazardous [HAZ],"Disposal - other (D2-D4, D6-D7) [DSP_OTH]"
Estonia,2014,0,Hazardous [HAZ],"Disposal - other (D2-D4, D6-D7) [DSP_OTH]"
Estonia,2016,0,Hazardous [HAZ],"Disposal - other (D2-D4, D6-D7) [DSP_OTH]"
Estonia,2018,0,Hazardous [HAZ],"Disposal - other (D2-D4, D6-D7) [DSP_OTH]"
Estonia,2020,0,Hazardous [HAZ],"Disposal - other (D2-D4, D6-D7) [DSP_OTH]"
Estonia,2022,0,Hazardous [HAZ],"Disposal - other (D2-D4, D6-D7) [DSP_OTH]"
Ireland,2010,0,Hazardous [HAZ],"Disposal - other (D2-D4, D6-D7) [DSP_OTH]"
Ireland,2012,0,Hazardous [HAZ],"Disposal - other (D2-D4, D6-D7) [DSP_OTH]"
Ireland,2014,0,Hazardous [HAZ],"Disposal - other (D2-D4, D6-D7) [DSP_OTH]"
Ireland,2016,0,Hazardous [HAZ],"Disposal - other (D2-D4, D6-D7) [DSP_OTH]"
Ireland,2018,0,Hazardous [HAZ],"Disposal - other (D2-D4, D6-D7) [DSP_OTH]"
Ireland,2020,0,Hazardous [HAZ],"Disposal - other (D2-D4, D6-D7) [DSP_OTH]"
Ireland,2022,0,Hazardous [HAZ],"Disposal - other (D2-D4, D6-D7) [DSP_OTH]"
Greece,2010,0,Hazardous [HAZ],"Disposal - other (D2-D4, D6-D7) [DSP_OTH]"
Greece,2012,0,Hazardous [HAZ],"Disposal - other (D2-D4, D6-D7) [DSP_OTH]"
Greece,2014,0,Hazardous [HAZ],"Disposal - other (D2-D4, D6-D7) [DSP_OTH]"
Greece,2016,0,Hazardous [HAZ],"Disposal - other (D2-D4, D6-D7) [DSP_OTH]"
Greece,2018,0,Hazardous [HAZ],"Disposal - other (D2-D4, D6-D7) [DSP_OTH]"
Greece,2020,0,Hazardous [HAZ],"Disposal - other (D2-D4, D6-D7) [DSP_OTH]"
Greece,2022,0,Hazardous [HAZ],"Disposal - other (D2-D4, D6-D7) [DSP_OTH]"
Spain,2010,0,Hazardous [HAZ],"Disposal - other (D2-D4, D6-D7) [DSP_OTH]"
Spain,2012,0,Hazardous [HAZ],"Disposal - other (D2-D4, D6-D7) [DSP_OTH]"
Spain,2014,0,Hazardous [HAZ],"Disposal - other (D2-D4, D6-D7) [DSP_OTH]"
Spain,2016,0,Hazardous [HAZ],"Disposal - other (D2-D4, D6-D7) [DSP_OTH]"
Spain,2018,0,Hazardous [HAZ],"Disposal - other (D2-D4, D6-D7) [DSP_OTH]"
Spain,2020,0,Hazardous [HAZ],"Disposal - other (D2-D4, D6-D7) [DSP_OTH]"
Spain,2022,0,Hazardous [HAZ],"Disposal - other (D2-D4, D6-D7) [DSP_OTH]"
France,2010,0,Hazardous [HAZ],"Disposal - other (D2-D4, D6-D7) [DSP_OTH]"
France,2012,0,Hazardous [HAZ],"Disposal - other (D2-D4, D6-D7) [DSP_OTH]"
France,2014,0,Hazardous [HAZ],"Disposal - other (D2-D4, D6-D7) [DSP_OTH]"
France,2016,0,Hazardous [HAZ],"Disposal - other (D2-D4, D6-D7) [DSP_OTH]"
France,2018,0,Hazardous [HAZ],"Disposal - other (D2-D4, D6-D7) [DSP_OTH]"
France,2020,0,Hazardous [HAZ],"Disposal - other (D2-D4, D6-D7) [DSP_OTH]"
France,2022,0,Hazardous [HAZ],"Disposal - other (D2-D4, D6-D7) [DSP_OTH]"
Croatia,2010,0,Hazardous [HAZ],"Disposal - other (D2-D4, D6-D7) [DSP_OTH]"
Croatia,2012,0,Hazardous [HAZ],"Disposal - other (D2-D4, D6-D7) [DSP_OTH]"
Croatia,2014,0,Hazardous [HAZ],"Disposal - other (D2-D4, D6-D7) [DSP_OTH]"
Croatia,2016,0,Hazardous [HAZ],"Disposal - other (D2-D4, D6-D7) [DSP_OTH]"
Croatia,2018,0,Hazardous [HAZ],"Disposal - other (D2-D4, D6-D7) [DSP_OTH]"
Croatia,2020,0,Hazardous [HAZ],"Disposal - other (D2-D4, D6-D7) [DSP_OTH]"
Croatia,2022,0,Hazardous [HAZ],"Disposal - other (D2-D4, D6-D7) [DSP_OTH]"
Italy,2010,0,Hazardous [HAZ],"Disposal - other (D2-D4, D6-D7) [DSP_OTH]"
Italy,2012,0,Hazardous [HAZ],"Disposal - other (D2-D4, D6-D7) [DSP_OTH]"
Italy,2014,0,Hazardous [HAZ],"Disposal - other (D2-D4, D6-D7) [DSP_OTH]"
Italy,2016,0,Hazardous [HAZ],"Disposal - other (D2-D4, D6-D7) [DSP_OTH]"
Italy,2018,0,Hazardous [HAZ],"Disposal - other (D2-D4, D6-D7) [DSP_OTH]"
Italy,2020,0,Hazardous [HAZ],"Disposal - other (D2-D4, D6-D7) [DSP_OTH]"
Italy,2022,0,Hazardous [HAZ],"Disposal - other (D2-D4, D6-D7) [DSP_OTH]"
Cyprus,2010,0,Hazardous [HAZ],"Disposal - other (D2-D4, D6-D7) [DSP_OTH]"
Cyprus,2012,0,Hazardous [HAZ],"Disposal - other (D2-D4, D6-D7) [DSP_OTH]"
Cyprus,2014,0,Hazardous [HAZ],"Disposal - other (D2-D4, D6-D7) [DSP_OTH]"
Cyprus,2016,0,Hazardous [HAZ],"Disposal - other (D2-D4, D6-D7) [DSP_OTH]"
Cyprus,2018,0,Hazardous [HAZ],"Disposal - other (D2-D4, D6-D7) [DSP_OTH]"
Cyprus,2020,0,Hazardous [HAZ],"Disposal - other (D2-D4, D6-D7) [DSP_OTH]"
Cyprus,2022,0,Hazardous [HAZ],"Disposal - other (D2-D4, D6-D7) [DSP_OTH]"
Latvia,2010,0,Hazardous [HAZ],"Disposal - other (D2-D4, D6-D7) [DSP_OTH]"
Latvia,2012,0,Hazardous [HAZ],"Disposal - other (D2-D4, D6-D7) [DSP_OTH]"
Latvia,2014,0,Hazardous [HAZ],"Disposal - other (D2-D4, D6-D7) [DSP_OTH]"
Latvia,2016,0,Hazardous [HAZ],"Disposal - other (D2-D4, D6-D7) [DSP_OTH]"
Latvia,2018,0,Hazardous [HAZ],"Disposal - other (D2-D4, D6-D7) [DSP_OTH]"
Latvia,2020,0,Hazardous [HAZ],"Disposal - other (D2-D4, D6-D7) [DSP_OTH]"
Latvia,2022,0,Hazardous [HAZ],"Disposal - other (D2-D4, D6-D7) [DSP_OTH]"
Lithuania,2010,0,Hazardous [HAZ],"Disposal - other (D2-D4, D6-D7) [DSP_OTH]"
Lithuania,2012,0,Hazardous [HAZ],"Disposal - other (D2-D4, D6-D7) [DSP_OTH]"
Lithuania,2014,0,Hazardous [HAZ],"Disposal - other (D2-D4, D6-D7) [DSP_OTH]"
Lithuania,2016,0,Hazardous [HAZ],"Disposal - other (D2-D4, D6-D7) [DSP_OTH]"
Lithuania,2018,0,Hazardous [HAZ],"Disposal - other (D2-D4, D6-D7) [DSP_OTH]"
Lithuania,2020,0,Hazardous [HAZ],"Disposal - other (D2-D4, D6-D7) [DSP_OTH]"
Lithuania,2022,0,Hazardous [HAZ],"Disposal - other (D2-D4, D6-D7) [DSP_OTH]"
Luxembourg,2010,0,Hazardous [HAZ],"Disposal - other (D2-D4, D6-D7) [DSP_OTH]"
Luxembourg,2012,0,Hazardous [HAZ],"Disposal - other (D2-D4, D6-D7) [DSP_OTH]"
Luxembourg,2014,0,Hazardous [HAZ],"Disposal - other (D2-D4, D6-D7) [DSP_OTH]"
Luxembourg,2016,0,Hazardous [HAZ],"Disposal - other (D2-D4, D6-D7) [DSP_OTH]"
Luxembourg,2018,0,Hazardous [HAZ],"Disposal - other (D2-D4, D6-D7) [DSP_OTH]"
Luxembourg,2020,0,Hazardous [HAZ],"Disposal - other (D2-D4, D6-D7) [DSP_OTH]"
Luxembourg,2022,0,Hazardous [HAZ],"Disposal - other (D2-D4, D6-D7) [DSP_OTH]"
Hungary,2010,0,Hazardous [HAZ],"Disposal - other (D2-D4, D6-D7) [DSP_OTH]"
Hungary,2012,0,Hazardous [HAZ],"Disposal - other (D2-D4, D6-D7) [DSP_OTH]"
Hungary,2014,0,Hazardous [HAZ],"Disposal - other (D2-D4, D6-D7) [DSP_OTH]"
Hungary,2016,0,Hazardous [HAZ],"Disposal - other (D2-D4, D6-D7) [DSP_OTH]"
Hungary,2018,0,Hazardous [HAZ],"Disposal - other (D2-D4, D6-D7) [DSP_OTH]"
Hungary,2020,0,Hazardous [HAZ],"Disposal - other (D2-D4, D6-D7) [DSP_OTH]"
Hungary,2022,0,Hazardous [HAZ],"Disposal - other (D2-D4, D6-D7) [DSP_OTH]"
Malta,2010,0,Hazardous [HAZ],"Disposal - other (D2-D4, D6-D7) [DSP_OTH]"
Malta,2012,0,Hazardous [HAZ],"Disposal - other (D2-D4, D6-D7) [DSP_OTH]"
Malta,2014,0,Hazardous [HAZ],"Disposal - other (D2-D4, D6-D7) [DSP_OTH]"
Malta,2016,0,Hazardous [HAZ],"Disposal - other (D2-D4, D6-D7) [DSP_OTH]"
Malta,2018,0,Hazardous [HAZ],"Disposal - other (D2-D4, D6-D7) [DSP_OTH]"
Malta,2020,0,Hazardous [HAZ],"Disposal - other (D2-D4, D6-D7) [DSP_OTH]"
Malta,2022,0,Hazardous [HAZ],"Disposal - other (D2-D4, D6-D7) [DSP_OTH]"
Netherlands,2010,0,Hazardous [HAZ],"Disposal - other (D2-D4, D6-D7) [DSP_OTH]"
Netherlands,2012,0,Hazardous [HAZ],"Disposal - other (D2-D4, D6-D7) [DSP_OTH]"
Netherlands,2014,0,Hazardous [HAZ],"Disposal - other (D2-D4, D6-D7) [DSP_OTH]"
Netherlands,2016,18,Hazardous [HAZ],"Disposal - other (D2-D4, D6-D7) [DSP_OTH]"
Netherlands,2018,26,Hazardous [HAZ],"Disposal - other (D2-D4, D6-D7) [DSP_OTH]"
Netherlands,2020,0,Hazardous [HAZ],"Disposal - other (D2-D4, D6-D7) [DSP_OTH]"
Netherlands,2022,0,Hazardous [HAZ],"Disposal - other (D2-D4, D6-D7) [DSP_OTH]"
Austria,2010,0,Hazardous [HAZ],"Disposal - other (D2-D4, D6-D7) [DSP_OTH]"
Austria,2012,0,Hazardous [HAZ],"Disposal - other (D2-D4, D6-D7) [DSP_OTH]"
Austria,2014,0,Hazardous [HAZ],"Disposal - other (D2-D4, D6-D7) [DSP_OTH]"
Austria,2016,0,Hazardous [HAZ],"Disposal - other (D2-D4, D6-D7) [DSP_OTH]"
Austria,2018,0,Hazardous [HAZ],"Disposal - other (D2-D4, D6-D7) [DSP_OTH]"
Austria,2020,0,Hazardous [HAZ],"Disposal - other (D2-D4, D6-D7) [DSP_OTH]"
Austria,2022,0,Hazardous [HAZ],"Disposal - other (D2-D4, D6-D7) [DSP_OTH]"
Poland,2010,0,Hazardous [HAZ],"Disposal - other (D2-D4, D6-D7) [DSP_OTH]"
Poland,2012,0,Hazardous [HAZ],"Disposal - other (D2-D4, D6-D7) [DSP_OTH]"
Poland,2014,0,Hazardous [HAZ],"Disposal - other (D2-D4, D6-D7) [DSP_OTH]"
Poland,2016,0,Hazardous [HAZ],"Disposal - other (D2-D4, D6-D7) [DSP_OTH]"
Poland,2018,0,Hazardous [HAZ],"Disposal - other (D2-D4, D6-D7) [DSP_OTH]"
Poland,2020,0,Hazardous [HAZ],"Disposal - other (D2-D4, D6-D7) [DSP_OTH]"
Poland,2022,0,Hazardous [HAZ],"Disposal - other (D2-D4, D6-D7) [DSP_OTH]"
Portugal,2010,0,Hazardous [HAZ],"Disposal - other (D2-D4, D6-D7) [DSP_OTH]"
Portugal,2012,0,Hazardous [HAZ],"Disposal - other (D2-D4, D6-D7) [DSP_OTH]"
Portugal,2014,0,Hazardous [HAZ],"Disposal - other (D2-D4, D6-D7) [DSP_OTH]"
Portugal,2016,0,Hazardous [HAZ],"Disposal - other (D2-D4, D6-D7) [DSP_OTH]"
Portugal,2018,0,Hazardous [HAZ],"Disposal - other (D2-D4, D6-D7) [DSP_OTH]"
Portugal,2020,0,Hazardous [HAZ],"Disposal - other (D2-D4, D6-D7) [DSP_OTH]"
Portugal,2022,0,Hazardous [HAZ],"Disposal - other (D2-D4, D6-D7) [DSP_OTH]"
Romania,2010,0,Hazardous [HAZ],"Disposal - other (D2-D4, D6-D7) [DSP_OTH]"
Romania,2012,0,Hazardous [HAZ],"Disposal - other (D2-D4, D6-D7) [DSP_OTH]"
Romania,2014,0,Hazardous [HAZ],"Disposal - other (D2-D4, D6-D7) [DSP_OTH]"
Romania,2016,0,Hazardous [HAZ],"Disposal - other (D2-D4, D6-D7) [DSP_OTH]"
Romania,2018,0,Hazardous [HAZ],"Disposal - other (D2-D4, D6-D7) [DSP_OTH]"
Romania,2020,0,Hazardous [HAZ],"Disposal - other (D2-D4, D6-D7) [DSP_OTH]"
Romania,2022,0,Hazardous [HAZ],"Disposal - other (D2-D4, D6-D7) [DSP_OTH]"
Slovenia,2010,0,Hazardous [HAZ],"Disposal - other (D2-D4, D6-D7) [DSP_OTH]"
Slovenia,2012,0,Hazardous [HAZ],"Disposal - other (D2-D4, D6-D7) [DSP_OTH]"
Slovenia,2014,0,Hazardous [HAZ],"Disposal - other (D2-D4, D6-D7) [DSP_OTH]"
Slovenia,2016,0,Hazardous [HAZ],"Disposal - other (D2-D4, D6-D7) [DSP_OTH]"
Slovenia,2018,0,Hazardous [HAZ],"Disposal - other (D2-D4, D6-D7) [DSP_OTH]"
Slovenia,2020,0,Hazardous [HAZ],"Disposal - other (D2-D4, D6-D7) [DSP_OTH]"
Slovenia,2022,0,Hazardous [HAZ],"Disposal - other (D2-D4, D6-D7) [DSP_OTH]"
Slovakia,2010,8739,Hazardous [HAZ],"Disposal - other (D2-D4, D6-D7) [DSP_OTH]"
Slovakia,2012,58,Hazardous [HAZ],"Disposal - other (D2-D4, D6-D7) [DSP_OTH]"
Slovakia,2014,10616,Hazardous [HAZ],"Disposal - other (D2-D4, D6-D7) [DSP_OTH]"
Slovakia,2016,99,Hazardous [HAZ],"Disposal - other (D2-D4, D6-D7) [DSP_OTH]"
Slovakia,2018,214,Hazardous [HAZ],"Disposal - other (D2-D4, D6-D7) [DSP_OTH]"
Slovakia,2020,0,Hazardous [HAZ],"Disposal - other (D2-D4, D6-D7) [DSP_OTH]"
Slovakia,2022,6584,Hazardous [HAZ],"Disposal - other (D2-D4, D6-D7) [DSP_OTH]"
Finland,2010,0,Hazardous [HAZ],"Disposal - other (D2-D4, D6-D7) [DSP_OTH]"
Finland,2012,0,Hazardous [HAZ],"Disposal - other (D2-D4, D6-D7) [DSP_OTH]"
Finland,2014,0,Hazardous [HAZ],"Disposal - other (D2-D4, D6-D7) [DSP_OTH]"
Finland,2016,0,Hazardous [HAZ],"Disposal - other (D2-D4, D6-D7) [DSP_OTH]"
Finland,2018,0,Hazardous [HAZ],"Disposal - other (D2-D4, D6-D7) [DSP_OTH]"
Finland,2020,0,Hazardous [HAZ],"Disposal - other (D2-D4, D6-D7) [DSP_OTH]"
Finland,2022,0,Hazardous [HAZ],"Disposal - other (D2-D4, D6-D7) [DSP_OTH]"
Sweden,2010,0,Hazardous [HAZ],"Disposal - other (D2-D4, D6-D7) [DSP_OTH]"
Sweden,2012,0,Hazardous [HAZ],"Disposal - other (D2-D4, D6-D7) [DSP_OTH]"
Sweden,2014,0,Hazardous [HAZ],"Disposal - other (D2-D4, D6-D7) [DSP_OTH]"
Sweden,2016,0,Hazardous [HAZ],"Disposal - other (D2-D4, D6-D7) [DSP_OTH]"
Sweden,2018,0,Hazardous [HAZ],"Disposal - other (D2-D4, D6-D7) [DSP_OTH]"
Sweden,2020,0,Hazardous [HAZ],"Disposal - other (D2-D4, D6-D7) [DSP_OTH]"
Sweden,2022,0,Hazardous [HAZ],"Disposal - other (D2-D4, D6-D7) [DSP_OTH]"
Iceland,2010,0,Hazardous [HAZ],"Disposal - other (D2-D4, D6-D7) [DSP_OTH]"
Iceland,2012,0,Hazardous [HAZ],"Disposal - other (D2-D4, D6-D7) [DSP_OTH]"
Iceland,2014,0,Hazardous [HAZ],"Disposal - other (D2-D4, D6-D7) [DSP_OTH]"
Iceland,2016,0,Hazardous [HAZ],"Disposal - other (D2-D4, D6-D7) [DSP_OTH]"
Iceland,2018,810,Hazardous [HAZ],"Disposal - other (D2-D4, D6-D7) [DSP_OTH]"
Iceland,2020,0,Hazardous [HAZ],"Disposal - other (D2-D4, D6-D7) [DSP_OTH]"
Iceland,2022,0,Hazardous [HAZ],"Disposal - other (D2-D4, D6-D7) [DSP_OTH]"
Norway,2012,0,Hazardous [HAZ],"Disposal - other (D2-D4, D6-D7) [DSP_OTH]"
Norway,2014,0,Hazardous [HAZ],"Disposal - other (D2-D4, D6-D7) [DSP_OTH]"
Norway,2016,0,Hazardous [HAZ],"Disposal - other (D2-D4, D6-D7) [DSP_OTH]"
Norway,2018,0,Hazardous [HAZ],"Disposal - other (D2-D4, D6-D7) [DSP_OTH]"
Norway,2020,0,Hazardous [HAZ],"Disposal - other (D2-D4, D6-D7) [DSP_OTH]"
Norway,2022,0,Hazardous [HAZ],"Disposal - other (D2-D4, D6-D7) [DSP_OTH]"
United Kingdom,2010,0,Hazardous [HAZ],"Disposal - other (D2-D4, D6-D7) [DSP_OTH]"
United Kingdom,2012,0,Hazardous [HAZ],"Disposal - other (D2-D4, D6-D7) [DSP_OTH]"
United Kingdom,2014,0,Hazardous [HAZ],"Disposal - other (D2-D4, D6-D7) [DSP_OTH]"
United Kingdom,2016,0,Hazardous [HAZ],"Disposal - other (D2-D4, D6-D7) [DSP_OTH]"
United Kingdom,2018,0,Hazardous [HAZ],"Disposal - other (D2-D4, D6-D7) [DSP_OTH]"
Bosnia and Herzegovina,2022,0,Hazardous [HAZ],"Disposal - other (D2-D4, D6-D7) [DSP_OTH]"
Montenegro,2012,0,Hazardous [HAZ],"Disposal - other (D2-D4, D6-D7) [DSP_OTH]"
Montenegro,2014,0,Hazardous [HAZ],"Disposal - other (D2-D4, D6-D7) [DSP_OTH]"
Montenegro,2016,0,Hazardous [HAZ],"Disposal - other (D2-D4, D6-D7) [DSP_OTH]"
Montenegro,2018,0,Hazardous [HAZ],"Disposal - other (D2-D4, D6-D7) [DSP_OTH]"
Montenegro,2020,0,Hazardous [HAZ],"Disposal - other (D2-D4, D6-D7) [DSP_OTH]"
Montenegro,2022,0,Hazardous [HAZ],"Disposal - other (D2-D4, D6-D7) [DSP_OTH]"
North Macedonia,2010,0,Hazardous [HAZ],"Disposal - other (D2-D4, D6-D7) [DSP_OTH]"
North Macedonia,2012,0,Hazardous [HAZ],"Disposal - other (D2-D4, D6-D7) [DSP_OTH]"
North Macedonia,2014,0,Hazardous [HAZ],"Disposal - other (D2-D4, D6-D7) [DSP_OTH]"
North Macedonia,2018,0,Hazardous [HAZ],"Disposal - other (D2-D4, D6-D7) [DSP_OTH]"
North Macedonia,2020,0,Hazardous [HAZ],"Disposal - other (D2-D4, D6-D7) [DSP_OTH]"
North Macedonia,2022,0,Hazardous [HAZ],"Disposal - other (D2-D4, D6-D7) [DSP_OTH]"
Serbia,2010,0,Hazardous [HAZ],"Disposal - other (D2-D4, D6-D7) [DSP_OTH]"
Serbia,2012,0,Hazardous [HAZ],"Disposal - other (D2-D4, D6-D7) [DSP_OTH]"
Serbia,2014,0,Hazardous [HAZ],"Disposal - other (D2-D4, D6-D7) [DSP_OTH]"
Serbia,2016,0,Hazardous [HAZ],"Disposal - other (D2-D4, D6-D7) [DSP_OTH]"
Serbia,2018,0,Hazardous [HAZ],"Disposal - other (D2-D4, D6-D7) [DSP_OTH]"
Serbia,2020,0,Hazardous [HAZ],"Disposal - other (D2-D4, D6-D7) [DSP_OTH]"
Serbia,2022,0,Hazardous [HAZ],"Disposal - other (D2-D4, D6-D7) [DSP_OTH]"
Türkiye,2010,0,Hazardous [HAZ],"Disposal - other (D2-D4, D6-D7) [DSP_OTH]"
Türkiye,2012,0,Hazardous [HAZ],"Disposal - other (D2-D4, D6-D7) [DSP_OTH]"
Türkiye,2018,0,Hazardous [HAZ],"Disposal - other (D2-D4, D6-D7) [DSP_OTH]"
Türkiye,2020,0,Hazardous [HAZ],"Disposal - other (D2-D4, D6-D7) [DSP_OTH]"
Türkiye,2022,0,Hazardous [HAZ],"Disposal - other (D2-D4, D6-D7) [DSP_OTH]"
Kosovo*,2016,0,Hazardous [HAZ],"Disposal - other (D2-D4, D6-D7) [DSP_OTH]"
Kosovo*,2020,0,Hazardous [HAZ],"Disposal - other (D2-D4, D6-D7) [DSP_OTH]"
Kosovo*,2022,0,Hazardous [HAZ],"Disposal - other (D2-D4, D6-D7) [DSP_OTH]"
European Union - 27 countries (from 2020),2010,370000,Hazardous [HAZ],Recovery - energy recovery (R1) [RCV_E]
European Union - 27 countries (from 2020),2012,450000,Hazardous [HAZ],Recovery - energy recovery (R1) [RCV_E]
European Union - 27 countries (from 2020),2014,390000,Hazardous [HAZ],Recovery - energy recovery (R1) [RCV_E]
European Union - 27 countries (from 2020),2016,450000,Hazardous [HAZ],Recovery - energy recovery (R1) [RCV_E]
European Union - 27 countries (from 2020),2018,450000,Hazardous [HAZ],Recovery - energy recovery (R1) [RCV_E]
European Union - 27 countries (from 2020),2020,570000,Hazardous [HAZ],Recovery - energy recovery (R1) [RCV_E]
European Union - 27 countries (from 2020),2022,470000,Hazardous [HAZ],Recovery - energy recovery (R1) [RCV_E]
European Union - 28 countries (2013-2020),2010,370000,Hazardous [HAZ],Recovery - energy recovery (R1) [RCV_E]
European Union - 28 countries (2013-2020),2012,450000,Hazardous [HAZ],Recovery - energy recovery (R1) [RCV_E]
European Union - 28 countries (2013-2020),2014,390000,Hazardous [HAZ],Recovery - energy recovery (R1) [RCV_E]
European Union - 28 countries (2013-2020),2016,450000,Hazardous [HAZ],Recovery - energy recovery (R1) [RCV_E]
European Union - 28 countries (2013-2020),2018,450000,Hazardous [HAZ],Recovery - energy recovery (R1) [RCV_E]
Belgium,2010,4690,Hazardous [HAZ],Recovery - energy recovery (R1) [RCV_E]
Belgium,2012,30584,Hazardous [HAZ],Recovery - energy recovery (R1) [RCV_E]
Belgium,2014,0,Hazardous [HAZ],Recovery - energy recovery (R1) [RCV_E]
Belgium,2016,0,Hazardous [HAZ],Recovery - energy recovery (R1) [RCV_E]
Belgium,2018,170,Hazardous [HAZ],Recovery - energy recovery (R1) [RCV_E]
Belgium,2020,31172,Hazardous [HAZ],Recovery - energy recovery (R1) [RCV_E]
Belgium,2022,15505,Hazardous [HAZ],Recovery - energy recovery (R1) [RCV_E]
Bulgaria,2010,0,Hazardous [HAZ],Recovery - energy recovery (R1) [RCV_E]
Bulgaria,2012,0,Hazardous [HAZ],Recovery - energy recovery (R1) [RCV_E]
Bulgaria,2014,0,Hazardous [HAZ],Recovery - energy recovery (R1) [RCV_E]
Bulgaria,2016,0,Hazardous [HAZ],Recovery - energy recovery (R1) [RCV_E]
Bulgaria,2018,0,Hazardous [HAZ],Recovery - energy recovery (R1) [RCV_E]
Bulgaria,2020,0,Hazardous [HAZ],Recovery - energy recovery (R1) [RCV_E]
Bulgaria,2022,0,Hazardous [HAZ],Recovery - energy recovery (R1) [RCV_E]
Denmark,2010,6760,Hazardous [HAZ],Recovery - energy recovery (R1) [RCV_E]
Denmark,2012,3807,Hazardous [HAZ],Recovery - energy recovery (R1) [RCV_E]
Denmark,2014,10416,Hazardous [HAZ],Recovery - energy recovery (R1) [RCV_E]
Denmark,2016,14841,Hazardous [HAZ],Recovery - energy recovery (R1) [RCV_E]
Denmark,2018,23987,Hazardous [HAZ],Recovery - energy recovery (R1) [RCV_E]
Denmark,2020,44915,Hazardous [HAZ],Recovery - energy recovery (R1) [RCV_E]
Denmark,2022,22120,Hazardous [HAZ],Recovery - energy recovery (R1) [RCV_E]
Germany,2010,293691,Hazardous [HAZ],Recovery - energy recovery (R1) [RCV_E]
Germany,2012,341545,Hazardous [HAZ],Recovery - energy recovery (R1) [RCV_E]
Germany,2014,337656,Hazardous [HAZ],Recovery - energy recovery (R1) [RCV_E]
Germany,2016,367827,Hazardous [HAZ],Recovery - energy recovery (R1) [RCV_E]
Germany,2020,338512,Hazardous [HAZ],Recovery - energy recovery (R1) [RCV_E]
Germany,2022,312596,Hazardous [HAZ],Recovery - energy recovery (R1) [RCV_E]
Estonia,2010,4091,Hazardous [HAZ],Recovery - energy recovery (R1) [RCV_E]
Estonia,2012,3078,Hazardous [HAZ],Recovery - energy recovery (R1) [RCV_E]
Estonia,2014,1092,Hazardous [HAZ],Recovery - energy recovery (R1) [RCV_E]
Estonia,2016,1169,Hazardous [HAZ],Recovery - energy recovery (R1) [RCV_E]
Estonia,2018,5220,Hazardous [HAZ],Recovery - energy recovery (R1) [RCV_E]
Estonia,2020,2796,Hazardous [HAZ],Recovery - energy recovery (R1) [RCV_E]
Estonia,2022,2047,Hazardous [HAZ],Recovery - energy recovery (R1) [RCV_E]
Ireland,2010,0,Hazardous [HAZ],Recovery - energy recovery (R1) [RCV_E]
Ireland,2012,0,Hazardous [HAZ],Recovery - energy recovery (R1) [RCV_E]
Ireland,2014,0,Hazardous [HAZ],Recovery - energy recovery (R1) [RCV_E]
Ireland,2016,2,Hazardous [HAZ],Recovery - energy recovery (R1) [RCV_E]
Ireland,2018,0,Hazardous [HAZ],Recovery - energy recovery (R1) [RCV_E]
Ireland,2020,0,Hazardous [HAZ],Recovery - energy recovery (R1) [RCV_E]
Ireland,2022,3,Hazardous [HAZ],Recovery - energy recovery (R1) [RCV_E]
Greece,2010,0,Hazardous [HAZ],Recovery - energy recovery (R1) [RCV_E]
Greece,2012,0,Hazardous [HAZ],Recovery - energy recovery (R1) [RCV_E]
Greece,2014,0,Hazardous [HAZ],Recovery - energy recovery (R1) [RCV_E]
Greece,2016,0,Hazardous [HAZ],Recovery - energy recovery (R1) [RCV_E]
Greece,2018,0,Hazardous [HAZ],Recovery - energy recovery (R1) [RCV_E]
Greece,2020,0,Hazardous [HAZ],Recovery - energy recovery (R1) [RCV_E]
Greece,2022,0,Hazardous [HAZ],Recovery - energy recovery (R1) [RCV_E]
Spain,2010,0,Hazardous [HAZ],Recovery - energy recovery (R1) [RCV_E]
Spain,2012,0,Hazardous [HAZ],Recovery - energy recovery (R1) [RCV_E]
Spain,2014,0,Hazardous [HAZ],Recovery - energy recovery (R1) [RCV_E]
Spain,2016,0,Hazardous [HAZ],Recovery - energy recovery (R1) [RCV_E]
Spain,2018,7,Hazardous [HAZ],Recovery - energy recovery (R1) [RCV_E]
Spain,2020,0,Hazardous [HAZ],Recovery - energy recovery (R1) [RCV_E]
Spain,2022,7,Hazardous [HAZ],Recovery - energy recovery (R1) [RCV_E]
France,2010,29293,Hazardous [HAZ],Recovery - energy recovery (R1) [RCV_E]
France,2012,27975,Hazardous [HAZ],Recovery - energy recovery (R1) [RCV_E]
France,2014,275,Hazardous [HAZ],Recovery - energy recovery (R1) [RCV_E]
France,2016,271,Hazardous [HAZ],Recovery - energy recovery (R1) [RCV_E]
France,2018,566,Hazardous [HAZ],Recovery - energy recovery (R1) [RCV_E]
France,2020,0,Hazardous [HAZ],Recovery - energy recovery (R1) [RCV_E]
France,2022,0,Hazardous [HAZ],Recovery - energy recovery (R1) [RCV_E]
Croatia,2010,1,Hazardous [HAZ],Recovery - energy recovery (R1) [RCV_E]
Croatia,2012,30,Hazardous [HAZ],Recovery - energy recovery (R1) [RCV_E]
Croatia,2014,3160,Hazardous [HAZ],Recovery - energy recovery (R1) [RCV_E]
Croatia,2016,6540,Hazardous [HAZ],Recovery - energy recovery (R1) [RCV_E]
Croatia,2018,172,Hazardous [HAZ],Recovery - energy recovery (R1) [RCV_E]
Croatia,2020,731,Hazardous [HAZ],Recovery - energy recovery (R1) [RCV_E]
Croatia,2022,4146,Hazardous [HAZ],Recovery - energy recovery (R1) [RCV_E]
Italy,2010,0,Hazardous [HAZ],Recovery - energy recovery (R1) [RCV_E]
Italy,2012,0,Hazardous [HAZ],Recovery - energy recovery (R1) [RCV_E]
Italy,2014,0,Hazardous [HAZ],Recovery - energy recovery (R1) [RCV_E]
Italy,2016,7,Hazardous [HAZ],Recovery - energy recovery (R1) [RCV_E]
Italy,2018,574,Hazardous [HAZ],Recovery - energy recovery (R1) [RCV_E]
Italy,2020,781,Hazardous [HAZ],Recovery - energy recovery (R1) [RCV_E]
Italy,2022,10,Hazardous [HAZ],Recovery - energy recovery (R1) [RCV_E]
Cyprus,2010,0,Hazardous [HAZ],Recovery - energy recovery (R1) [RCV_E]
Cyprus,2012,0,Hazardous [HAZ],Recovery - energy recovery (R1) [RCV_E]
Cyprus,2014,0,Hazardous [HAZ],Recovery - energy recovery (R1) [RCV_E]
Cyprus,2016,0,Hazardous [HAZ],Recovery - energy recovery (R1) [RCV_E]
Cyprus,2018,0,Hazardous [HAZ],Recovery - energy recovery (R1) [RCV_E]
Cyprus,2020,0,Hazardous [HAZ],Recovery - energy recovery (R1) [RCV_E]
Cyprus,2022,0,Hazardous [HAZ],Recovery - energy recovery (R1) [RCV_E]
Latvia,2010,0,Hazardous [HAZ],Recovery - energy recovery (R1) [RCV_E]
Latvia,2012,0,Hazardous [HAZ],Recovery - energy recovery (R1) [RCV_E]
Latvia,2014,0,Hazardous [HAZ],Recovery - energy recovery (R1) [RCV_E]
Latvia,2016,0,Hazardous [HAZ],Recovery - energy recovery (R1) [RCV_E]
Latvia,2018,0,Hazardous [HAZ],Recovery - energy recovery (R1) [RCV_E]
Latvia,2020,0,Hazardous [HAZ],Recovery - energy recovery (R1) [RCV_E]
Latvia,2022,0,Hazardous [HAZ],Recovery - energy recovery (R1) [RCV_E]
Lithuania,2010,0,Hazardous [HAZ],Recovery - energy recovery (R1) [RCV_E]
Lithuania,2012,0,Hazardous [HAZ],Recovery - energy recovery (R1) [RCV_E]
Lithuania,2014,0,Hazardous [HAZ],Recovery - energy recovery (R1) [RCV_E]
Lithuania,2016,808,Hazardous [HAZ],Recovery - energy recovery (R1) [RCV_E]
Lithuania,2018,712,Hazardous [HAZ],Recovery - energy recovery (R1) [RCV_E]
Lithuania,2020,447,Hazardous [HAZ],Recovery - energy recovery (R1) [RCV_E]
Lithuania,2022,409,Hazardous [HAZ],Recovery - energy recovery (R1) [RCV_E]
Luxembourg,2010,0,Hazardous [HAZ],Recovery - energy recovery (R1) [RCV_E]
Luxembourg,2012,0,Hazardous [HAZ],Recovery - energy recovery (R1) [RCV_E]
Luxembourg,2014,0,Hazardous [HAZ],Recovery - energy recovery (R1) [RCV_E]
Luxembourg,2016,0,Hazardous [HAZ],Recovery - energy recovery (R1) [RCV_E]
Luxembourg,2018,0,Hazardous [HAZ],Recovery - energy recovery (R1) [RCV_E]
Luxembourg,2020,0,Hazardous [HAZ],Recovery - energy recovery (R1) [RCV_E]
Luxembourg,2022,0,Hazardous [HAZ],Recovery - energy recovery (R1) [RCV_E]
Hungary,2010,34,Hazardous [HAZ],Recovery - energy recovery (R1) [RCV_E]
Hungary,2012,94,Hazardous [HAZ],Recovery - energy recovery (R1) [RCV_E]
Hungary,2014,51,Hazardous [HAZ],Recovery - energy recovery (R1) [RCV_E]
Hungary,2016,97,Hazardous [HAZ],Recovery - energy recovery (R1) [RCV_E]
Hungary,2018,17,Hazardous [HAZ],Recovery - energy recovery (R1) [RCV_E]
Hungary,2020,43,Hazardous [HAZ],Recovery - energy recovery (R1) [RCV_E]
Hungary,2022,13,Hazardous [HAZ],Recovery - energy recovery (R1) [RCV_E]
Malta,2010,0,Hazardous [HAZ],Recovery - energy recovery (R1) [RCV_E]
Malta,2012,0,Hazardous [HAZ],Recovery - energy recovery (R1) [RCV_E]
Malta,2014,0,Hazardous [HAZ],Recovery - energy recovery (R1) [RCV_E]
Malta,2016,0,Hazardous [HAZ],Recovery - energy recovery (R1) [RCV_E]
Malta,2018,0,Hazardous [HAZ],Recovery - energy recovery (R1) [RCV_E]
Malta,2020,0,Hazardous [HAZ],Recovery - energy recovery (R1) [RCV_E]
Malta,2022,0,Hazardous [HAZ],Recovery - energy recovery (R1) [RCV_E]
Netherlands,2010,1557,Hazardous [HAZ],Recovery - energy recovery (R1) [RCV_E]
Netherlands,2012,1422,Hazardous [HAZ],Recovery - energy recovery (R1) [RCV_E]
Netherlands,2014,1498,Hazardous [HAZ],Recovery - energy recovery (R1) [RCV_E]
Netherlands,2016,287,Hazardous [HAZ],Recovery - energy recovery (R1) [RCV_E]
Netherlands,2018,11833,Hazardous [HAZ],Recovery - energy recovery (R1) [RCV_E]
Netherlands,2020,33953,Hazardous [HAZ],Recovery - energy recovery (R1) [RCV_E]
Netherlands,2022,12470,Hazardous [HAZ],Recovery - energy recovery (R1) [RCV_E]
Austria,2010,0,Hazardous [HAZ],Recovery - energy recovery (R1) [RCV_E]
Austria,2012,0,Hazardous [HAZ],Recovery - energy recovery (R1) [RCV_E]
Poland,2010,0,Hazardous [HAZ],Recovery - energy recovery (R1) [RCV_E]
Poland,2012,0,Hazardous [HAZ],Recovery - energy recovery (R1) [RCV_E]
Poland,2014,0,Hazardous [HAZ],Recovery - energy recovery (R1) [RCV_E]
Poland,2016,0,Hazardous [HAZ],Recovery - energy recovery (R1) [RCV_E]
Poland,2018,0,Hazardous [HAZ],Recovery - energy recovery (R1) [RCV_E]
Poland,2020,87,Hazardous [HAZ],Recovery - energy recovery (R1) [RCV_E]
Poland,2022,256,Hazardous [HAZ],Recovery - energy recovery (R1) [RCV_E]
Portugal,2010,0,Hazardous [HAZ],Recovery - energy recovery (R1) [RCV_E]
Portugal,2012,0,Hazardous [HAZ],Recovery - energy recovery (R1) [RCV_E]
Portugal,2014,0,Hazardous [HAZ],Recovery - energy recovery (R1) [RCV_E]
Portugal,2016,0,Hazardous [HAZ],Recovery - energy recovery (R1) [RCV_E]
Portugal,2018,0,Hazardous [HAZ],Recovery - energy recovery (R1) [RCV_E]
Portugal,2020,0,Hazardous [HAZ],Recovery - energy recovery (R1) [RCV_E]
Portugal,2022,0,Hazardous [HAZ],Recovery - energy recovery (R1) [RCV_E]
Romania,2010,1462,Hazardous [HAZ],Recovery - energy recovery (R1) [RCV_E]
Romania,2012,0,Hazardous [HAZ],Recovery - energy recovery (R1) [RCV_E]
Romania,2014,0,Hazardous [HAZ],Recovery - energy recovery (R1) [RCV_E]
Romania,2016,2086,Hazardous [HAZ],Recovery - energy recovery (R1) [RCV_E]
Romania,2018,0,Hazardous [HAZ],Recovery - energy recovery (R1) [RCV_E]
Romania,2020,0,Hazardous [HAZ],Recovery - energy recovery (R1) [RCV_E]
Romania,2022,0,Hazardous [HAZ],Recovery - energy recovery (R1) [RCV_E]
Slovenia,2010,0,Hazardous [HAZ],Recovery - energy recovery (R1) [RCV_E]
Slovenia,2012,0,Hazardous [HAZ],Recovery - energy recovery (R1) [RCV_E]
Slovenia,2014,0,Hazardous [HAZ],Recovery - energy recovery (R1) [RCV_E]
Slovenia,2016,0,Hazardous [HAZ],Recovery - energy recovery (R1) [RCV_E]
Slovenia,2018,0,Hazardous [HAZ],Recovery - energy recovery (R1) [RCV_E]
Slovenia,2020,0,Hazardous [HAZ],Recovery - energy recovery (R1) [RCV_E]
Slovenia,2022,0,Hazardous [HAZ],Recovery - energy recovery (R1) [RCV_E]
Slovakia,2010,10,Hazardous [HAZ],Recovery - energy recovery (R1) [RCV_E]
Slovakia,2012,0,Hazardous [HAZ],Recovery - energy recovery (R1) [RCV_E]
Slovakia,2014,0,Hazardous [HAZ],Recovery - energy recovery (R1) [RCV_E]
Slovakia,2016,0,Hazardous [HAZ],Recovery - energy recovery (R1) [RCV_E]
Slovakia,2018,0,Hazardous [HAZ],Recovery - energy recovery (R1) [RCV_E]
Slovakia,2020,409,Hazardous [HAZ],Recovery - energy recovery (R1) [RCV_E]
Slovakia,2022,28,Hazardous [HAZ],Recovery - energy recovery (R1) [RCV_E]
Finland,2010,30830,Hazardous [HAZ],Recovery - energy recovery (R1) [RCV_E]
Finland,2012,13332,Hazardous [HAZ],Recovery - energy recovery (R1) [RCV_E]
Finland,2014,28584,Hazardous [HAZ],Recovery - energy recovery (R1) [RCV_E]
Finland,2016,54978,Hazardous [HAZ],Recovery - energy recovery (R1) [RCV_E]
Finland,2018,28180,Hazardous [HAZ],Recovery - energy recovery (R1) [RCV_E]
Finland,2020,66958,Hazardous [HAZ],Recovery - energy recovery (R1) [RCV_E]
Finland,2022,9559,Hazardous [HAZ],Recovery - energy recovery (R1) [RCV_E]
Sweden,2010,0,Hazardous [HAZ],Recovery - energy recovery (R1) [RCV_E]
Sweden,2012,26157,Hazardous [HAZ],Recovery - energy recovery (R1) [RCV_E]
Sweden,2014,4314,Hazardous [HAZ],Recovery - energy recovery (R1) [RCV_E]
Sweden,2016,0,Hazardous [HAZ],Recovery - energy recovery (R1) [RCV_E]
Sweden,2018,3344,Hazardous [HAZ],Recovery - energy recovery (R1) [RCV_E]
Sweden,2020,45368,Hazardous [HAZ],Recovery - energy recovery (R1) [RCV_E]
Iceland,2010,0,Hazardous [HAZ],Recovery - energy recovery (R1) [RCV_E]
Iceland,2012,0,Hazardous [HAZ],Recovery - energy recovery (R1) [RCV_E]
Iceland,2014,0,Hazardous [HAZ],Recovery - energy recovery (R1) [RCV_E]
Iceland,2016,0,Hazardous [HAZ],Recovery - energy recovery (R1) [RCV_E]
Iceland,2018,0,Hazardous [HAZ],Recovery - energy recovery (R1) [RCV_E]
Iceland,2020,0,Hazardous [HAZ],Recovery - energy recovery (R1) [RCV_E]
Iceland,2022,0,Hazardous [HAZ],Recovery - energy recovery (R1) [RCV_E]
Norway,2012,0,Hazardous [HAZ],Recovery - energy recovery (R1) [RCV_E]
Norway,2014,32464,Hazardous [HAZ],Recovery - energy recovery (R1) [RCV_E]
Norway,2016,29203,Hazardous [HAZ],Recovery - energy recovery (R1) [RCV_E]
Norway,2018,23391,Hazardous [HAZ],Recovery - energy recovery (R1) [RCV_E]
Norway,2020,22193,Hazardous [HAZ],Recovery - energy recovery (R1) [RCV_E]
Norway,2022,17609,Hazardous [HAZ],Recovery - energy recovery (R1) [RCV_E]
United Kingdom,2010,0,Hazardous [HAZ],Recovery - energy recovery (R1) [RCV_E]
United Kingdom,2012,0,Hazardous [HAZ],Recovery - energy recovery (R1) [RCV_E]
United Kingdom,2014,0,Hazardous [HAZ],Recovery - energy recovery (R1) [RCV_E]
United Kingdom,2016,0,Hazardous [HAZ],Recovery - energy recovery (R1) [RCV_E]
United Kingdom,2018,0,Hazardous [HAZ],Recovery - energy recovery (R1) [RCV_E]
Bosnia and Herzegovina,2022,0,Hazardous [HAZ],Recovery - energy recovery (R1) [RCV_E]
Montenegro,2012,0,Hazardous [HAZ],Recovery - energy recovery (R1) [RCV_E]
Montenegro,2014,0,Hazardous [HAZ],Recovery - energy recovery (R1) [RCV_E]
Montenegro,2016,0,Hazardous [HAZ],Recovery - energy recovery (R1) [RCV_E]
Montenegro,2018,0,Hazardous [HAZ],Recovery - energy recovery (R1) [RCV_E]
Montenegro,2020,0,Hazardous [HAZ],Recovery - energy recovery (R1) [RCV_E]
Montenegro,2022,0,Hazardous [HAZ],Recovery - energy recovery (R1) [RCV_E]
North Macedonia,2010,0,Hazardous [HAZ],Recovery - energy recovery (R1) [RCV_E]
North Macedonia,2012,0,Hazardous [HAZ],Recovery - energy recovery (R1) [RCV_E]
North Macedonia,2014,0,Hazardous [HAZ],Recovery - energy recovery (R1) [RCV_E]
North Macedonia,2018,0,Hazardous [HAZ],Recovery - energy recovery (R1) [RCV_E]
North Macedonia,2020,0,Hazardous [HAZ],Recovery - energy recovery (R1) [RCV_E]
North Macedonia,2022,0,Hazardous [HAZ],Recovery - energy recovery (R1) [RCV_E]
Serbia,2010,0,Hazardous [HAZ],Recovery - energy recovery (R1) [RCV_E]
Serbia,2012,0,Hazardous [HAZ],Recovery - energy recovery (R1) [RCV_E]
Serbia,2014,0,Hazardous [HAZ],Recovery - energy recovery (R1) [RCV_E]
Serbia,2016,0,Hazardous [HAZ],Recovery - energy recovery (R1) [RCV_E]
Serbia,2018,0,Hazardous [HAZ],Recovery - energy recovery (R1) [RCV_E]
Serbia,2020,0,Hazardous [HAZ],Recovery - energy recovery (R1) [RCV_E]
Serbia,2022,42,Hazardous [HAZ],Recovery - energy recovery (R1) [RCV_E]
Türkiye,2010,0,Hazardous [HAZ],Recovery - energy recovery (R1) [RCV_E]
Türkiye,2012,0,Hazardous [HAZ],Recovery - energy recovery (R1) [RCV_E]
Kosovo*,2016,0,Hazardous [HAZ],Recovery - energy recovery (R1) [RCV_E]
Kosovo*,2020,0,Hazardous [HAZ],Recovery - energy recovery (R1) [RCV_E]
Kosovo*,2022,0,Hazardous [HAZ],Recovery - energy recovery (R1) [RCV_E]
European Union - 27 countries (from 2020),2014,4210000,Hazardous [HAZ],Recovery - recycling and backfilling (R2-R11) [RCV_R_B]
European Union - 27 countries (from 2020),2016,5300000,Hazardous [HAZ],Recovery - recycling and backfilling (R2-R11) [RCV_R_B]
European Union - 27 countries (from 2020),2018,5700000,Hazardous [HAZ],Recovery - recycling and backfilling (R2-R11) [RCV_R_B]
European Union - 27 countries (from 2020),2020,5120000,Hazardous [HAZ],Recovery - recycling and backfilling (R2-R11) [RCV_R_B]
European Union - 27 countries (from 2020),2022,5030000,Hazardous [HAZ],Recovery - recycling and backfilling (R2-R11) [RCV_R_B]
European Union - 28 countries (2013-2020),2014,4330000,Hazardous [HAZ],Recovery - recycling and backfilling (R2-R11) [RCV_R_B]
European Union - 28 countries (2013-2020),2016,5500000,Hazardous [HAZ],Recovery - recycling and backfilling (R2-R11) [RCV_R_B]
European Union - 28 countries (2013-2020),2018,5680000,Hazardous [HAZ],Recovery - recycling and backfilling (R2-R11) [RCV_R_B]
Belgium,2010,18001,Hazardous [HAZ],Recovery - recycling and backfilling (R2-R11) [RCV_R_B]
Belgium,2012,53824,Hazardous [HAZ],Recovery - recycling and backfilling (R2-R11) [RCV_R_B]
Belgium,2014,95,Hazardous [HAZ],Recovery - recycling and backfilling (R2-R11) [RCV_R_B]
Belgium,2016,0,Hazardous [HAZ],Recovery - recycling and backfilling (R2-R11) [RCV_R_B]
Belgium,2018,20958,Hazardous [HAZ],Recovery - recycling and backfilling (R2-R11) [RCV_R_B]
Belgium,2020,5026,Hazardous [HAZ],Recovery - recycling and backfilling (R2-R11) [RCV_R_B]
Belgium,2022,19235,Hazardous [HAZ],Recovery - recycling and backfilling (R2-R11) [RCV_R_B]
Bulgaria,2010,0,Hazardous [HAZ],Recovery - recycling and backfilling (R2-R11) [RCV_R_B]
Bulgaria,2012,0,Hazardous [HAZ],Recovery - recycling and backfilling (R2-R11) [RCV_R_B]
Bulgaria,2014,0,Hazardous [HAZ],Recovery - recycling and backfilling (R2-R11) [RCV_R_B]
Bulgaria,2016,0,Hazardous [HAZ],Recovery - recycling and backfilling (R2-R11) [RCV_R_B]
Bulgaria,2018,0,Hazardous [HAZ],Recovery - recycling and backfilling (R2-R11) [RCV_R_B]
Bulgaria,2020,0,Hazardous [HAZ],Recovery - recycling and backfilling (R2-R11) [RCV_R_B]
Bulgaria,2022,0,Hazardous [HAZ],Recovery - recycling and backfilling (R2-R11) [RCV_R_B]
Czechia,2010,59765,Hazardous [HAZ],Recovery - recycling and backfilling (R2-R11) [RCV_R_B]
Czechia,2012,69702,Hazardous [HAZ],Recovery - recycling and backfilling (R2-R11) [RCV_R_B]
Czechia,2014,32525,Hazardous [HAZ],Recovery - recycling and backfilling (R2-R11) [RCV_R_B]
Czechia,2016,12787,Hazardous [HAZ],Recovery - recycling and backfilling (R2-R11) [RCV_R_B]
Czechia,2020,35824,Hazardous [HAZ],Recovery - recycling and backfilling (R2-R11) [RCV_R_B]
Czechia,2022,19620,Hazardous [HAZ],Recovery - recycling and backfilling (R2-R11) [RCV_R_B]
Denmark,2010,109431,Hazardous [HAZ],Recovery - recycling and backfilling (R2-R11) [RCV_R_B]
Denmark,2012,112123,Hazardous [HAZ],Recovery - recycling and backfilling (R2-R11) [RCV_R_B]
Denmark,2014,97361,Hazardous [HAZ],Recovery - recycling and backfilling (R2-R11) [RCV_R_B]
Denmark,2016,69426,Hazardous [HAZ],Recovery - recycling and backfilling (R2-R11) [RCV_R_B]
Denmark,2018,82572,Hazardous [HAZ],Recovery - recycling and backfilling (R2-R11) [RCV_R_B]
Denmark,2020,107467,Hazardous [HAZ],Recovery - recycling and backfilling (R2-R11) [RCV_R_B]
Denmark,2022,49008,Hazardous [HAZ],Recovery - recycling and backfilling (R2-R11) [RCV_R_B]
Germany,2010,2209979,Hazardous [HAZ],Recovery - recycling and backfilling (R2-R11) [RCV_R_B]
Germany,2012,2442472,Hazardous [HAZ],Recovery - recycling and backfilling (R2-R11) [RCV_R_B]
Germany,2018,3018363,Hazardous [HAZ],Recovery - recycling and backfilling (R2-R11) [RCV_R_B]
Germany,2020,2799329,Hazardous [HAZ],Recovery - recycling and backfilling (R2-R11) [RCV_R_B]
Germany,2022,2750550,Hazardous [HAZ],Recovery - recycling and backfilling (R2-R11) [RCV_R_B]
Estonia,2010,6,Hazardous [HAZ],Recovery - recycling and backfilling (R2-R11) [RCV_R_B]
Estonia,2012,1,Hazardous [HAZ],Recovery - recycling and backfilling (R2-R11) [RCV_R_B]
Estonia,2014,0,Hazardous [HAZ],Recovery - recycling and backfilling (R2-R11) [RCV_R_B]
Estonia,2016,23,Hazardous [HAZ],Recovery - recycling and backfilling (R2-R11) [RCV_R_B]
Estonia,2018,400,Hazardous [HAZ],Recovery - recycling and backfilling (R2-R11) [RCV_R_B]
Estonia,2020,3000,Hazardous [HAZ],Recovery - recycling and backfilling (R2-R11) [RCV_R_B]
Estonia,2022,603,Hazardous [HAZ],Recovery - recycling and backfilling (R2-R11) [RCV_R_B]
Ireland,2010,0,Hazardous [HAZ],Recovery - recycling and backfilling (R2-R11) [RCV_R_B]
Ireland,2012,0,Hazardous [HAZ],Recovery - recycling and backfilling (R2-R11) [RCV_R_B]
Ireland,2014,0,Hazardous [HAZ],Recovery - recycling and backfilling (R2-R11) [RCV_R_B]
Ireland,2016,14132,Hazardous [HAZ],Recovery - recycling and backfilling (R2-R11) [RCV_R_B]
Ireland,2018,0,Hazardous [HAZ],Recovery - recycling and backfilling (R2-R11) [RCV_R_B]
Ireland,2020,9840,Hazardous [HAZ],Recovery - recycling and backfilling (R2-R11) [RCV_R_B]
Ireland,2022,0,Hazardous [HAZ],Recovery - recycling and backfilling (R2-R11) [RCV_R_B]
Greece,2010,0,Hazardous [HAZ],Recovery - recycling and backfilling (R2-R11) [RCV_R_B]
Greece,2012,1,Hazardous [HAZ],Recovery - recycling and backfilling (R2-R11) [RCV_R_B]
Greece,2014,0,Hazardous [HAZ],Recovery - recycling and backfilling (R2-R11) [RCV_R_B]
Greece,2016,0,Hazardous [HAZ],Recovery - recycling and backfilling (R2-R11) [RCV_R_B]
Greece,2018,0,Hazardous [HAZ],Recovery - recycling and backfilling (R2-R11) [RCV_R_B]
Greece,2020,0,Hazardous [HAZ],Recovery - recycling and backfilling (R2-R11) [RCV_R_B]
Greece,2022,0,Hazardous [HAZ],Recovery - recycling and backfilling (R2-R11) [RCV_R_B]
Spain,2010,941,Hazardous [HAZ],Recovery - recycling and backfilling (R2-R11) [RCV_R_B]
Spain,2012,3517,Hazardous [HAZ],Recovery - recycling and backfilling (R2-R11) [RCV_R_B]
Spain,2014,85,Hazardous [HAZ],Recovery - recycling and backfilling (R2-R11) [RCV_R_B]
Spain,2016,36202,Hazardous [HAZ],Recovery - recycling and backfilling (R2-R11) [RCV_R_B]
Spain,2018,2373,Hazardous [HAZ],Recovery - recycling and backfilling (R2-R11) [RCV_R_B]
Spain,2020,1380,Hazardous [HAZ],Recovery - recycling and backfilling (R2-R11) [RCV_R_B]
Spain,2022,0,Hazardous [HAZ],Recovery - recycling and backfilling (R2-R11) [RCV_R_B]
France,2010,585213,Hazardous [HAZ],Recovery - recycling and backfilling (R2-R11) [RCV_R_B]
France,2012,555952,Hazardous [HAZ],Recovery - recycling and backfilling (R2-R11) [RCV_R_B]
France,2014,141053,Hazardous [HAZ],Recovery - recycling and backfilling (R2-R11) [RCV_R_B]
France,2016,139980,Hazardous [HAZ],Recovery - recycling and backfilling (R2-R11) [RCV_R_B]
France,2018,292097,Hazardous [HAZ],Recovery - recycling and backfilling (R2-R11) [RCV_R_B]
France,2020,0,Hazardous [HAZ],Recovery - recycling and backfilling (R2-R11) [RCV_R_B]
France,2022,0,Hazardous [HAZ],Recovery - recycling and backfilling (R2-R11) [RCV_R_B]
Croatia,2010,18,Hazardous [HAZ],Recovery - recycling and backfilling (R2-R11) [RCV_R_B]
Croatia,2012,0,Hazardous [HAZ],Recovery - recycling and backfilling (R2-R11) [RCV_R_B]
Croatia,2014,0,Hazardous [HAZ],Recovery - recycling and backfilling (R2-R11) [RCV_R_B]
Croatia,2016,0,Hazardous [HAZ],Recovery - recycling and backfilling (R2-R11) [RCV_R_B]
Croatia,2018,0,Hazardous [HAZ],Recovery - recycling and backfilling (R2-R11) [RCV_R_B]
Croatia,2020,0,Hazardous [HAZ],Recovery - recycling and backfilling (R2-R11) [RCV_R_B]
Croatia,2022,0,Hazardous [HAZ],Recovery - recycling and backfilling (R2-R11) [RCV_R_B]
Italy,2012,17085,Hazardous [HAZ],Recovery - recycling and backfilling (R2-R11) [RCV_R_B]
Italy,2014,28183,Hazardous [HAZ],Recovery - recycling and backfilling (R2-R11) [RCV_R_B]
Italy,2016,37251,Hazardous [HAZ],Recovery - recycling and backfilling (R2-R11) [RCV_R_B]
Italy,2018,18920,Hazardous [HAZ],Recovery - recycling and backfilling (R2-R11) [RCV_R_B]
Italy,2020,12883,Hazardous [HAZ],Recovery - recycling and backfilling (R2-R11) [RCV_R_B]
Italy,2022,23140,Hazardous [HAZ],Recovery - recycling and backfilling (R2-R11) [RCV_R_B]
Cyprus,2010,0,Hazardous [HAZ],Recovery - recycling and backfilling (R2-R11) [RCV_R_B]
Cyprus,2012,0,Hazardous [HAZ],Recovery - recycling and backfilling (R2-R11) [RCV_R_B]
Cyprus,2014,0,Hazardous [HAZ],Recovery - recycling and backfilling (R2-R11) [RCV_R_B]
Cyprus,2016,0,Hazardous [HAZ],Recovery - recycling and backfilling (R2-R11) [RCV_R_B]
Cyprus,2018,8,Hazardous [HAZ],Recovery - recycling and backfilling (R2-R11) [RCV_R_B]
Cyprus,2020,46,Hazardous [HAZ],Recovery - recycling and backfilling (R2-R11) [RCV_R_B]
Cyprus,2022,30,Hazardous [HAZ],Recovery - recycling and backfilling (R2-R11) [RCV_R_B]
Latvia,2012,0,Hazardous [HAZ],Recovery - recycling and backfilling (R2-R11) [RCV_R_B]
Latvia,2014,0,Hazardous [HAZ],Recovery - recycling and backfilling (R2-R11) [RCV_R_B]
Latvia,2016,0,Hazardous [HAZ],Recovery - recycling and backfilling (R2-R11) [RCV_R_B]
Latvia,2018,0,Hazardous [HAZ],Recovery - recycling and backfilling (R2-R11) [RCV_R_B]
Latvia,2020,0,Hazardous [HAZ],Recovery - recycling and backfilling (R2-R11) [RCV_R_B]
Latvia,2022,0,Hazardous [HAZ],Recovery - recycling and backfilling (R2-R11) [RCV_R_B]
Lithuania,2010,0,Hazardous [HAZ],Recovery - recycling and backfilling (R2-R11) [RCV_R_B]
Lithuania,2012,0,Hazardous [HAZ],Recovery - recycling and backfilling (R2-R11) [RCV_R_B]
Lithuania,2014,0,Hazardous [HAZ],Recovery - recycling and backfilling (R2-R11) [RCV_R_B]
Lithuania,2016,637,Hazardous [HAZ],Recovery - recycling and backfilling (R2-R11) [RCV_R_B]
Lithuania,2018,3,Hazardous [HAZ],Recovery - recycling and backfilling (R2-R11) [RCV_R_B]
Lithuania,2020,0,Hazardous [HAZ],Recovery - recycling and backfilling (R2-R11) [RCV_R_B]
Lithuania,2022,0,Hazardous [HAZ],Recovery - recycling and backfilling (R2-R11) [RCV_R_B]
Luxembourg,2010,0,Hazardous [HAZ],Recovery - recycling and backfilling (R2-R11) [RCV_R_B]
Luxembourg,2012,0,Hazardous [HAZ],Recovery - recycling and backfilling (R2-R11) [RCV_R_B]
Luxembourg,2014,0,Hazardous [HAZ],Recovery - recycling and backfilling (R2-R11) [RCV_R_B]
Luxembourg,2016,0,Hazardous [HAZ],Recovery - recycling and backfilling (R2-R11) [RCV_R_B]
Luxembourg,2018,779,Hazardous [HAZ],Recovery - recycling and backfilling (R2-R11) [RCV_R_B]
Luxembourg,2020,0,Hazardous [HAZ],Recovery - recycling and backfilling (R2-R11) [RCV_R_B]
Luxembourg,2022,0,Hazardous [HAZ],Recovery - recycling and backfilling (R2-R11) [RCV_R_B]
Hungary,2010,6905,Hazardous [HAZ],Recovery - recycling and backfilling (R2-R11) [RCV_R_B]
Hungary,2012,1211,Hazardous [HAZ],Recovery - recycling and backfilling (R2-R11) [RCV_R_B]
Hungary,2014,196,Hazardous [HAZ],Recovery - recycling and backfilling (R2-R11) [RCV_R_B]
Hungary,2016,4830,Hazardous [HAZ],Recovery - recycling and backfilling (R2-R11) [RCV_R_B]
Hungary,2018,9732,Hazardous [HAZ],Recovery - recycling and backfilling (R2-R11) [RCV_R_B]
Hungary,2020,4895,Hazardous [HAZ],Recovery - recycling and backfilling (R2-R11) [RCV_R_B]
Hungary,2022,3103,Hazardous [HAZ],Recovery - recycling and backfilling (R2-R11) [RCV_R_B]
Malta,2010,0,Hazardous [HAZ],Recovery - recycling and backfilling (R2-R11) [RCV_R_B]
Malta,2012,0,Hazardous [HAZ],Recovery - recycling and backfilling (R2-R11) [RCV_R_B]
Malta,2014,0,Hazardous [HAZ],Recovery - recycling and backfilling (R2-R11) [RCV_R_B]
Malta,2016,0,Hazardous [HAZ],Recovery - recycling and backfilling (R2-R11) [RCV_R_B]
Malta,2018,0,Hazardous [HAZ],Recovery - recycling and backfilling (R2-R11) [RCV_R_B]
Malta,2020,0,Hazardous [HAZ],Recovery - recycling and backfilling (R2-R11) [RCV_R_B]
Malta,2022,0,Hazardous [HAZ],Recovery - recycling and backfilling (R2-R11) [RCV_R_B]
Netherlands,2010,968797,Hazardous [HAZ],Recovery - recycling and backfilling (R2-R11) [RCV_R_B]
Netherlands,2012,1279131,Hazardous [HAZ],Recovery - recycling and backfilling (R2-R11) [RCV_R_B]
Netherlands,2014,1265835,Hazardous [HAZ],Recovery - recycling and backfilling (R2-R11) [RCV_R_B]
Netherlands,2016,2145828,Hazardous [HAZ],Recovery - recycling and backfilling (R2-R11) [RCV_R_B]
Netherlands,2018,2100612,Hazardous [HAZ],Recovery - recycling and backfilling (R2-R11) [RCV_R_B]
Netherlands,2020,2047283,Hazardous [HAZ],Recovery - recycling and backfilling (R2-R11) [RCV_R_B]
Netherlands,2022,2143352,Hazardous [HAZ],Recovery - recycling and backfilling (R2-R11) [RCV_R_B]
Austria,2010,0,Hazardous [HAZ],Recovery - recycling and backfilling (R2-R11) [RCV_R_B]
Austria,2012,0,Hazardous [HAZ],Recovery - recycling and backfilling (R2-R11) [RCV_R_B]
Austria,2014,0,Hazardous [HAZ],Recovery - recycling and backfilling (R2-R11) [RCV_R_B]
Austria,2016,529,Hazardous [HAZ],Recovery - recycling and backfilling (R2-R11) [RCV_R_B]
Austria,2018,808,Hazardous [HAZ],Recovery - recycling and backfilling (R2-R11) [RCV_R_B]
Austria,2020,145,Hazardous [HAZ],Recovery - recycling and backfilling (R2-R11) [RCV_R_B]
Austria,2022,453,Hazardous [HAZ],Recovery - recycling and backfilling (R2-R11) [RCV_R_B]
Poland,2010,3977,Hazardous [HAZ],Recovery - recycling and backfilling (R2-R11) [RCV_R_B]
Poland,2012,827,Hazardous [HAZ],Recovery - recycling and backfilling (R2-R11) [RCV_R_B]
Poland,2014,2787,Hazardous [HAZ],Recovery - recycling and backfilling (R2-R11) [RCV_R_B]
Poland,2016,20048,Hazardous [HAZ],Recovery - recycling and backfilling (R2-R11) [RCV_R_B]
Poland,2018,10819,Hazardous [HAZ],Recovery - recycling and backfilling (R2-R11) [RCV_R_B]
Poland,2020,10889,Hazardous [HAZ],Recovery - recycling and backfilling (R2-R11) [RCV_R_B]
Poland,2022,1144,Hazardous [HAZ],Recovery - recycling and backfilling (R2-R11) [RCV_R_B]
Portugal,2010,126,Hazardous [HAZ],Recovery - recycling and backfilling (R2-R11) [RCV_R_B]
Portugal,2012,0,Hazardous [HAZ],Recovery - recycling and backfilling (R2-R11) [RCV_R_B]
Portugal,2014,0,Hazardous [HAZ],Recovery - recycling and backfilling (R2-R11) [RCV_R_B]
Portugal,2016,0,Hazardous [HAZ],Recovery - recycling and backfilling (R2-R11) [RCV_R_B]
Portugal,2018,91,Hazardous [HAZ],Recovery - recycling and backfilling (R2-R11) [RCV_R_B]
Portugal,2020,140,Hazardous [HAZ],Recovery - recycling and backfilling (R2-R11) [RCV_R_B]
Portugal,2022,138,Hazardous [HAZ],Recovery - recycling and backfilling (R2-R11) [RCV_R_B]
Romania,2010,955,Hazardous [HAZ],Recovery - recycling and backfilling (R2-R11) [RCV_R_B]
Romania,2012,172,Hazardous [HAZ],Recovery - recycling and backfilling (R2-R11) [RCV_R_B]
Romania,2014,1029,Hazardous [HAZ],Recovery - recycling and backfilling (R2-R11) [RCV_R_B]
Romania,2016,0,Hazardous [HAZ],Recovery - recycling and backfilling (R2-R11) [RCV_R_B]
Romania,2018,2166,Hazardous [HAZ],Recovery - recycling and backfilling (R2-R11) [RCV_R_B]
Romania,2020,1176,Hazardous [HAZ],Recovery - recycling and backfilling (R2-R11) [RCV_R_B]
Romania,2022,89,Hazardous [HAZ],Recovery - recycling and backfilling (R2-R11) [RCV_R_B]
Slovenia,2010,4069,Hazardous [HAZ],Recovery - recycling and backfilling (R2-R11) [RCV_R_B]
Slovenia,2012,1101,Hazardous [HAZ],Recovery - recycling and backfilling (R2-R11) [RCV_R_B]
Slovenia,2014,2223,Hazardous [HAZ],Recovery - recycling and backfilling (R2-R11) [RCV_R_B]
Slovenia,2016,639,Hazardous [HAZ],Recovery - recycling and backfilling (R2-R11) [RCV_R_B]
Slovenia,2018,539,Hazardous [HAZ],Recovery - recycling and backfilling (R2-R11) [RCV_R_B]
Slovenia,2020,66,Hazardous [HAZ],Recovery - recycling and backfilling (R2-R11) [RCV_R_B]
Slovenia,2022,3,Hazardous [HAZ],Recovery - recycling and backfilling (R2-R11) [RCV_R_B]
Slovakia,2014,12,Hazardous [HAZ],Recovery - recycling and backfilling (R2-R11) [RCV_R_B]
Slovakia,2016,6,Hazardous [HAZ],Recovery - recycling and backfilling (R2-R11) [RCV_R_B]
Slovakia,2018,1032,Hazardous [HAZ],Recovery - recycling and backfilling (R2-R11) [RCV_R_B]
Slovakia,2020,2958,Hazardous [HAZ],Recovery - recycling and backfilling (R2-R11) [RCV_R_B]
Slovakia,2022,11618,Hazardous [HAZ],Recovery - recycling and backfilling (R2-R11) [RCV_R_B]
Finland,2010,33576,Hazardous [HAZ],Recovery - recycling and backfilling (R2-R11) [RCV_R_B]
Finland,2012,343,Hazardous [HAZ],Recovery - recycling and backfilling (R2-R11) [RCV_R_B]
Finland,2014,5638,Hazardous [HAZ],Recovery - recycling and backfilling (R2-R11) [RCV_R_B]
Finland,2016,839,Hazardous [HAZ],Recovery - recycling and backfilling (R2-R11) [RCV_R_B]
Finland,2018,50207,Hazardous [HAZ],Recovery - recycling and backfilling (R2-R11) [RCV_R_B]
Finland,2020,53514,Hazardous [HAZ],Recovery - recycling and backfilling (R2-R11) [RCV_R_B]
Finland,2022,4187,Hazardous [HAZ],Recovery - recycling and backfilling (R2-R11) [RCV_R_B]
Sweden,2010,9841,Hazardous [HAZ],Recovery - recycling and backfilling (R2-R11) [RCV_R_B]
Sweden,2012,68538,Hazardous [HAZ],Recovery - recycling and backfilling (R2-R11) [RCV_R_B]
Sweden,2014,79446,Hazardous [HAZ],Recovery - recycling and backfilling (R2-R11) [RCV_R_B]
Sweden,2016,25378,Hazardous [HAZ],Recovery - recycling and backfilling (R2-R11) [RCV_R_B]
Sweden,2018,17952,Hazardous [HAZ],Recovery - recycling and backfilling (R2-R11) [RCV_R_B]
Sweden,2020,23076,Hazardous [HAZ],Recovery - recycling and backfilling (R2-R11) [RCV_R_B]
Iceland,2010,0,Hazardous [HAZ],Recovery - recycling and backfilling (R2-R11) [RCV_R_B]
Iceland,2012,0,Hazardous [HAZ],Recovery - recycling and backfilling (R2-R11) [RCV_R_B]
Iceland,2014,0,Hazardous [HAZ],Recovery - recycling and backfilling (R2-R11) [RCV_R_B]
Iceland,2016,0,Hazardous [HAZ],Recovery - recycling and backfilling (R2-R11) [RCV_R_B]
Iceland,2018,0,Hazardous [HAZ],Recovery - recycling and backfilling (R2-R11) [RCV_R_B]
Iceland,2020,0,Hazardous [HAZ],Recovery - recycling and backfilling (R2-R11) [RCV_R_B]
Iceland,2022,6528,Hazardous [HAZ],Recovery - recycling and backfilling (R2-R11) [RCV_R_B]
Norway,2012,0,Hazardous [HAZ],Recovery - recycling and backfilling (R2-R11) [RCV_R_B]
Norway,2014,17192,Hazardous [HAZ],Recovery - recycling and backfilling (R2-R11) [RCV_R_B]
Norway,2016,24617,Hazardous [HAZ],Recovery - recycling and backfilling (R2-R11) [RCV_R_B]
Norway,2018,13447,Hazardous [HAZ],Recovery - recycling and backfilling (R2-R11) [RCV_R_B]
Norway,2020,12681,Hazardous [HAZ],Recovery - recycling and backfilling (R2-R11) [RCV_R_B]
Norway,2022,13761,Hazardous [HAZ],Recovery - recycling and backfilling (R2-R11) [RCV_R_B]
United Kingdom,2010,68335,Hazardous [HAZ],Recovery - recycling and backfilling (R2-R11) [RCV_R_B]
United Kingdom,2012,506,Hazardous [HAZ],Recovery - recycling and backfilling (R2-R11) [RCV_R_B]
United Kingdom,2014,122895,Hazardous [HAZ],Recovery - recycling and backfilling (R2-R11) [RCV_R_B]
United Kingdom,2016,197773,Hazardous [HAZ],Recovery - recycling and backfilling (R2-R11) [RCV_R_B]
United Kingdom,2018,165026,Hazardous [HAZ],Recovery - recycling and backfilling (R2-R11) [RCV_R_B]
Bosnia and Herzegovina,2022,2,Hazardous [HAZ],Recovery - recycling and backfilling (R2-R11) [RCV_R_B]
Montenegro,2012,0,Hazardous [HAZ],Recovery - recycling and backfilling (R2-R11) [RCV_R_B]
Montenegro,2014,76,Hazardous [HAZ],Recovery - recycling and backfilling (R2-R11) [RCV_R_B]
Montenegro,2016,0,Hazardous [HAZ],Recovery - recycling and backfilling (R2-R11) [RCV_R_B]
Montenegro,2018,0,Hazardous [HAZ],Recovery - recycling and backfilling (R2-R11) [RCV_R_B]
Montenegro,2020,0,Hazardous [HAZ],Recovery - recycling and backfilling (R2-R11) [RCV_R_B]
Montenegro,2022,0,Hazardous [HAZ],Recovery - recycling and backfilling (R2-R11) [RCV_R_B]
North Macedonia,2012,0,Hazardous [HAZ],Recovery - recycling and backfilling (R2-R11) [RCV_R_B]
North Macedonia,2014,0,Hazardous [HAZ],Recovery - recycling and backfilling (R2-R11) [RCV_R_B]
North Macedonia,2018,161,Hazardous [HAZ],Recovery - recycling and backfilling (R2-R11) [RCV_R_B]
North Macedonia,2020,0,Hazardous [HAZ],Recovery - recycling and backfilling (R2-R11) [RCV_R_B]
North Macedonia,2022,0,Hazardous [HAZ],Recovery - recycling and backfilling (R2-R11) [RCV_R_B]
Serbia,2014,0,Hazardous [HAZ],Recovery - recycling and backfilling (R2-R11) [RCV_R_B]
Serbia,2016,0,Hazardous [HAZ],Recovery - recycling and backfilling (R2-R11) [RCV_R_B]
Serbia,2018,8,Hazardous [HAZ],Recovery - recycling and backfilling (R2-R11) [RCV_R_B]
Serbia,2020,16,Hazardous [HAZ],Recovery - recycling and backfilling (R2-R11) [RCV_R_B]
Serbia,2022,0,Hazardous [HAZ],Recovery - recycling and backfilling (R2-R11) [RCV_R_B]
Türkiye,2012,356,Hazardous [HAZ],Recovery - recycling and backfilling (R2-R11) [RCV_R_B]
Türkiye,2020,559,Hazardous [HAZ],Recovery - recycling and backfilling (R2-R11) [RCV_R_B]
Kosovo*,2016,0,Hazardous [HAZ],Recovery - recycling and backfilling (R2-R11) [RCV_R_B]
Kosovo*,2020,0,Hazardous [HAZ],Recovery - recycling and backfilling (R2-R11) [RCV_R_B]
Kosovo*,2022,0,Hazardous [HAZ],Recovery - recycling and backfilling (R2-R11) [RCV_R_B]
European Union - 27 countries (from 2020),2010,3970000,Hazardous [HAZ],Recovery - recycling [RCV_R]
European Union - 27 countries (from 2020),2012,4570000,Hazardous [HAZ],Recovery - recycling [RCV_R]
European Union - 27 countries (from 2020),2014,4180000,Hazardous [HAZ],Recovery - recycling [RCV_R]
European Union - 27 countries (from 2020),2016,5280000,Hazardous [HAZ],Recovery - recycling [RCV_R]
European Union - 27 countries (from 2020),2018,5660000,Hazardous [HAZ],Recovery - recycling [RCV_R]
European Union - 27 countries (from 2020),2020,5060000,Hazardous [HAZ],Recovery - recycling [RCV_R]
European Union - 27 countries (from 2020),2022,5000000,Hazardous [HAZ],Recovery - recycling [RCV_R]
European Union - 28 countries (2013-2020),2010,4040000,Hazardous [HAZ],Recovery - recycling [RCV_R]
European Union - 28 countries (2013-2020),2012,4570000,Hazardous [HAZ],Recovery - recycling [RCV_R]
European Union - 28 countries (2013-2020),2014,4300000,Hazardous [HAZ],Recovery - recycling [RCV_R]
European Union - 28 countries (2013-2020),2016,5470000,Hazardous [HAZ],Recovery - recycling [RCV_R]
European Union - 28 countries (2013-2020),2018,5640000,Hazardous [HAZ],Recovery - recycling [RCV_R]
Belgium,2010,18001,Hazardous [HAZ],Recovery - recycling [RCV_R]
Belgium,2012,53824,Hazardous [HAZ],Recovery - recycling [RCV_R]
Belgium,2014,95,Hazardous [HAZ],Recovery - recycling [RCV_R]
Belgium,2016,0,Hazardous [HAZ],Recovery - recycling [RCV_R]
Belgium,2018,20958,Hazardous [HAZ],Recovery - recycling [RCV_R]
Belgium,2020,5026,Hazardous [HAZ],Recovery - recycling [RCV_R]
Belgium,2022,19235,Hazardous [HAZ],Recovery - recycling [RCV_R]
Bulgaria,2010,0,Hazardous [HAZ],Recovery - recycling [RCV_R]
Bulgaria,2012,0,Hazardous [HAZ],Recovery - recycling [RCV_R]
Bulgaria,2014,0,Hazardous [HAZ],Recovery - recycling [RCV_R]
Bulgaria,2016,0,Hazardous [HAZ],Recovery - recycling [RCV_R]
Bulgaria,2018,0,Hazardous [HAZ],Recovery - recycling [RCV_R]
Bulgaria,2020,0,Hazardous [HAZ],Recovery - recycling [RCV_R]
Bulgaria,2022,0,Hazardous [HAZ],Recovery - recycling [RCV_R]
Czechia,2018,35007,Hazardous [HAZ],Recovery - recycling [RCV_R]
Czechia,2020,35824,Hazardous [HAZ],Recovery - recycling [RCV_R]
Czechia,2022,19620,Hazardous [HAZ],Recovery - recycling [RCV_R]
Denmark,2010,109431,Hazardous [HAZ],Recovery - recycling [RCV_R]
Denmark,2012,112123,Hazardous [HAZ],Recovery - recycling [RCV_R]
Denmark,2014,97361,Hazardous [HAZ],Recovery - recycling [RCV_R]
Denmark,2016,69426,Hazardous [HAZ],Recovery - recycling [RCV_R]
Denmark,2018,76854,Hazardous [HAZ],Recovery - recycling [RCV_R]
Denmark,2020,61102,Hazardous [HAZ],Recovery - recycling [RCV_R]
Denmark,2022,25034,Hazardous [HAZ],Recovery - recycling [RCV_R]
Germany,2010,2202220,Hazardous [HAZ],Recovery - recycling [RCV_R]
Germany,2012,2438906,Hazardous [HAZ],Recovery - recycling [RCV_R]
Germany,2014,2549376,Hazardous [HAZ],Recovery - recycling [RCV_R]
Germany,2016,2791769,Hazardous [HAZ],Recovery - recycling [RCV_R]
Germany,2018,3017432,Hazardous [HAZ],Recovery - recycling [RCV_R]
Germany,2020,2799329,Hazardous [HAZ],Recovery - recycling [RCV_R]
Germany,2022,2750371,Hazardous [HAZ],Recovery - recycling [RCV_R]
Estonia,2010,6,Hazardous [HAZ],Recovery - recycling [RCV_R]
Estonia,2012,1,Hazardous [HAZ],Recovery - recycling [RCV_R]
Estonia,2014,0,Hazardous [HAZ],Recovery - recycling [RCV_R]
Estonia,2016,23,Hazardous [HAZ],Recovery - recycling [RCV_R]
Estonia,2018,400,Hazardous [HAZ],Recovery - recycling [RCV_R]
Estonia,2020,3000,Hazardous [HAZ],Recovery - recycling [RCV_R]
Estonia,2022,603,Hazardous [HAZ],Recovery - recycling [RCV_R]
Ireland,2010,0,Hazardous [HAZ],Recovery - recycling [RCV_R]
Ireland,2012,0,Hazardous [HAZ],Recovery - recycling [RCV_R]
Ireland,2014,0,Hazardous [HAZ],Recovery - recycling [RCV_R]
Ireland,2016,0,Hazardous [HAZ],Recovery - recycling [RCV_R]
Ireland,2018,0,Hazardous [HAZ],Recovery - recycling [RCV_R]
Ireland,2020,0,Hazardous [HAZ],Recovery - recycling [RCV_R]
Ireland,2022,0,Hazardous [HAZ],Recovery - recycling [RCV_R]
Greece,2010,0,Hazardous [HAZ],Recovery - recycling [RCV_R]
Greece,2014,0,Hazardous [HAZ],Recovery - recycling [RCV_R]
Greece,2016,0,Hazardous [HAZ],Recovery - recycling [RCV_R]
Greece,2018,0,Hazardous [HAZ],Recovery - recycling [RCV_R]
Greece,2020,0,Hazardous [HAZ],Recovery - recycling [RCV_R]
Greece,2022,0,Hazardous [HAZ],Recovery - recycling [RCV_R]
Spain,2010,941,Hazardous [HAZ],Recovery - recycling [RCV_R]
Spain,2012,3517,Hazardous [HAZ],Recovery - recycling [RCV_R]
Spain,2014,85,Hazardous [HAZ],Recovery - recycling [RCV_R]
Spain,2016,36202,Hazardous [HAZ],Recovery - recycling [RCV_R]
Spain,2018,2373,Hazardous [HAZ],Recovery - recycling [RCV_R]
Spain,2020,1380,Hazardous [HAZ],Recovery - recycling [RCV_R]
Spain,2022,0,Hazardous [HAZ],Recovery - recycling [RCV_R]
France,2010,585213,Hazardous [HAZ],Recovery - recycling [RCV_R]
France,2012,555952,Hazardous [HAZ],Recovery - recycling [RCV_R]
France,2014,141053,Hazardous [HAZ],Recovery - recycling [RCV_R]
France,2016,139980,Hazardous [HAZ],Recovery - recycling [RCV_R]
France,2018,292097,Hazardous [HAZ],Recovery - recycling [RCV_R]
France,2020,0,Hazardous [HAZ],Recovery - recycling [RCV_R]
France,2022,0,Hazardous [HAZ],Recovery - recycling [RCV_R]
Croatia,2010,18,Hazardous [HAZ],Recovery - recycling [RCV_R]
Croatia,2012,0,Hazardous [HAZ],Recovery - recycling [RCV_R]
Croatia,2014,0,Hazardous [HAZ],Recovery - recycling [RCV_R]
Croatia,2016,0,Hazardous [HAZ],Recovery - recycling [RCV_R]
Croatia,2018,0,Hazardous [HAZ],Recovery - recycling [RCV_R]
Croatia,2020,0,Hazardous [HAZ],Recovery - recycling [RCV_R]
Croatia,2022,0,Hazardous [HAZ],Recovery - recycling [RCV_R]
Italy,2010,10531,Hazardous [HAZ],Recovery - recycling [RCV_R]
Italy,2012,17085,Hazardous [HAZ],Recovery - recycling [RCV_R]
Italy,2014,28183,Hazardous [HAZ],Recovery - recycling [RCV_R]
Italy,2016,37251,Hazardous [HAZ],Recovery - recycling [RCV_R]
Italy,2018,18920,Hazardous [HAZ],Recovery - recycling [RCV_R]
Italy,2020,12883,Hazardous [HAZ],Recovery - recycling [RCV_R]
Italy,2022,23140,Hazardous [HAZ],Recovery - recycling [RCV_R]
Cyprus,2010,0,Hazardous [HAZ],Recovery - recycling [RCV_R]
Cyprus,2012,0,Hazardous [HAZ],Recovery - recycling [RCV_R]
Cyprus,2014,0,Hazardous [HAZ],Recovery - recycling [RCV_R]
Cyprus,2016,0,Hazardous [HAZ],Recovery - recycling [RCV_R]
Cyprus,2018,8,Hazardous [HAZ],Recovery - recycling [RCV_R]
Cyprus,2020,46,Hazardous [HAZ],Recovery - recycling [RCV_R]
Cyprus,2022,30,Hazardous [HAZ],Recovery - recycling [RCV_R]
Latvia,2010,0,Hazardous [HAZ],Recovery - recycling [RCV_R]
Latvia,2012,0,Hazardous [HAZ],Recovery - recycling [RCV_R]
Latvia,2014,0,Hazardous [HAZ],Recovery - recycling [RCV_R]
Latvia,2016,0,Hazardous [HAZ],Recovery - recycling [RCV_R]
Latvia,2018,0,Hazardous [HAZ],Recovery - recycling [RCV_R]
Latvia,2020,0,Hazardous [HAZ],Recovery - recycling [RCV_R]
Latvia,2022,0,Hazardous [HAZ],Recovery - recycling [RCV_R]
Lithuania,2010,0,Hazardous [HAZ],Recovery - recycling [RCV_R]
Lithuania,2012,0,Hazardous [HAZ],Recovery - recycling [RCV_R]
Lithuania,2014,0,Hazardous [HAZ],Recovery - recycling [RCV_R]
Lithuania,2016,637,Hazardous [HAZ],Recovery - recycling [RCV_R]
Lithuania,2018,3,Hazardous [HAZ],Recovery - recycling [RCV_R]
Lithuania,2020,0,Hazardous [HAZ],Recovery - recycling [RCV_R]
Lithuania,2022,0,Hazardous [HAZ],Recovery - recycling [RCV_R]
Luxembourg,2012,0,Hazardous [HAZ],Recovery - recycling [RCV_R]
Luxembourg,2014,0,Hazardous [HAZ],Recovery - recycling [RCV_R]
Luxembourg,2016,0,Hazardous [HAZ],Recovery - recycling [RCV_R]
Luxembourg,2018,779,Hazardous [HAZ],Recovery - recycling [RCV_R]
Luxembourg,2020,0,Hazardous [HAZ],Recovery - recycling [RCV_R]
Luxembourg,2022,0,Hazardous [HAZ],Recovery - recycling [RCV_R]
Hungary,2010,6905,Hazardous [HAZ],Recovery - recycling [RCV_R]
Hungary,2012,1211,Hazardous [HAZ],Recovery - recycling [RCV_R]
Hungary,2014,196,Hazardous [HAZ],Recovery - recycling [RCV_R]
Hungary,2016,4830,Hazardous [HAZ],Recovery - recycling [RCV_R]
Hungary,2018,9732,Hazardous [HAZ],Recovery - recycling [RCV_R]
Hungary,2020,4895,Hazardous [HAZ],Recovery - recycling [RCV_R]
Hungary,2022,3103,Hazardous [HAZ],Recovery - recycling [RCV_R]
Malta,2010,0,Hazardous [HAZ],Recovery - recycling [RCV_R]
Malta,2012,0,Hazardous [HAZ],Recovery - recycling [RCV_R]
Malta,2014,0,Hazardous [HAZ],Recovery - recycling [RCV_R]
Malta,2016,0,Hazardous [HAZ],Recovery - recycling [RCV_R]
Malta,2018,0,Hazardous [HAZ],Recovery - recycling [RCV_R]
Malta,2020,0,Hazardous [HAZ],Recovery - recycling [RCV_R]
Malta,2022,0,Hazardous [HAZ],Recovery - recycling [RCV_R]
Netherlands,2010,968797,Hazardous [HAZ],Recovery - recycling [RCV_R]
Netherlands,2012,1279131,Hazardous [HAZ],Recovery - recycling [RCV_R]
Netherlands,2014,1265835,Hazardous [HAZ],Recovery - recycling [RCV_R]
Netherlands,2016,2145828,Hazardous [HAZ],Recovery - recycling [RCV_R]
Netherlands,2018,2100612,Hazardous [HAZ],Recovery - recycling [RCV_R]
Netherlands,2020,2047283,Hazardous [HAZ],Recovery - recycling [RCV_R]
Netherlands,2022,2143352,Hazardous [HAZ],Recovery - recycling [RCV_R]
Austria,2010,0,Hazardous [HAZ],Recovery - recycling [RCV_R]
Austria,2012,0,Hazardous [HAZ],Recovery - recycling [RCV_R]
Austria,2014,0,Hazardous [HAZ],Recovery - recycling [RCV_R]
Austria,2016,529,Hazardous [HAZ],Recovery - recycling [RCV_R]
Austria,2018,808,Hazardous [HAZ],Recovery - recycling [RCV_R]
Austria,2020,145,Hazardous [HAZ],Recovery - recycling [RCV_R]
Austria,2022,453,Hazardous [HAZ],Recovery - recycling [RCV_R]
Poland,2010,3977,Hazardous [HAZ],Recovery - recycling [RCV_R]
Poland,2012,827,Hazardous [HAZ],Recovery - recycling [RCV_R]
Poland,2014,2787,Hazardous [HAZ],Recovery - recycling [RCV_R]
Poland,2016,20048,Hazardous [HAZ],Recovery - recycling [RCV_R]
Poland,2018,10819,Hazardous [HAZ],Recovery - recycling [RCV_R]
Poland,2020,10889,Hazardous [HAZ],Recovery - recycling [RCV_R]
Poland,2022,1144,Hazardous [HAZ],Recovery - recycling [RCV_R]
Portugal,2010,126,Hazardous [HAZ],Recovery - recycling [RCV_R]
Portugal,2012,0,Hazardous [HAZ],Recovery - recycling [RCV_R]
Portugal,2014,0,Hazardous [HAZ],Recovery - recycling [RCV_R]
Portugal,2016,0,Hazardous [HAZ],Recovery - recycling [RCV_R]
Portugal,2018,91,Hazardous [HAZ],Recovery - recycling [RCV_R]
Portugal,2020,140,Hazardous [HAZ],Recovery - recycling [RCV_R]
Portugal,2022,138,Hazardous [HAZ],Recovery - recycling [RCV_R]
Romania,2010,955,Hazardous [HAZ],Recovery - recycling [RCV_R]
Romania,2012,172,Hazardous [HAZ],Recovery - recycling [RCV_R]
Romania,2014,1029,Hazardous [HAZ],Recovery - recycling [RCV_R]
Romania,2016,0,Hazardous [HAZ],Recovery - recycling [RCV_R]
Romania,2018,2166,Hazardous [HAZ],Recovery - recycling [RCV_R]
Romania,2020,1176,Hazardous [HAZ],Recovery - recycling [RCV_R]
Romania,2022,89,Hazardous [HAZ],Recovery - recycling [RCV_R]
Slovenia,2010,84,Hazardous [HAZ],Recovery - recycling [RCV_R]
Slovenia,2012,1101,Hazardous [HAZ],Recovery - recycling [RCV_R]
Slovenia,2014,2223,Hazardous [HAZ],Recovery - recycling [RCV_R]
Slovenia,2016,639,Hazardous [HAZ],Recovery - recycling [RCV_R]
Slovenia,2018,539,Hazardous [HAZ],Recovery - recycling [RCV_R]
Slovenia,2020,66,Hazardous [HAZ],Recovery - recycling [RCV_R]
Slovenia,2022,3,Hazardous [HAZ],Recovery - recycling [RCV_R]
Slovakia,2010,30,Hazardous [HAZ],Recovery - recycling [RCV_R]
Slovakia,2012,5833,Hazardous [HAZ],Recovery - recycling [RCV_R]
Slovakia,2014,12,Hazardous [HAZ],Recovery - recycling [RCV_R]
Slovakia,2016,6,Hazardous [HAZ],Recovery - recycling [RCV_R]
Slovakia,2018,1032,Hazardous [HAZ],Recovery - recycling [RCV_R]
Slovakia,2020,2958,Hazardous [HAZ],Recovery - recycling [RCV_R]
Slovakia,2022,11618,Hazardous [HAZ],Recovery - recycling [RCV_R]
Finland,2010,33576,Hazardous [HAZ],Recovery - recycling [RCV_R]
Finland,2012,343,Hazardous [HAZ],Recovery - recycling [RCV_R]
Finland,2014,5638,Hazardous [HAZ],Recovery - recycling [RCV_R]
Finland,2016,839,Hazardous [HAZ],Recovery - recycling [RCV_R]
Finland,2018,50207,Hazardous [HAZ],Recovery - recycling [RCV_R]
Finland,2020,53392,Hazardous [HAZ],Recovery - recycling [RCV_R]
Finland,2022,4007,Hazardous [HAZ],Recovery - recycling [RCV_R]
Sweden,2010,9841,Hazardous [HAZ],Recovery - recycling [RCV_R]
Sweden,2012,68538,Hazardous [HAZ],Recovery - recycling [RCV_R]
Sweden,2014,79446,Hazardous [HAZ],Recovery - recycling [RCV_R]
Sweden,2016,25378,Hazardous [HAZ],Recovery - recycling [RCV_R]
Sweden,2018,17952,Hazardous [HAZ],Recovery - recycling [RCV_R]
Sweden,2020,23076,Hazardous [HAZ],Recovery - recycling [RCV_R]
Iceland,2010,0,Hazardous [HAZ],Recovery - recycling [RCV_R]
Iceland,2012,0,Hazardous [HAZ],Recovery - recycling [RCV_R]
Iceland,2014,0,Hazardous [HAZ],Recovery - recycling [RCV_R]
Iceland,2016,0,Hazardous [HAZ],Recovery - recycling [RCV_R]
Iceland,2018,0,Hazardous [HAZ],Recovery - recycling [RCV_R]
Iceland,2020,0,Hazardous [HAZ],Recovery - recycling [RCV_R]
Iceland,2022,6528,Hazardous [HAZ],Recovery - recycling [RCV_R]
Norway,2012,0,Hazardous [HAZ],Recovery - recycling [RCV_R]
Norway,2014,17192,Hazardous [HAZ],Recovery - recycling [RCV_R]
Norway,2016,24617,Hazardous [HAZ],Recovery - recycling [RCV_R]
Norway,2018,13447,Hazardous [HAZ],Recovery - recycling [RCV_R]
Norway,2020,12681,Hazardous [HAZ],Recovery - recycling [RCV_R]
Norway,2022,13761,Hazardous [HAZ],Recovery - recycling [RCV_R]
United Kingdom,2010,68335,Hazardous [HAZ],Recovery - recycling [RCV_R]
United Kingdom,2012,506,Hazardous [HAZ],Recovery - recycling [RCV_R]
United Kingdom,2014,121153,Hazardous [HAZ],Recovery - recycling [RCV_R]
United Kingdom,2016,197292,Hazardous [HAZ],Recovery - recycling [RCV_R]
United Kingdom,2018,165026,Hazardous [HAZ],Recovery - recycling [RCV_R]
Bosnia and Herzegovina,2022,2,Hazardous [HAZ],Recovery - recycling [RCV_R]
Montenegro,2012,0,Hazardous [HAZ],Recovery - recycling [RCV_R]
Montenegro,2014,76,Hazardous [HAZ],Recovery - recycling [RCV_R]
Montenegro,2016,0,Hazardous [HAZ],Recovery - recycling [RCV_R]
Montenegro,2018,0,Hazardous [HAZ],Recovery - recycling [RCV_R]
Montenegro,2020,0,Hazardous [HAZ],Recovery - recycling [RCV_R]
Montenegro,2022,0,Hazardous [HAZ],Recovery - recycling [RCV_R]
North Macedonia,2010,0,Hazardous [HAZ],Recovery - recycling [RCV_R]
North Macedonia,2012,0,Hazardous [HAZ],Recovery - recycling [RCV_R]
North Macedonia,2014,0,Hazardous [HAZ],Recovery - recycling [RCV_R]
North Macedonia,2018,161,Hazardous [HAZ],Recovery - recycling [RCV_R]
North Macedonia,2020,0,Hazardous [HAZ],Recovery - recycling [RCV_R]
North Macedonia,2022,0,Hazardous [HAZ],Recovery - recycling [RCV_R]
Serbia,2010,0,Hazardous [HAZ],Recovery - recycling [RCV_R]
Serbia,2012,0,Hazardous [HAZ],Recovery - recycling [RCV_R]
Serbia,2014,0,Hazardous [HAZ],Recovery - recycling [RCV_R]
Serbia,2016,0,Hazardous [HAZ],Recovery - recycling [RCV_R]
Serbia,2018,8,Hazardous [HAZ],Recovery - recycling [RCV_R]
Serbia,2020,16,Hazardous [HAZ],Recovery - recycling [RCV_R]
Serbia,2022,0,Hazardous [HAZ],Recovery - recycling [RCV_R]
Türkiye,2010,12,Hazardous [HAZ],Recovery - recycling [RCV_R]
Türkiye,2020,559,Hazardous [HAZ],Recovery - recycling [RCV_R]
Kosovo*,2016,0,Hazardous [HAZ],Recovery - recycling [RCV_R]
Kosovo*,2020,0,Hazardous [HAZ],Recovery - recycling [RCV_R]
Kosovo*,2022,0,Hazardous [HAZ],Recovery - recycling [RCV_R]
European Union - 27 countries (from 2020),2014,30000,Hazardous [HAZ],Recovery - backfilling [RCV_B]
European Union - 27 countries (from 2020),2016,30000,Hazardous [HAZ],Recovery - backfilling [RCV_B]
European Union - 27 countries (from 2020),2018,40000,Hazardous [HAZ],Recovery - backfilling [RCV_B]
European Union - 27 countries (from 2020),2020,60000,Hazardous [HAZ],Recovery - backfilling [RCV_B]
European Union - 27 countries (from 2020),2022,20000,Hazardous [HAZ],Recovery - backfilling [RCV_B]
European Union - 28 countries (2013-2020),2014,30000,Hazardous [HAZ],Recovery - backfilling [RCV_B]
European Union - 28 countries (2013-2020),2016,30000,Hazardous [HAZ],Recovery - backfilling [RCV_B]
European Union - 28 countries (2013-2020),2018,40000,Hazardous [HAZ],Recovery - backfilling [RCV_B]
Belgium,2010,0,Hazardous [HAZ],Recovery - backfilling [RCV_B]
Belgium,2012,0,Hazardous [HAZ],Recovery - backfilling [RCV_B]
Belgium,2014,0,Hazardous [HAZ],Recovery - backfilling [RCV_B]
Belgium,2016,0,Hazardous [HAZ],Recovery - backfilling [RCV_B]
Belgium,2018,0,Hazardous [HAZ],Recovery - backfilling [RCV_B]
Belgium,2020,0,Hazardous [HAZ],Recovery - backfilling [RCV_B]
Belgium,2022,0,Hazardous [HAZ],Recovery - backfilling [RCV_B]
Bulgaria,2010,0,Hazardous [HAZ],Recovery - backfilling [RCV_B]
Bulgaria,2012,0,Hazardous [HAZ],Recovery - backfilling [RCV_B]
Bulgaria,2014,0,Hazardous [HAZ],Recovery - backfilling [RCV_B]
Bulgaria,2016,0,Hazardous [HAZ],Recovery - backfilling [RCV_B]
Bulgaria,2018,0,Hazardous [HAZ],Recovery - backfilling [RCV_B]
Bulgaria,2020,0,Hazardous [HAZ],Recovery - backfilling [RCV_B]
Bulgaria,2022,0,Hazardous [HAZ],Recovery - backfilling [RCV_B]
Czechia,2010,38334,Hazardous [HAZ],Recovery - backfilling [RCV_B]
Czechia,2012,35697,Hazardous [HAZ],Recovery - backfilling [RCV_B]
Czechia,2014,26864,Hazardous [HAZ],Recovery - backfilling [RCV_B]
Czechia,2016,9114,Hazardous [HAZ],Recovery - backfilling [RCV_B]
Czechia,2020,0,Hazardous [HAZ],Recovery - backfilling [RCV_B]
Czechia,2022,0,Hazardous [HAZ],Recovery - backfilling [RCV_B]
Denmark,2010,0,Hazardous [HAZ],Recovery - backfilling [RCV_B]
Denmark,2012,0,Hazardous [HAZ],Recovery - backfilling [RCV_B]
Denmark,2014,0,Hazardous [HAZ],Recovery - backfilling [RCV_B]
Denmark,2016,0,Hazardous [HAZ],Recovery - backfilling [RCV_B]
Denmark,2018,5719,Hazardous [HAZ],Recovery - backfilling [RCV_B]
Denmark,2020,46366,Hazardous [HAZ],Recovery - backfilling [RCV_B]
Denmark,2022,23973,Hazardous [HAZ],Recovery - backfilling [RCV_B]
Germany,2010,7759,Hazardous [HAZ],Recovery - backfilling [RCV_B]
Germany,2012,3566,Hazardous [HAZ],Recovery - backfilling [RCV_B]
Germany,2018,931,Hazardous [HAZ],Recovery - backfilling [RCV_B]
Estonia,2010,0,Hazardous [HAZ],Recovery - backfilling [RCV_B]
Estonia,2012,0,Hazardous [HAZ],Recovery - backfilling [RCV_B]
Estonia,2014,0,Hazardous [HAZ],Recovery - backfilling [RCV_B]
Estonia,2016,0,Hazardous [HAZ],Recovery - backfilling [RCV_B]
Estonia,2018,0,Hazardous [HAZ],Recovery - backfilling [RCV_B]
Estonia,2020,0,Hazardous [HAZ],Recovery - backfilling [RCV_B]
Estonia,2022,0,Hazardous [HAZ],Recovery - backfilling [RCV_B]
Ireland,2010,0,Hazardous [HAZ],Recovery - backfilling [RCV_B]
Ireland,2012,0,Hazardous [HAZ],Recovery - backfilling [RCV_B]
Ireland,2014,0,Hazardous [HAZ],Recovery - backfilling [RCV_B]
Ireland,2016,14132,Hazardous [HAZ],Recovery - backfilling [RCV_B]
Ireland,2018,0,Hazardous [HAZ],Recovery - backfilling [RCV_B]
Ireland,2020,9840,Hazardous [HAZ],Recovery - backfilling [RCV_B]
Ireland,2022,0,Hazardous [HAZ],Recovery - backfilling [RCV_B]
Greece,2010,0,Hazardous [HAZ],Recovery - backfilling [RCV_B]
Greece,2012,0,Hazardous [HAZ],Recovery - backfilling [RCV_B]
Greece,2014,0,Hazardous [HAZ],Recovery - backfilling [RCV_B]
Greece,2016,0,Hazardous [HAZ],Recovery - backfilling [RCV_B]
Greece,2018,0,Hazardous [HAZ],Recovery - backfilling [RCV_B]
Greece,2020,0,Hazardous [HAZ],Recovery - backfilling [RCV_B]
Greece,2022,0,Hazardous [HAZ],Recovery - backfilling [RCV_B]
Spain,2010,0,Hazardous [HAZ],Recovery - backfilling [RCV_B]
Spain,2012,0,Hazardous [HAZ],Recovery - backfilling [RCV_B]
Spain,2014,0,Hazardous [HAZ],Recovery - backfilling [RCV_B]
Spain,2016,0,Hazardous [HAZ],Recovery - backfilling [RCV_B]
Spain,2018,0,Hazardous [HAZ],Recovery - backfilling [RCV_B]
Spain,2020,0,Hazardous [HAZ],Recovery - backfilling [RCV_B]
Spain,2022,0,Hazardous [HAZ],Recovery - backfilling [RCV_B]
France,2010,0,Hazardous [HAZ],Recovery - backfilling [RCV_B]
France,2012,0,Hazardous [HAZ],Recovery - backfilling [RCV_B]
France,2014,0,Hazardous [HAZ],Recovery - backfilling [RCV_B]
France,2016,0,Hazardous [HAZ],Recovery - backfilling [RCV_B]
France,2018,0,Hazardous [HAZ],Recovery - backfilling [RCV_B]
France,2020,0,Hazardous [HAZ],Recovery - backfilling [RCV_B]
France,2022,0,Hazardous [HAZ],Recovery - backfilling [RCV_B]
Croatia,2010,0,Hazardous [HAZ],Recovery - backfilling [RCV_B]
Croatia,2012,0,Hazardous [HAZ],Recovery - backfilling [RCV_B]
Croatia,2014,0,Hazardous [HAZ],Recovery - backfilling [RCV_B]
Croatia,2016,0,Hazardous [HAZ],Recovery - backfilling [RCV_B]
Croatia,2018,0,Hazardous [HAZ],Recovery - backfilling [RCV_B]
Croatia,2020,0,Hazardous [HAZ],Recovery - backfilling [RCV_B]
Croatia,2022,0,Hazardous [HAZ],Recovery - backfilling [RCV_B]
Italy,2012,0,Hazardous [HAZ],Recovery - backfilling [RCV_B]
Italy,2014,0,Hazardous [HAZ],Recovery - backfilling [RCV_B]
Italy,2016,0,Hazardous [HAZ],Recovery - backfilling [RCV_B]
Italy,2018,0,Hazardous [HAZ],Recovery - backfilling [RCV_B]
Italy,2020,0,Hazardous [HAZ],Recovery - backfilling [RCV_B]
Italy,2022,0,Hazardous [HAZ],Recovery - backfilling [RCV_B]
Cyprus,2010,0,Hazardous [HAZ],Recovery - backfilling [RCV_B]
Cyprus,2012,0,Hazardous [HAZ],Recovery - backfilling [RCV_B]
Cyprus,2014,0,Hazardous [HAZ],Recovery - backfilling [RCV_B]
Cyprus,2016,0,Hazardous [HAZ],Recovery - backfilling [RCV_B]
Cyprus,2018,0,Hazardous [HAZ],Recovery - backfilling [RCV_B]
Cyprus,2020,0,Hazardous [HAZ],Recovery - backfilling [RCV_B]
Cyprus,2022,0,Hazardous [HAZ],Recovery - backfilling [RCV_B]
Latvia,2012,0,Hazardous [HAZ],Recovery - backfilling [RCV_B]
Latvia,2014,0,Hazardous [HAZ],Recovery - backfilling [RCV_B]
Latvia,2016,0,Hazardous [HAZ],Recovery - backfilling [RCV_B]
Latvia,2018,0,Hazardous [HAZ],Recovery - backfilling [RCV_B]
Latvia,2020,0,Hazardous [HAZ],Recovery - backfilling [RCV_B]
Latvia,2022,0,Hazardous [HAZ],Recovery - backfilling [RCV_B]
Lithuania,2010,0,Hazardous [HAZ],Recovery - backfilling [RCV_B]
Lithuania,2012,0,Hazardous [HAZ],Recovery - backfilling [RCV_B]
Lithuania,2014,0,Hazardous [HAZ],Recovery - backfilling [RCV_B]
Lithuania,2016,0,Hazardous [HAZ],Recovery - backfilling [RCV_B]
Lithuania,2018,0,Hazardous [HAZ],Recovery - backfilling [RCV_B]
Lithuania,2020,0,Hazardous [HAZ],Recovery - backfilling [RCV_B]
Lithuania,2022,0,Hazardous [HAZ],Recovery - backfilling [RCV_B]
Luxembourg,2010,0,Hazardous [HAZ],Recovery - backfilling [RCV_B]
Luxembourg,2012,0,Hazardous [HAZ],Recovery - backfilling [RCV_B]
Luxembourg,2014,0,Hazardous [HAZ],Recovery - backfilling [RCV_B]
Luxembourg,2016,0,Hazardous [HAZ],Recovery - backfilling [RCV_B]
Luxembourg,2018,0,Hazardous [HAZ],Recovery - backfilling [RCV_B]
Luxembourg,2020,0,Hazardous [HAZ],Recovery - backfilling [RCV_B]
Luxembourg,2022,0,Hazardous [HAZ],Recovery - backfilling [RCV_B]
Hungary,2010,0,Hazardous [HAZ],Recovery - backfilling [RCV_B]
Hungary,2012,0,Hazardous [HAZ],Recovery - backfilling [RCV_B]
Hungary,2014,0,Hazardous [HAZ],Recovery - backfilling [RCV_B]
Hungary,2016,0,Hazardous [HAZ],Recovery - backfilling [RCV_B]
Hungary,2018,0,Hazardous [HAZ],Recovery - backfilling [RCV_B]
Hungary,2020,0,Hazardous [HAZ],Recovery - backfilling [RCV_B]
Hungary,2022,0,Hazardous [HAZ],Recovery - backfilling [RCV_B]
Malta,2010,0,Hazardous [HAZ],Recovery - backfilling [RCV_B]
Malta,2012,0,Hazardous [HAZ],Recovery - backfilling [RCV_B]
Malta,2014,0,Hazardous [HAZ],Recovery - backfilling [RCV_B]
Malta,2016,0,Hazardous [HAZ],Recovery - backfilling [RCV_B]
Malta,2018,0,Hazardous [HAZ],Recovery - backfilling [RCV_B]
Malta,2020,0,Hazardous [HAZ],Recovery - backfilling [RCV_B]
Malta,2022,0,Hazardous [HAZ],Recovery - backfilling [RCV_B]
Netherlands,2010,0,Hazardous [HAZ],Recovery - backfilling [RCV_B]
Netherlands,2012,0,Hazardous [HAZ],Recovery - backfilling [RCV_B]
Netherlands,2014,0,Hazardous [HAZ],Recovery - backfilling [RCV_B]
Netherlands,2016,0,Hazardous [HAZ],Recovery - backfilling [RCV_B]
Netherlands,2018,0,Hazardous [HAZ],Recovery - backfilling [RCV_B]
Netherlands,2020,0,Hazardous [HAZ],Recovery - backfilling [RCV_B]
Netherlands,2022,0,Hazardous [HAZ],Recovery - backfilling [RCV_B]
Austria,2010,0,Hazardous [HAZ],Recovery - backfilling [RCV_B]
Austria,2012,0,Hazardous [HAZ],Recovery - backfilling [RCV_B]
Austria,2014,0,Hazardous [HAZ],Recovery - backfilling [RCV_B]
Austria,2016,0,Hazardous [HAZ],Recovery - backfilling [RCV_B]
Austria,2018,0,Hazardous [HAZ],Recovery - backfilling [RCV_B]
Austria,2020,0,Hazardous [HAZ],Recovery - backfilling [RCV_B]
Austria,2022,0,Hazardous [HAZ],Recovery - backfilling [RCV_B]
Poland,2010,0,Hazardous [HAZ],Recovery - backfilling [RCV_B]
Poland,2012,0,Hazardous [HAZ],Recovery - backfilling [RCV_B]
Poland,2014,0,Hazardous [HAZ],Recovery - backfilling [RCV_B]
Poland,2016,0,Hazardous [HAZ],Recovery - backfilling [RCV_B]
Poland,2018,0,Hazardous [HAZ],Recovery - backfilling [RCV_B]
Poland,2020,0,Hazardous [HAZ],Recovery - backfilling [RCV_B]
Poland,2022,0,Hazardous [HAZ],Recovery - backfilling [RCV_B]
Portugal,2010,0,Hazardous [HAZ],Recovery - backfilling [RCV_B]
Portugal,2012,0,Hazardous [HAZ],Recovery - backfilling [RCV_B]
Portugal,2014,0,Hazardous [HAZ],Recovery - backfilling [RCV_B]
Portugal,2016,0,Hazardous [HAZ],Recovery - backfilling [RCV_B]
Portugal,2018,0,Hazardous [HAZ],Recovery - backfilling [RCV_B]
Portugal,2020,0,Hazardous [HAZ],Recovery - backfilling [RCV_B]
Portugal,2022,0,Hazardous [HAZ],Recovery - backfilling [RCV_B]
Romania,2010,0,Hazardous [HAZ],Recovery - backfilling [RCV_B]
Romania,2012,0,Hazardous [HAZ],Recovery - backfilling [RCV_B]
Romania,2014,0,Hazardous [HAZ],Recovery - backfilling [RCV_B]
Romania,2016,0,Hazardous [HAZ],Recovery - backfilling [RCV_B]
Romania,2018,0,Hazardous [HAZ],Recovery - backfilling [RCV_B]
Romania,2020,0,Hazardous [HAZ],Recovery - backfilling [RCV_B]
Romania,2022,0,Hazardous [HAZ],Recovery - backfilling [RCV_B]
Slovenia,2010,3985,Hazardous [HAZ],Recovery - backfilling [RCV_B]
Slovenia,2012,0,Hazardous [HAZ],Recovery - backfilling [RCV_B]
Slovenia,2014,0,Hazardous [HAZ],Recovery - backfilling [RCV_B]
Slovenia,2016,0,Hazardous [HAZ],Recovery - backfilling [RCV_B]
Slovenia,2018,0,Hazardous [HAZ],Recovery - backfilling [RCV_B]
Slovenia,2020,0,Hazardous [HAZ],Recovery - backfilling [RCV_B]
Slovenia,2022,0,Hazardous [HAZ],Recovery - backfilling [RCV_B]
Slovakia,2014,0,Hazardous [HAZ],Recovery - backfilling [RCV_B]
Slovakia,2016,0,Hazardous [HAZ],Recovery - backfilling [RCV_B]
Slovakia,2018,0,Hazardous [HAZ],Recovery - backfilling [RCV_B]
Slovakia,2020,0,Hazardous [HAZ],Recovery - backfilling [RCV_B]
Slovakia,2022,0,Hazardous [HAZ],Recovery - backfilling [RCV_B]
Finland,2010,0,Hazardous [HAZ],Recovery - backfilling [RCV_B]
Finland,2012,0,Hazardous [HAZ],Recovery - backfilling [RCV_B]
Finland,2014,0,Hazardous [HAZ],Recovery - backfilling [RCV_B]
Finland,2016,0,Hazardous [HAZ],Recovery - backfilling [RCV_B]
Finland,2018,0,Hazardous [HAZ],Recovery - backfilling [RCV_B]
Finland,2020,122,Hazardous [HAZ],Recovery - backfilling [RCV_B]
Finland,2022,180,Hazardous [HAZ],Recovery - backfilling [RCV_B]
Sweden,2010,0,Hazardous [HAZ],Recovery - backfilling [RCV_B]
Sweden,2012,0,Hazardous [HAZ],Recovery - backfilling [RCV_B]
Sweden,2014,0,Hazardous [HAZ],Recovery - backfilling [RCV_B]
Sweden,2016,0,Hazardous [HAZ],Recovery - backfilling [RCV_B]
Sweden,2018,0,Hazardous [HAZ],Recovery - backfilling [RCV_B]
Sweden,2020,0,Hazardous [HAZ],Recovery - backfilling [RCV_B]
Sweden,2022,0,Hazardous [HAZ],Recovery - backfilling [RCV_B]
Iceland,2010,0,Hazardous [HAZ],Recovery - backfilling [RCV_B]
Iceland,2012,0,Hazardous [HAZ],Recovery - backfilling [RCV_B]
Iceland,2014,0,Hazardous [HAZ],Recovery - backfilling [RCV_B]
Iceland,2016,0,Hazardous [HAZ],Recovery - backfilling [RCV_B]
Iceland,2018,0,Hazardous [HAZ],Recovery - backfilling [RCV_B]
Iceland,2020,0,Hazardous [HAZ],Recovery - backfilling [RCV_B]
Iceland,2022,0,Hazardous [HAZ],Recovery - backfilling [RCV_B]
Norway,2012,0,Hazardous [HAZ],Recovery - backfilling [RCV_B]
Norway,2014,0,Hazardous [HAZ],Recovery - backfilling [RCV_B]
Norway,2016,0,Hazardous [HAZ],Recovery - backfilling [RCV_B]
Norway,2018,0,Hazardous [HAZ],Recovery - backfilling [RCV_B]
Norway,2020,0,Hazardous [HAZ],Recovery - backfilling [RCV_B]
Norway,2022,0,Hazardous [HAZ],Recovery - backfilling [RCV_B]
United Kingdom,2010,0,Hazardous [HAZ],Recovery - backfilling [RCV_B]
United Kingdom,2012,0,Hazardous [HAZ],Recovery - backfilling [RCV_B]
United Kingdom,2014,1742,Hazardous [HAZ],Recovery - backfilling [RCV_B]
United Kingdom,2016,481,Hazardous [HAZ],Recovery - backfilling [RCV_B]
United Kingdom,2018,0,Hazardous [HAZ],Recovery - backfilling [RCV_B]
Bosnia and Herzegovina,2022,0,Hazardous [HAZ],Recovery - backfilling [RCV_B]
Montenegro,2012,0,Hazardous [HAZ],Recovery - backfilling [RCV_B]
Montenegro,2014,0,Hazardous [HAZ],Recovery - backfilling [RCV_B]
Montenegro,2016,0,Hazardous [HAZ],Recovery - backfilling [RCV_B]
Montenegro,2018,0,Hazardous [HAZ],Recovery - backfilling [RCV_B]
Montenegro,2020,0,Hazardous [HAZ],Recovery - backfilling [RCV_B]
Montenegro,2022,0,Hazardous [HAZ],Recovery - backfilling [RCV_B]
North Macedonia,2012,0,Hazardous [HAZ],Recovery - backfilling [RCV_B]
North Macedonia,2014,0,Hazardous [HAZ],Recovery - backfilling [RCV_B]
North Macedonia,2018,0,Hazardous [HAZ],Recovery - backfilling [RCV_B]
North Macedonia,2020,0,Hazardous [HAZ],Recovery - backfilling [RCV_B]
North Macedonia,2022,0,Hazardous [HAZ],Recovery - backfilling [RCV_B]
Serbia,2016,0,Hazardous [HAZ],Recovery - backfilling [RCV_B]
Serbia,2018,0,Hazardous [HAZ],Recovery - backfilling [RCV_B]
Serbia,2020,0,Hazardous [HAZ],Recovery - backfilling [RCV_B]
Serbia,2022,0,Hazardous [HAZ],Recovery - backfilling [RCV_B]
Türkiye,2010,0,Hazardous [HAZ],Recovery - backfilling [RCV_B]
Türkiye,2016,0,Hazardous [HAZ],Recovery - backfilling [RCV_B]
Türkiye,2018,0,Hazardous [HAZ],Recovery - backfilling [RCV_B]
Türkiye,2020,0,Hazardous [HAZ],Recovery - backfilling [RCV_B]
Türkiye,2022,0,Hazardous [HAZ],Recovery - backfilling [RCV_B]
Kosovo*,2016,0,Hazardous [HAZ],Recovery - backfilling [RCV_B]
Kosovo*,2020,0,Hazardous [HAZ],Recovery - backfilling [RCV_B]
Kosovo*,2022,0,Hazardous [HAZ],Recovery - backfilling [RCV_B]
European Union - 27 countries (from 2020),2010,246420000,Non-hazardous [NHAZ],Waste treatment [TRT]
European Union - 27 countries (from 2020),2012,237420000,Non-hazardous [NHAZ],Waste treatment [TRT]
European Union - 27 countries (from 2020),2014,220710000,Non-hazardous [NHAZ],Waste treatment [TRT]
European Union - 27 countries (from 2020),2016,238880000,Non-hazardous [NHAZ],Waste treatment [TRT]
European Union - 27 countries (from 2020),2018,260770000,Non-hazardous [NHAZ],Waste treatment [TRT]
European Union - 27 countries (from 2020),2020,261990000,Non-hazardous [NHAZ],Waste treatment [TRT]
European Union - 27 countries (from 2020),2022,273510000,Non-hazardous [NHAZ],Waste treatment [TRT]
European Union - 28 countries (2013-2020),2010,299350000,Non-hazardous [NHAZ],Waste treatment [TRT]
European Union - 28 countries (2013-2020),2012,287140000,Non-hazardous [NHAZ],Waste treatment [TRT]
European Union - 28 countries (2013-2020),2014,276750000,Non-hazardous [NHAZ],Waste treatment [TRT]
European Union - 28 countries (2013-2020),2016,299010000,Non-hazardous [NHAZ],Waste treatment [TRT]
European Union - 28 countries (2013-2020),2018,322320000,Non-hazardous [NHAZ],Waste treatment [TRT]
Belgium,2010,94012,Non-hazardous [NHAZ],Waste treatment [TRT]
Belgium,2012,104988,Non-hazardous [NHAZ],Waste treatment [TRT]
Belgium,2014,165015,Non-hazardous [NHAZ],Waste treatment [TRT]
Belgium,2016,417328,Non-hazardous [NHAZ],Waste treatment [TRT]
Belgium,2018,485668,Non-hazardous [NHAZ],Waste treatment [TRT]
Belgium,2020,4647375,Non-hazardous [NHAZ],Waste treatment [TRT]
Belgium,2022,2579390,Non-hazardous [NHAZ],Waste treatment [TRT]
Bulgaria,2010,48802,Non-hazardous [NHAZ],Waste treatment [TRT]
Bulgaria,2012,486999,Non-hazardous [NHAZ],Waste treatment [TRT]
Bulgaria,2014,681995,Non-hazardous [NHAZ],Waste treatment [TRT]
Bulgaria,2016,607674,Non-hazardous [NHAZ],Waste treatment [TRT]
Bulgaria,2018,525956,Non-hazardous [NHAZ],Waste treatment [TRT]
Bulgaria,2020,938939,Non-hazardous [NHAZ],Waste treatment [TRT]
Bulgaria,2022,325550,Non-hazardous [NHAZ],Waste treatment [TRT]
Czechia,2010,2924494,Non-hazardous [NHAZ],Waste treatment [TRT]
Czechia,2012,3428921,Non-hazardous [NHAZ],Waste treatment [TRT]
Czechia,2014,3549352,Non-hazardous [NHAZ],Waste treatment [TRT]
Czechia,2016,4878630,Non-hazardous [NHAZ],Waste treatment [TRT]
Czechia,2018,7338219,Non-hazardous [NHAZ],Waste treatment [TRT]
Czechia,2020,6999090,Non-hazardous [NHAZ],Waste treatment [TRT]
Czechia,2022,6636169,Non-hazardous [NHAZ],Waste treatment [TRT]
Denmark,2010,2049065,Non-hazardous [NHAZ],Waste treatment [TRT]
Denmark,2012,2621528,Non-hazardous [NHAZ],Waste treatment [TRT]
Denmark,2014,3178382,Non-hazardous [NHAZ],Waste treatment [TRT]
Denmark,2016,3370176,Non-hazardous [NHAZ],Waste treatment [TRT]
Denmark,2018,3981892,Non-hazardous [NHAZ],Waste treatment [TRT]
Denmark,2020,3540777,Non-hazardous [NHAZ],Waste treatment [TRT]
Denmark,2022,4419303,Non-hazardous [NHAZ],Waste treatment [TRT]
Germany,2010,71433955,Non-hazardous [NHAZ],Waste treatment [TRT]
Germany,2012,71699215,Non-hazardous [NHAZ],Waste treatment [TRT]
Germany,2014,72214934,Non-hazardous [NHAZ],Waste treatment [TRT]
Germany,2016,78999552,Non-hazardous [NHAZ],Waste treatment [TRT]
Germany,2018,77801894,Non-hazardous [NHAZ],Waste treatment [TRT]
Germany,2020,80558208,Non-hazardous [NHAZ],Waste treatment [TRT]
Germany,2022,75925498,Non-hazardous [NHAZ],Waste treatment [TRT]
Estonia,2010,604330,Non-hazardous [NHAZ],Waste treatment [TRT]
Estonia,2012,540002,Non-hazardous [NHAZ],Waste treatment [TRT]
Estonia,2014,723118,Non-hazardous [NHAZ],Waste treatment [TRT]
Estonia,2016,508339,Non-hazardous [NHAZ],Waste treatment [TRT]
Estonia,2018,1021044,Non-hazardous [NHAZ],Waste treatment [TRT]
Estonia,2020,665232,Non-hazardous [NHAZ],Waste treatment [TRT]
Estonia,2022,750780,Non-hazardous [NHAZ],Waste treatment [TRT]
Ireland,2010,458963,Non-hazardous [NHAZ],Waste treatment [TRT]
Ireland,2012,286405,Non-hazardous [NHAZ],Waste treatment [TRT]
Ireland,2014,398461,Non-hazardous [NHAZ],Waste treatment [TRT]
Ireland,2016,430016,Non-hazardous [NHAZ],Waste treatment [TRT]
Ireland,2018,877563,Non-hazardous [NHAZ],Waste treatment [TRT]
Ireland,2020,544489,Non-hazardous [NHAZ],Waste treatment [TRT]
Ireland,2022,748540,Non-hazardous [NHAZ],Waste treatment [TRT]
Greece,2010,1544754,Non-hazardous [NHAZ],Waste treatment [TRT]
Greece,2012,604368,Non-hazardous [NHAZ],Waste treatment [TRT]
Greece,2014,140112,Non-hazardous [NHAZ],Waste treatment [TRT]
Greece,2016,138099,Non-hazardous [NHAZ],Waste treatment [TRT]
Greece,2018,718860,Non-hazardous [NHAZ],Waste treatment [TRT]
Greece,2020,1573901,Non-hazardous [NHAZ],Waste treatment [TRT]
Greece,2022,2236071,Non-hazardous [NHAZ],Waste treatment [TRT]
Spain,2010,11268981,Non-hazardous [NHAZ],Waste treatment [TRT]
Spain,2012,27327714,Non-hazardous [NHAZ],Waste treatment [TRT]
Spain,2014,7040822,Non-hazardous [NHAZ],Waste treatment [TRT]
Spain,2016,9078908,Non-hazardous [NHAZ],Waste treatment [TRT]
Spain,2018,14450060,Non-hazardous [NHAZ],Waste treatment [TRT]
Spain,2020,14355512,Non-hazardous [NHAZ],Waste treatment [TRT]
Spain,2022,14646959,Non-hazardous [NHAZ],Waste treatment [TRT]
France,2010,64421824,Non-hazardous [NHAZ],Waste treatment [TRT]
France,2012,61200733,Non-hazardous [NHAZ],Waste treatment [TRT]
France,2014,59961713,Non-hazardous [NHAZ],Waste treatment [TRT]
France,2016,63415979,Non-hazardous [NHAZ],Waste treatment [TRT]
France,2018,67750227,Non-hazardous [NHAZ],Waste treatment [TRT]
France,2020,52612845,Non-hazardous [NHAZ],Waste treatment [TRT]
France,2022,61347662,Non-hazardous [NHAZ],Waste treatment [TRT]
Croatia,2010,44333,Non-hazardous [NHAZ],Waste treatment [TRT]
Croatia,2012,250163,Non-hazardous [NHAZ],Waste treatment [TRT]
Croatia,2014,284279,Non-hazardous [NHAZ],Waste treatment [TRT]
Croatia,2016,444414,Non-hazardous [NHAZ],Waste treatment [TRT]
Croatia,2018,305239,Non-hazardous [NHAZ],Waste treatment [TRT]
Croatia,2020,420002,Non-hazardous [NHAZ],Waste treatment [TRT]
Croatia,2022,427427,Non-hazardous [NHAZ],Waste treatment [TRT]
Italy,2010,31070916,Non-hazardous [NHAZ],Waste treatment [TRT]
Italy,2012,30817808,Non-hazardous [NHAZ],Waste treatment [TRT]
Italy,2014,31318365,Non-hazardous [NHAZ],Waste treatment [TRT]
Italy,2016,34006041,Non-hazardous [NHAZ],Waste treatment [TRT]
Italy,2018,40321781,Non-hazardous [NHAZ],Waste treatment [TRT]
Italy,2020,45511095,Non-hazardous [NHAZ],Waste treatment [TRT]
Italy,2022,53951119,Non-hazardous [NHAZ],Waste treatment [TRT]
Cyprus,2010,148841,Non-hazardous [NHAZ],Waste treatment [TRT]
Cyprus,2012,138221,Non-hazardous [NHAZ],Waste treatment [TRT]
Cyprus,2014,111232,Non-hazardous [NHAZ],Waste treatment [TRT]
Cyprus,2016,187343,Non-hazardous [NHAZ],Waste treatment [TRT]
Cyprus,2018,219623,Non-hazardous [NHAZ],Waste treatment [TRT]
Cyprus,2020,259629,Non-hazardous [NHAZ],Waste treatment [TRT]
Cyprus,2022,228923,Non-hazardous [NHAZ],Waste treatment [TRT]
Latvia,2010,146712,Non-hazardous [NHAZ],Waste treatment [TRT]
Latvia,2012,155323,Non-hazardous [NHAZ],Waste treatment [TRT]
Latvia,2014,113431,Non-hazardous [NHAZ],Waste treatment [TRT]
Latvia,2016,112528,Non-hazardous [NHAZ],Waste treatment [TRT]
Latvia,2018,396407,Non-hazardous [NHAZ],Waste treatment [TRT]
Latvia,2020,317839,Non-hazardous [NHAZ],Waste treatment [TRT]
Latvia,2022,368226,Non-hazardous [NHAZ],Waste treatment [TRT]
Lithuania,2010,320844,Non-hazardous [NHAZ],Waste treatment [TRT]
Lithuania,2012,457036,Non-hazardous [NHAZ],Waste treatment [TRT]
Lithuania,2014,575420,Non-hazardous [NHAZ],Waste treatment [TRT]
Lithuania,2016,763346,Non-hazardous [NHAZ],Waste treatment [TRT]
Lithuania,2018,660660,Non-hazardous [NHAZ],Waste treatment [TRT]
Lithuania,2020,602147,Non-hazardous [NHAZ],Waste treatment [TRT]
Lithuania,2022,634482,Non-hazardous [NHAZ],Waste treatment [TRT]
Luxembourg,2010,539297,Non-hazardous [NHAZ],Waste treatment [TRT]
Luxembourg,2012,524528,Non-hazardous [NHAZ],Waste treatment [TRT]
Luxembourg,2014,496708,Non-hazardous [NHAZ],Waste treatment [TRT]
Luxembourg,2016,502535,Non-hazardous [NHAZ],Waste treatment [TRT]
Luxembourg,2018,389472,Non-hazardous [NHAZ],Waste treatment [TRT]
Luxembourg,2020,542699,Non-hazardous [NHAZ],Waste treatment [TRT]
Luxembourg,2022,1092887,Non-hazardous [NHAZ],Waste treatment [TRT]
Hungary,2010,2352844,Non-hazardous [NHAZ],Waste treatment [TRT]
Hungary,2012,1906251,Non-hazardous [NHAZ],Waste treatment [TRT]
Hungary,2014,2409293,Non-hazardous [NHAZ],Waste treatment [TRT]
Hungary,2016,2570566,Non-hazardous [NHAZ],Waste treatment [TRT]
Hungary,2018,3466197,Non-hazardous [NHAZ],Waste treatment [TRT]
Hungary,2020,4312596,Non-hazardous [NHAZ],Waste treatment [TRT]
Hungary,2022,3776335,Non-hazardous [NHAZ],Waste treatment [TRT]
Malta,2010,756584,Non-hazardous [NHAZ],Waste treatment [TRT]
Malta,2012,507563,Non-hazardous [NHAZ],Waste treatment [TRT]
Malta,2014,788308,Non-hazardous [NHAZ],Waste treatment [TRT]
Malta,2016,1030298,Non-hazardous [NHAZ],Waste treatment [TRT]
Malta,2018,1759966,Non-hazardous [NHAZ],Waste treatment [TRT]
Malta,2020,2947811,Non-hazardous [NHAZ],Waste treatment [TRT]
Malta,2022,2062368,Non-hazardous [NHAZ],Waste treatment [TRT]
Netherlands,2010,19072477,Non-hazardous [NHAZ],Waste treatment [TRT]
Netherlands,2012,18093386,Non-hazardous [NHAZ],Waste treatment [TRT]
Netherlands,2014,17590361,Non-hazardous [NHAZ],Waste treatment [TRT]
Netherlands,2016,17252550,Non-hazardous [NHAZ],Waste treatment [TRT]
Netherlands,2018,18209901,Non-hazardous [NHAZ],Waste treatment [TRT]
Netherlands,2020,18174055,Non-hazardous [NHAZ],Waste treatment [TRT]
Netherlands,2022,17803265,Non-hazardous [NHAZ],Waste treatment [TRT]
Austria,2010,5908179,Non-hazardous [NHAZ],Waste treatment [TRT]
Austria,2012,6285962,Non-hazardous [NHAZ],Waste treatment [TRT]
Austria,2014,9159881,Non-hazardous [NHAZ],Waste treatment [TRT]
Austria,2016,10008987,Non-hazardous [NHAZ],Waste treatment [TRT]
Austria,2018,10547977,Non-hazardous [NHAZ],Waste treatment [TRT]
Austria,2020,10709503,Non-hazardous [NHAZ],Waste treatment [TRT]
Austria,2022,10890132,Non-hazardous [NHAZ],Waste treatment [TRT]
Poland,2010,3167315,Non-hazardous [NHAZ],Waste treatment [TRT]
Poland,2012,3012801,Non-hazardous [NHAZ],Waste treatment [TRT]
Poland,2014,5105138,Non-hazardous [NHAZ],Waste treatment [TRT]
Poland,2016,3710068,Non-hazardous [NHAZ],Waste treatment [TRT]
Poland,2018,4337212,Non-hazardous [NHAZ],Waste treatment [TRT]
Poland,2020,4952720,Non-hazardous [NHAZ],Waste treatment [TRT]
Poland,2022,5281920,Non-hazardous [NHAZ],Waste treatment [TRT]
Portugal,2010,519009,Non-hazardous [NHAZ],Waste treatment [TRT]
Portugal,2012,576129,Non-hazardous [NHAZ],Waste treatment [TRT]
Portugal,2014,503517,Non-hazardous [NHAZ],Waste treatment [TRT]
Portugal,2016,878976,Non-hazardous [NHAZ],Waste treatment [TRT]
Portugal,2018,935274,Non-hazardous [NHAZ],Waste treatment [TRT]
Portugal,2020,1281865,Non-hazardous [NHAZ],Waste treatment [TRT]
Portugal,2022,1465350,Non-hazardous [NHAZ],Waste treatment [TRT]
Romania,2010,879162,Non-hazardous [NHAZ],Waste treatment [TRT]
Romania,2012,786727,Non-hazardous [NHAZ],Waste treatment [TRT]
Romania,2014,656358,Non-hazardous [NHAZ],Waste treatment [TRT]
Romania,2016,1153927,Non-hazardous [NHAZ],Waste treatment [TRT]
Romania,2018,582722,Non-hazardous [NHAZ],Waste treatment [TRT]
Romania,2020,957763,Non-hazardous [NHAZ],Waste treatment [TRT]
Romania,2022,1008132,Non-hazardous [NHAZ],Waste treatment [TRT]
Slovenia,2010,682144,Non-hazardous [NHAZ],Waste treatment [TRT]
Slovenia,2012,311439,Non-hazardous [NHAZ],Waste treatment [TRT]
Slovenia,2014,522124,Non-hazardous [NHAZ],Waste treatment [TRT]
Slovenia,2016,595682,Non-hazardous [NHAZ],Waste treatment [TRT]
Slovenia,2018,1011620,Non-hazardous [NHAZ],Waste treatment [TRT]
Slovenia,2020,979195,Non-hazardous [NHAZ],Waste treatment [TRT]
Slovenia,2022,1158664,Non-hazardous [NHAZ],Waste treatment [TRT]
Slovakia,2010,483829,Non-hazardous [NHAZ],Waste treatment [TRT]
Slovakia,2012,427468,Non-hazardous [NHAZ],Waste treatment [TRT]
Slovakia,2014,423678,Non-hazardous [NHAZ],Waste treatment [TRT]
Slovakia,2016,402429,Non-hazardous [NHAZ],Waste treatment [TRT]
Slovakia,2018,348992,Non-hazardous [NHAZ],Waste treatment [TRT]
Slovakia,2020,864812,Non-hazardous [NHAZ],Waste treatment [TRT]
Slovakia,2022,1189035,Non-hazardous [NHAZ],Waste treatment [TRT]
Finland,2010,24694084,Non-hazardous [NHAZ],Waste treatment [TRT]
Finland,2012,4338928,Non-hazardous [NHAZ],Waste treatment [TRT]
Finland,2014,1679337,Non-hazardous [NHAZ],Waste treatment [TRT]
Finland,2016,1994329,Non-hazardous [NHAZ],Waste treatment [TRT]
Finland,2018,1117552,Non-hazardous [NHAZ],Waste treatment [TRT]
Finland,2020,1092666,Non-hazardous [NHAZ],Waste treatment [TRT]
Finland,2022,938807,Non-hazardous [NHAZ],Waste treatment [TRT]
Sweden,2010,784596,Non-hazardous [NHAZ],Waste treatment [TRT]
Sweden,2012,527859,Non-hazardous [NHAZ],Waste treatment [TRT]
Sweden,2014,922353,Non-hazardous [NHAZ],Waste treatment [TRT]
Sweden,2016,1418579,Non-hazardous [NHAZ],Waste treatment [TRT]
Sweden,2018,1207725,Non-hazardous [NHAZ],Waste treatment [TRT]
Sweden,2020,1625505,Non-hazardous [NHAZ],Waste treatment [TRT]
Iceland,2010,7274,Non-hazardous [NHAZ],Waste treatment [TRT]
Iceland,2012,2891,Non-hazardous [NHAZ],Waste treatment [TRT]
Iceland,2014,343182,Non-hazardous [NHAZ],Waste treatment [TRT]
Iceland,2016,474872,Non-hazardous [NHAZ],Waste treatment [TRT]
Iceland,2018,608159,Non-hazardous [NHAZ],Waste treatment [TRT]
Iceland,2020,412872,Non-hazardous [NHAZ],Waste treatment [TRT]
Iceland,2022,109851,Non-hazardous [NHAZ],Waste treatment [TRT]
Norway,2010,330928,Non-hazardous [NHAZ],Waste treatment [TRT]
Norway,2012,840152,Non-hazardous [NHAZ],Waste treatment [TRT]
Norway,2014,1782604,Non-hazardous [NHAZ],Waste treatment [TRT]
Norway,2016,2185928,Non-hazardous [NHAZ],Waste treatment [TRT]
Norway,2018,2367382,Non-hazardous [NHAZ],Waste treatment [TRT]
Norway,2020,2858944,Non-hazardous [NHAZ],Waste treatment [TRT]
Norway,2022,2544391,Non-hazardous [NHAZ],Waste treatment [TRT]
United Kingdom,2010,52931501,Non-hazardous [NHAZ],Waste treatment [TRT]
United Kingdom,2012,49723555,Non-hazardous [NHAZ],Waste treatment [TRT]
United Kingdom,2014,56035388,Non-hazardous [NHAZ],Waste treatment [TRT]
United Kingdom,2016,60128436,Non-hazardous [NHAZ],Waste treatment [TRT]
United Kingdom,2018,61512780,Non-hazardous [NHAZ],Waste treatment [TRT]
Bosnia and Herzegovina,2022,68959,Non-hazardous [NHAZ],Waste treatment [TRT]
Montenegro,2012,8360,Non-hazardous [NHAZ],Waste treatment [TRT]
Montenegro,2014,22318,Non-hazardous [NHAZ],Waste treatment [TRT]
Montenegro,2016,10085,Non-hazardous [NHAZ],Waste treatment [TRT]
Montenegro,2018,1830,Non-hazardous [NHAZ],Waste treatment [TRT]
Montenegro,2020,24110,Non-hazardous [NHAZ],Waste treatment [TRT]
Montenegro,2022,250,Non-hazardous [NHAZ],Waste treatment [TRT]
North Macedonia,2010,60,Non-hazardous [NHAZ],Waste treatment [TRT]
North Macedonia,2012,8361,Non-hazardous [NHAZ],Waste treatment [TRT]
North Macedonia,2014,7268,Non-hazardous [NHAZ],Waste treatment [TRT]
North Macedonia,2018,7873,Non-hazardous [NHAZ],Waste treatment [TRT]
North Macedonia,2020,51598,Non-hazardous [NHAZ],Waste treatment [TRT]
North Macedonia,2022,55886,Non-hazardous [NHAZ],Waste treatment [TRT]
Albania,2014,0,Non-hazardous [NHAZ],Waste treatment [TRT]
Albania,2022,42751,Non-hazardous [NHAZ],Waste treatment [TRT]
Serbia,2010,132,Non-hazardous [NHAZ],Waste treatment [TRT]
Serbia,2012,869,Non-hazardous [NHAZ],Waste treatment [TRT]
Serbia,2014,51467,Non-hazardous [NHAZ],Waste treatment [TRT]
Serbia,2016,259017,Non-hazardous [NHAZ],Waste treatment [TRT]
Serbia,2018,359094,Non-hazardous [NHAZ],Waste treatment [TRT]
Serbia,2020,449225,Non-hazardous [NHAZ],Waste treatment [TRT]
Serbia,2022,257336,Non-hazardous [NHAZ],Waste treatment [TRT]
Türkiye,2010,96513,Non-hazardous [NHAZ],Waste treatment [TRT]
Türkiye,2012,276860,Non-hazardous [NHAZ],Waste treatment [TRT]
Türkiye,2014,495891,Non-hazardous [NHAZ],Waste treatment [TRT]
Türkiye,2016,149875,Non-hazardous [NHAZ],Waste treatment [TRT]
Türkiye,2018,6509,Non-hazardous [NHAZ],Waste treatment [TRT]
Türkiye,2020,15427,Non-hazardous [NHAZ],Waste treatment [TRT]
Kosovo*,2016,0,Non-hazardous [NHAZ],Waste treatment [TRT]
Kosovo*,2020,13765,Non-hazardous [NHAZ],Waste treatment [TRT]
Kosovo*,2022,83858,Non-hazardous [NHAZ],Waste treatment [TRT]
European Union - 27 countries (from 2020),2010,58800000,Non-hazardous [NHAZ],"Disposal - landfill and other (D1-D7, D12) [DSP_L_OTH]"
European Union - 27 countries (from 2020),2012,37030000,Non-hazardous [NHAZ],"Disposal - landfill and other (D1-D7, D12) [DSP_L_OTH]"
European Union - 27 countries (from 2020),2014,28120000,Non-hazardous [NHAZ],"Disposal - landfill and other (D1-D7, D12) [DSP_L_OTH]"
European Union - 27 countries (from 2020),2016,29080000,Non-hazardous [NHAZ],"Disposal - landfill and other (D1-D7, D12) [DSP_L_OTH]"
European Union - 27 countries (from 2020),2018,30710000,Non-hazardous [NHAZ],"Disposal - landfill and other (D1-D7, D12) [DSP_L_OTH]"
European Union - 27 countries (from 2020),2020,22540000,Non-hazardous [NHAZ],"Disposal - landfill and other (D1-D7, D12) [DSP_L_OTH]"
European Union - 27 countries (from 2020),2022,22420000,Non-hazardous [NHAZ],"Disposal - landfill and other (D1-D7, D12) [DSP_L_OTH]"
European Union - 28 countries (2013-2020),2010,60870000,Non-hazardous [NHAZ],"Disposal - landfill and other (D1-D7, D12) [DSP_L_OTH]"
European Union - 28 countries (2013-2020),2012,39160000,Non-hazardous [NHAZ],"Disposal - landfill and other (D1-D7, D12) [DSP_L_OTH]"
European Union - 28 countries (2013-2020),2014,30490000,Non-hazardous [NHAZ],"Disposal - landfill and other (D1-D7, D12) [DSP_L_OTH]"
European Union - 28 countries (2013-2020),2016,31550000,Non-hazardous [NHAZ],"Disposal - landfill and other (D1-D7, D12) [DSP_L_OTH]"
European Union - 28 countries (2013-2020),2018,32200000,Non-hazardous [NHAZ],"Disposal - landfill and other (D1-D7, D12) [DSP_L_OTH]"
Belgium,2010,78351,Non-hazardous [NHAZ],"Disposal - landfill and other (D1-D7, D12) [DSP_L_OTH]"
Belgium,2012,86085,Non-hazardous [NHAZ],"Disposal - landfill and other (D1-D7, D12) [DSP_L_OTH]"
Belgium,2014,112177,Non-hazardous [NHAZ],"Disposal - landfill and other (D1-D7, D12) [DSP_L_OTH]"
Belgium,2016,20111,Non-hazardous [NHAZ],"Disposal - landfill and other (D1-D7, D12) [DSP_L_OTH]"
Belgium,2018,5057,Non-hazardous [NHAZ],"Disposal - landfill and other (D1-D7, D12) [DSP_L_OTH]"
Belgium,2020,25768,Non-hazardous [NHAZ],"Disposal - landfill and other (D1-D7, D12) [DSP_L_OTH]"
Belgium,2022,16989,Non-hazardous [NHAZ],"Disposal - landfill and other (D1-D7, D12) [DSP_L_OTH]"
Bulgaria,2010,18753,Non-hazardous [NHAZ],"Disposal - landfill and other (D1-D7, D12) [DSP_L_OTH]"
Bulgaria,2012,417739,Non-hazardous [NHAZ],"Disposal - landfill and other (D1-D7, D12) [DSP_L_OTH]"
Bulgaria,2014,29487,Non-hazardous [NHAZ],"Disposal - landfill and other (D1-D7, D12) [DSP_L_OTH]"
Bulgaria,2016,61535,Non-hazardous [NHAZ],"Disposal - landfill and other (D1-D7, D12) [DSP_L_OTH]"
Bulgaria,2018,399566,Non-hazardous [NHAZ],"Disposal - landfill and other (D1-D7, D12) [DSP_L_OTH]"
Bulgaria,2020,37105,Non-hazardous [NHAZ],"Disposal - landfill and other (D1-D7, D12) [DSP_L_OTH]"
Bulgaria,2022,39451,Non-hazardous [NHAZ],"Disposal - landfill and other (D1-D7, D12) [DSP_L_OTH]"
Czechia,2010,259297,Non-hazardous [NHAZ],"Disposal - landfill and other (D1-D7, D12) [DSP_L_OTH]"
Czechia,2012,309170,Non-hazardous [NHAZ],"Disposal - landfill and other (D1-D7, D12) [DSP_L_OTH]"
Czechia,2014,359713,Non-hazardous [NHAZ],"Disposal - landfill and other (D1-D7, D12) [DSP_L_OTH]"
Czechia,2016,409002,Non-hazardous [NHAZ],"Disposal - landfill and other (D1-D7, D12) [DSP_L_OTH]"
Czechia,2018,279798,Non-hazardous [NHAZ],"Disposal - landfill and other (D1-D7, D12) [DSP_L_OTH]"
Czechia,2020,296729,Non-hazardous [NHAZ],"Disposal - landfill and other (D1-D7, D12) [DSP_L_OTH]"
Czechia,2022,605126,Non-hazardous [NHAZ],"Disposal - landfill and other (D1-D7, D12) [DSP_L_OTH]"
Denmark,2010,115195,Non-hazardous [NHAZ],"Disposal - landfill and other (D1-D7, D12) [DSP_L_OTH]"
Denmark,2012,107753,Non-hazardous [NHAZ],"Disposal - landfill and other (D1-D7, D12) [DSP_L_OTH]"
Denmark,2014,113503,Non-hazardous [NHAZ],"Disposal - landfill and other (D1-D7, D12) [DSP_L_OTH]"
Denmark,2016,124517,Non-hazardous [NHAZ],"Disposal - landfill and other (D1-D7, D12) [DSP_L_OTH]"
Denmark,2018,25309,Non-hazardous [NHAZ],"Disposal - landfill and other (D1-D7, D12) [DSP_L_OTH]"
Denmark,2020,32456,Non-hazardous [NHAZ],"Disposal - landfill and other (D1-D7, D12) [DSP_L_OTH]"
Denmark,2022,30332,Non-hazardous [NHAZ],"Disposal - landfill and other (D1-D7, D12) [DSP_L_OTH]"
Germany,2010,2854646,Non-hazardous [NHAZ],"Disposal - landfill and other (D1-D7, D12) [DSP_L_OTH]"
Germany,2012,3659433,Non-hazardous [NHAZ],"Disposal - landfill and other (D1-D7, D12) [DSP_L_OTH]"
Germany,2020,4581800,Non-hazardous [NHAZ],"Disposal - landfill and other (D1-D7, D12) [DSP_L_OTH]"
Germany,2022,3602381,Non-hazardous [NHAZ],"Disposal - landfill and other (D1-D7, D12) [DSP_L_OTH]"
Estonia,2010,21522,Non-hazardous [NHAZ],"Disposal - landfill and other (D1-D7, D12) [DSP_L_OTH]"
Estonia,2012,19779,Non-hazardous [NHAZ],"Disposal - landfill and other (D1-D7, D12) [DSP_L_OTH]"
Estonia,2014,18052,Non-hazardous [NHAZ],"Disposal - landfill and other (D1-D7, D12) [DSP_L_OTH]"
Estonia,2016,13324,Non-hazardous [NHAZ],"Disposal - landfill and other (D1-D7, D12) [DSP_L_OTH]"
Estonia,2018,46548,Non-hazardous [NHAZ],"Disposal - landfill and other (D1-D7, D12) [DSP_L_OTH]"
Estonia,2020,48197,Non-hazardous [NHAZ],"Disposal - landfill and other (D1-D7, D12) [DSP_L_OTH]"
Estonia,2022,34619,Non-hazardous [NHAZ],"Disposal - landfill and other (D1-D7, D12) [DSP_L_OTH]"
Ireland,2010,11658,Non-hazardous [NHAZ],"Disposal - landfill and other (D1-D7, D12) [DSP_L_OTH]"
Ireland,2012,933,Non-hazardous [NHAZ],"Disposal - landfill and other (D1-D7, D12) [DSP_L_OTH]"
Ireland,2014,1048,Non-hazardous [NHAZ],"Disposal - landfill and other (D1-D7, D12) [DSP_L_OTH]"
Ireland,2016,16874,Non-hazardous [NHAZ],"Disposal - landfill and other (D1-D7, D12) [DSP_L_OTH]"
Ireland,2018,2895,Non-hazardous [NHAZ],"Disposal - landfill and other (D1-D7, D12) [DSP_L_OTH]"
Ireland,2020,26295,Non-hazardous [NHAZ],"Disposal - landfill and other (D1-D7, D12) [DSP_L_OTH]"
Ireland,2022,2536,Non-hazardous [NHAZ],"Disposal - landfill and other (D1-D7, D12) [DSP_L_OTH]"
Greece,2010,1544505,Non-hazardous [NHAZ],"Disposal - landfill and other (D1-D7, D12) [DSP_L_OTH]"
Greece,2012,601668,Non-hazardous [NHAZ],"Disposal - landfill and other (D1-D7, D12) [DSP_L_OTH]"
Greece,2014,139486,Non-hazardous [NHAZ],"Disposal - landfill and other (D1-D7, D12) [DSP_L_OTH]"
Greece,2016,16422,Non-hazardous [NHAZ],"Disposal - landfill and other (D1-D7, D12) [DSP_L_OTH]"
Greece,2018,20107,Non-hazardous [NHAZ],"Disposal - landfill and other (D1-D7, D12) [DSP_L_OTH]"
Greece,2020,0,Non-hazardous [NHAZ],"Disposal - landfill and other (D1-D7, D12) [DSP_L_OTH]"
Greece,2022,7886,Non-hazardous [NHAZ],"Disposal - landfill and other (D1-D7, D12) [DSP_L_OTH]"
Spain,2010,3966681,Non-hazardous [NHAZ],"Disposal - landfill and other (D1-D7, D12) [DSP_L_OTH]"
Spain,2012,4292972,Non-hazardous [NHAZ],"Disposal - landfill and other (D1-D7, D12) [DSP_L_OTH]"
Spain,2014,2107496,Non-hazardous [NHAZ],"Disposal - landfill and other (D1-D7, D12) [DSP_L_OTH]"
Spain,2016,1907509,Non-hazardous [NHAZ],"Disposal - landfill and other (D1-D7, D12) [DSP_L_OTH]"
Spain,2018,3632705,Non-hazardous [NHAZ],"Disposal - landfill and other (D1-D7, D12) [DSP_L_OTH]"
Spain,2020,3925075,Non-hazardous [NHAZ],"Disposal - landfill and other (D1-D7, D12) [DSP_L_OTH]"
Spain,2022,3671977,Non-hazardous [NHAZ],"Disposal - landfill and other (D1-D7, D12) [DSP_L_OTH]"
France,2010,21903420,Non-hazardous [NHAZ],"Disposal - landfill and other (D1-D7, D12) [DSP_L_OTH]"
France,2012,20808249,Non-hazardous [NHAZ],"Disposal - landfill and other (D1-D7, D12) [DSP_L_OTH]"
France,2014,17546559,Non-hazardous [NHAZ],"Disposal - landfill and other (D1-D7, D12) [DSP_L_OTH]"
France,2016,18642188,Non-hazardous [NHAZ],"Disposal - landfill and other (D1-D7, D12) [DSP_L_OTH]"
France,2018,18484467,Non-hazardous [NHAZ],"Disposal - landfill and other (D1-D7, D12) [DSP_L_OTH]"
France,2020,9538991,Non-hazardous [NHAZ],"Disposal - landfill and other (D1-D7, D12) [DSP_L_OTH]"
France,2022,10899998,Non-hazardous [NHAZ],"Disposal - landfill and other (D1-D7, D12) [DSP_L_OTH]"
Croatia,2010,40333,Non-hazardous [NHAZ],"Disposal - landfill and other (D1-D7, D12) [DSP_L_OTH]"
Croatia,2012,121345,Non-hazardous [NHAZ],"Disposal - landfill and other (D1-D7, D12) [DSP_L_OTH]"
Croatia,2014,86801,Non-hazardous [NHAZ],"Disposal - landfill and other (D1-D7, D12) [DSP_L_OTH]"
Croatia,2016,105982,Non-hazardous [NHAZ],"Disposal - landfill and other (D1-D7, D12) [DSP_L_OTH]"
Croatia,2018,68257,Non-hazardous [NHAZ],"Disposal - landfill and other (D1-D7, D12) [DSP_L_OTH]"
Croatia,2020,46954,Non-hazardous [NHAZ],"Disposal - landfill and other (D1-D7, D12) [DSP_L_OTH]"
Croatia,2022,57445,Non-hazardous [NHAZ],"Disposal - landfill and other (D1-D7, D12) [DSP_L_OTH]"
Italy,2010,961921,Non-hazardous [NHAZ],"Disposal - landfill and other (D1-D7, D12) [DSP_L_OTH]"
Italy,2012,891114,Non-hazardous [NHAZ],"Disposal - landfill and other (D1-D7, D12) [DSP_L_OTH]"
Italy,2014,1007178,Non-hazardous [NHAZ],"Disposal - landfill and other (D1-D7, D12) [DSP_L_OTH]"
Italy,2016,710493,Non-hazardous [NHAZ],"Disposal - landfill and other (D1-D7, D12) [DSP_L_OTH]"
Italy,2018,709667,Non-hazardous [NHAZ],"Disposal - landfill and other (D1-D7, D12) [DSP_L_OTH]"
Italy,2020,856979,Non-hazardous [NHAZ],"Disposal - landfill and other (D1-D7, D12) [DSP_L_OTH]"
Italy,2022,737216,Non-hazardous [NHAZ],"Disposal - landfill and other (D1-D7, D12) [DSP_L_OTH]"
Cyprus,2010,148360,Non-hazardous [NHAZ],"Disposal - landfill and other (D1-D7, D12) [DSP_L_OTH]"
Cyprus,2012,54801,Non-hazardous [NHAZ],"Disposal - landfill and other (D1-D7, D12) [DSP_L_OTH]"
Cyprus,2014,68949,Non-hazardous [NHAZ],"Disposal - landfill and other (D1-D7, D12) [DSP_L_OTH]"
Cyprus,2016,80271,Non-hazardous [NHAZ],"Disposal - landfill and other (D1-D7, D12) [DSP_L_OTH]"
Cyprus,2018,79159,Non-hazardous [NHAZ],"Disposal - landfill and other (D1-D7, D12) [DSP_L_OTH]"
Cyprus,2020,53830,Non-hazardous [NHAZ],"Disposal - landfill and other (D1-D7, D12) [DSP_L_OTH]"
Cyprus,2022,17718,Non-hazardous [NHAZ],"Disposal - landfill and other (D1-D7, D12) [DSP_L_OTH]"
Latvia,2010,13441,Non-hazardous [NHAZ],"Disposal - landfill and other (D1-D7, D12) [DSP_L_OTH]"
Latvia,2012,6708,Non-hazardous [NHAZ],"Disposal - landfill and other (D1-D7, D12) [DSP_L_OTH]"
Latvia,2014,9588,Non-hazardous [NHAZ],"Disposal - landfill and other (D1-D7, D12) [DSP_L_OTH]"
Latvia,2016,2616,Non-hazardous [NHAZ],"Disposal - landfill and other (D1-D7, D12) [DSP_L_OTH]"
Latvia,2018,13841,Non-hazardous [NHAZ],"Disposal - landfill and other (D1-D7, D12) [DSP_L_OTH]"
Latvia,2020,3041,Non-hazardous [NHAZ],"Disposal - landfill and other (D1-D7, D12) [DSP_L_OTH]"
Latvia,2022,27382,Non-hazardous [NHAZ],"Disposal - landfill and other (D1-D7, D12) [DSP_L_OTH]"
Lithuania,2010,86034,Non-hazardous [NHAZ],"Disposal - landfill and other (D1-D7, D12) [DSP_L_OTH]"
Lithuania,2012,52591,Non-hazardous [NHAZ],"Disposal - landfill and other (D1-D7, D12) [DSP_L_OTH]"
Lithuania,2014,44989,Non-hazardous [NHAZ],"Disposal - landfill and other (D1-D7, D12) [DSP_L_OTH]"
Lithuania,2016,25637,Non-hazardous [NHAZ],"Disposal - landfill and other (D1-D7, D12) [DSP_L_OTH]"
Lithuania,2018,9588,Non-hazardous [NHAZ],"Disposal - landfill and other (D1-D7, D12) [DSP_L_OTH]"
Lithuania,2020,14978,Non-hazardous [NHAZ],"Disposal - landfill and other (D1-D7, D12) [DSP_L_OTH]"
Lithuania,2022,18231,Non-hazardous [NHAZ],"Disposal - landfill and other (D1-D7, D12) [DSP_L_OTH]"
Luxembourg,2010,10749,Non-hazardous [NHAZ],"Disposal - landfill and other (D1-D7, D12) [DSP_L_OTH]"
Luxembourg,2012,7012,Non-hazardous [NHAZ],"Disposal - landfill and other (D1-D7, D12) [DSP_L_OTH]"
Luxembourg,2014,8494,Non-hazardous [NHAZ],"Disposal - landfill and other (D1-D7, D12) [DSP_L_OTH]"
Luxembourg,2016,1649,Non-hazardous [NHAZ],"Disposal - landfill and other (D1-D7, D12) [DSP_L_OTH]"
Luxembourg,2018,7594,Non-hazardous [NHAZ],"Disposal - landfill and other (D1-D7, D12) [DSP_L_OTH]"
Luxembourg,2020,5713,Non-hazardous [NHAZ],"Disposal - landfill and other (D1-D7, D12) [DSP_L_OTH]"
Luxembourg,2022,6306,Non-hazardous [NHAZ],"Disposal - landfill and other (D1-D7, D12) [DSP_L_OTH]"
Hungary,2010,924651,Non-hazardous [NHAZ],"Disposal - landfill and other (D1-D7, D12) [DSP_L_OTH]"
Hungary,2012,475744,Non-hazardous [NHAZ],"Disposal - landfill and other (D1-D7, D12) [DSP_L_OTH]"
Hungary,2014,327447,Non-hazardous [NHAZ],"Disposal - landfill and other (D1-D7, D12) [DSP_L_OTH]"
Hungary,2016,32376,Non-hazardous [NHAZ],"Disposal - landfill and other (D1-D7, D12) [DSP_L_OTH]"
Hungary,2018,38244,Non-hazardous [NHAZ],"Disposal - landfill and other (D1-D7, D12) [DSP_L_OTH]"
Hungary,2020,69436,Non-hazardous [NHAZ],"Disposal - landfill and other (D1-D7, D12) [DSP_L_OTH]"
Hungary,2022,44878,Non-hazardous [NHAZ],"Disposal - landfill and other (D1-D7, D12) [DSP_L_OTH]"
Malta,2010,636638,Non-hazardous [NHAZ],"Disposal - landfill and other (D1-D7, D12) [DSP_L_OTH]"
Malta,2012,1536,Non-hazardous [NHAZ],"Disposal - landfill and other (D1-D7, D12) [DSP_L_OTH]"
Malta,2014,1325,Non-hazardous [NHAZ],"Disposal - landfill and other (D1-D7, D12) [DSP_L_OTH]"
Malta,2016,260,Non-hazardous [NHAZ],"Disposal - landfill and other (D1-D7, D12) [DSP_L_OTH]"
Malta,2018,167,Non-hazardous [NHAZ],"Disposal - landfill and other (D1-D7, D12) [DSP_L_OTH]"
Malta,2020,12,Non-hazardous [NHAZ],"Disposal - landfill and other (D1-D7, D12) [DSP_L_OTH]"
Malta,2022,4,Non-hazardous [NHAZ],"Disposal - landfill and other (D1-D7, D12) [DSP_L_OTH]"
Netherlands,2010,12446,Non-hazardous [NHAZ],"Disposal - landfill and other (D1-D7, D12) [DSP_L_OTH]"
Netherlands,2012,11538,Non-hazardous [NHAZ],"Disposal - landfill and other (D1-D7, D12) [DSP_L_OTH]"
Netherlands,2014,11324,Non-hazardous [NHAZ],"Disposal - landfill and other (D1-D7, D12) [DSP_L_OTH]"
Netherlands,2016,30524,Non-hazardous [NHAZ],"Disposal - landfill and other (D1-D7, D12) [DSP_L_OTH]"
Netherlands,2018,17925,Non-hazardous [NHAZ],"Disposal - landfill and other (D1-D7, D12) [DSP_L_OTH]"
Netherlands,2020,16795,Non-hazardous [NHAZ],"Disposal - landfill and other (D1-D7, D12) [DSP_L_OTH]"
Netherlands,2022,52826,Non-hazardous [NHAZ],"Disposal - landfill and other (D1-D7, D12) [DSP_L_OTH]"
Austria,2010,487481,Non-hazardous [NHAZ],"Disposal - landfill and other (D1-D7, D12) [DSP_L_OTH]"
Austria,2012,499809,Non-hazardous [NHAZ],"Disposal - landfill and other (D1-D7, D12) [DSP_L_OTH]"
Austria,2014,576123,Non-hazardous [NHAZ],"Disposal - landfill and other (D1-D7, D12) [DSP_L_OTH]"
Austria,2016,1237573,Non-hazardous [NHAZ],"Disposal - landfill and other (D1-D7, D12) [DSP_L_OTH]"
Austria,2018,1094654,Non-hazardous [NHAZ],"Disposal - landfill and other (D1-D7, D12) [DSP_L_OTH]"
Austria,2020,952676,Non-hazardous [NHAZ],"Disposal - landfill and other (D1-D7, D12) [DSP_L_OTH]"
Austria,2022,1052528,Non-hazardous [NHAZ],"Disposal - landfill and other (D1-D7, D12) [DSP_L_OTH]"
Poland,2010,234344,Non-hazardous [NHAZ],"Disposal - landfill and other (D1-D7, D12) [DSP_L_OTH]"
Poland,2012,232881,Non-hazardous [NHAZ],"Disposal - landfill and other (D1-D7, D12) [DSP_L_OTH]"
Poland,2014,213484,Non-hazardous [NHAZ],"Disposal - landfill and other (D1-D7, D12) [DSP_L_OTH]"
Poland,2016,335745,Non-hazardous [NHAZ],"Disposal - landfill and other (D1-D7, D12) [DSP_L_OTH]"
Poland,2018,699496,Non-hazardous [NHAZ],"Disposal - landfill and other (D1-D7, D12) [DSP_L_OTH]"
Poland,2020,1263695,Non-hazardous [NHAZ],"Disposal - landfill and other (D1-D7, D12) [DSP_L_OTH]"
Poland,2022,869591,Non-hazardous [NHAZ],"Disposal - landfill and other (D1-D7, D12) [DSP_L_OTH]"
Portugal,2010,215556,Non-hazardous [NHAZ],"Disposal - landfill and other (D1-D7, D12) [DSP_L_OTH]"
Portugal,2012,92128,Non-hazardous [NHAZ],"Disposal - landfill and other (D1-D7, D12) [DSP_L_OTH]"
Portugal,2014,26520,Non-hazardous [NHAZ],"Disposal - landfill and other (D1-D7, D12) [DSP_L_OTH]"
Portugal,2016,28871,Non-hazardous [NHAZ],"Disposal - landfill and other (D1-D7, D12) [DSP_L_OTH]"
Portugal,2018,68898,Non-hazardous [NHAZ],"Disposal - landfill and other (D1-D7, D12) [DSP_L_OTH]"
Portugal,2020,60607,Non-hazardous [NHAZ],"Disposal - landfill and other (D1-D7, D12) [DSP_L_OTH]"
Portugal,2022,37725,Non-hazardous [NHAZ],"Disposal - landfill and other (D1-D7, D12) [DSP_L_OTH]"
Romania,2010,465789,Non-hazardous [NHAZ],"Disposal - landfill and other (D1-D7, D12) [DSP_L_OTH]"
Romania,2012,257367,Non-hazardous [NHAZ],"Disposal - landfill and other (D1-D7, D12) [DSP_L_OTH]"
Romania,2014,232799,Non-hazardous [NHAZ],"Disposal - landfill and other (D1-D7, D12) [DSP_L_OTH]"
Romania,2016,173290,Non-hazardous [NHAZ],"Disposal - landfill and other (D1-D7, D12) [DSP_L_OTH]"
Romania,2018,150373,Non-hazardous [NHAZ],"Disposal - landfill and other (D1-D7, D12) [DSP_L_OTH]"
Romania,2020,117111,Non-hazardous [NHAZ],"Disposal - landfill and other (D1-D7, D12) [DSP_L_OTH]"
Romania,2022,138557,Non-hazardous [NHAZ],"Disposal - landfill and other (D1-D7, D12) [DSP_L_OTH]"
Slovenia,2010,41008,Non-hazardous [NHAZ],"Disposal - landfill and other (D1-D7, D12) [DSP_L_OTH]"
Slovenia,2012,23144,Non-hazardous [NHAZ],"Disposal - landfill and other (D1-D7, D12) [DSP_L_OTH]"
Slovenia,2014,12611,Non-hazardous [NHAZ],"Disposal - landfill and other (D1-D7, D12) [DSP_L_OTH]"
Slovenia,2016,13682,Non-hazardous [NHAZ],"Disposal - landfill and other (D1-D7, D12) [DSP_L_OTH]"
Slovenia,2018,15905,Non-hazardous [NHAZ],"Disposal - landfill and other (D1-D7, D12) [DSP_L_OTH]"
Slovenia,2020,28310,Non-hazardous [NHAZ],"Disposal - landfill and other (D1-D7, D12) [DSP_L_OTH]"
Slovenia,2022,35199,Non-hazardous [NHAZ],"Disposal - landfill and other (D1-D7, D12) [DSP_L_OTH]"
Slovakia,2010,257470,Non-hazardous [NHAZ],"Disposal - landfill and other (D1-D7, D12) [DSP_L_OTH]"
Slovakia,2012,264896,Non-hazardous [NHAZ],"Disposal - landfill and other (D1-D7, D12) [DSP_L_OTH]"
Slovakia,2014,192212,Non-hazardous [NHAZ],"Disposal - landfill and other (D1-D7, D12) [DSP_L_OTH]"
Slovakia,2016,185102,Non-hazardous [NHAZ],"Disposal - landfill and other (D1-D7, D12) [DSP_L_OTH]"
Slovakia,2018,170995,Non-hazardous [NHAZ],"Disposal - landfill and other (D1-D7, D12) [DSP_L_OTH]"
Slovakia,2020,161293,Non-hazardous [NHAZ],"Disposal - landfill and other (D1-D7, D12) [DSP_L_OTH]"
Slovakia,2022,73161,Non-hazardous [NHAZ],"Disposal - landfill and other (D1-D7, D12) [DSP_L_OTH]"
Finland,2010,23308845,Non-hazardous [NHAZ],"Disposal - landfill and other (D1-D7, D12) [DSP_L_OTH]"
Finland,2012,3645000,Non-hazardous [NHAZ],"Disposal - landfill and other (D1-D7, D12) [DSP_L_OTH]"
Finland,2014,115075,Non-hazardous [NHAZ],"Disposal - landfill and other (D1-D7, D12) [DSP_L_OTH]"
Finland,2016,76624,Non-hazardous [NHAZ],"Disposal - landfill and other (D1-D7, D12) [DSP_L_OTH]"
Finland,2018,51983,Non-hazardous [NHAZ],"Disposal - landfill and other (D1-D7, D12) [DSP_L_OTH]"
Finland,2020,62233,Non-hazardous [NHAZ],"Disposal - landfill and other (D1-D7, D12) [DSP_L_OTH]"
Finland,2022,67130,Non-hazardous [NHAZ],"Disposal - landfill and other (D1-D7, D12) [DSP_L_OTH]"
Sweden,2010,175937,Non-hazardous [NHAZ],"Disposal - landfill and other (D1-D7, D12) [DSP_L_OTH]"
Sweden,2012,87519,Non-hazardous [NHAZ],"Disposal - landfill and other (D1-D7, D12) [DSP_L_OTH]"
Sweden,2014,413161,Non-hazardous [NHAZ],"Disposal - landfill and other (D1-D7, D12) [DSP_L_OTH]"
Sweden,2016,337830,Non-hazardous [NHAZ],"Disposal - landfill and other (D1-D7, D12) [DSP_L_OTH]"
Sweden,2018,74598,Non-hazardous [NHAZ],"Disposal - landfill and other (D1-D7, D12) [DSP_L_OTH]"
Sweden,2020,309549,Non-hazardous [NHAZ],"Disposal - landfill and other (D1-D7, D12) [DSP_L_OTH]"
Sweden,2022,275546,Non-hazardous [NHAZ],"Disposal - landfill and other (D1-D7, D12) [DSP_L_OTH]"
Iceland,2010,1834,Non-hazardous [NHAZ],"Disposal - landfill and other (D1-D7, D12) [DSP_L_OTH]"
Iceland,2012,0,Non-hazardous [NHAZ],"Disposal - landfill and other (D1-D7, D12) [DSP_L_OTH]"
Iceland,2014,4626,Non-hazardous [NHAZ],"Disposal - landfill and other (D1-D7, D12) [DSP_L_OTH]"
Iceland,2016,3386,Non-hazardous [NHAZ],"Disposal - landfill and other (D1-D7, D12) [DSP_L_OTH]"
Iceland,2018,7825,Non-hazardous [NHAZ],"Disposal - landfill and other (D1-D7, D12) [DSP_L_OTH]"
Iceland,2020,5298,Non-hazardous [NHAZ],"Disposal - landfill and other (D1-D7, D12) [DSP_L_OTH]"
Iceland,2022,3239,Non-hazardous [NHAZ],"Disposal - landfill and other (D1-D7, D12) [DSP_L_OTH]"
Norway,2010,184593,Non-hazardous [NHAZ],"Disposal - landfill and other (D1-D7, D12) [DSP_L_OTH]"
Norway,2012,208967,Non-hazardous [NHAZ],"Disposal - landfill and other (D1-D7, D12) [DSP_L_OTH]"
Norway,2014,415050,Non-hazardous [NHAZ],"Disposal - landfill and other (D1-D7, D12) [DSP_L_OTH]"
Norway,2016,623819,Non-hazardous [NHAZ],"Disposal - landfill and other (D1-D7, D12) [DSP_L_OTH]"
Norway,2018,864565,Non-hazardous [NHAZ],"Disposal - landfill and other (D1-D7, D12) [DSP_L_OTH]"
Norway,2020,1020875,Non-hazardous [NHAZ],"Disposal - landfill and other (D1-D7, D12) [DSP_L_OTH]"
Norway,2022,741842,Non-hazardous [NHAZ],"Disposal - landfill and other (D1-D7, D12) [DSP_L_OTH]"
United Kingdom,2010,2072397,Non-hazardous [NHAZ],"Disposal - landfill and other (D1-D7, D12) [DSP_L_OTH]"
United Kingdom,2012,2126691,Non-hazardous [NHAZ],"Disposal - landfill and other (D1-D7, D12) [DSP_L_OTH]"
United Kingdom,2014,2367263,Non-hazardous [NHAZ],"Disposal - landfill and other (D1-D7, D12) [DSP_L_OTH]"
United Kingdom,2016,2463557,Non-hazardous [NHAZ],"Disposal - landfill and other (D1-D7, D12) [DSP_L_OTH]"
United Kingdom,2018,1493847,Non-hazardous [NHAZ],"Disposal - landfill and other (D1-D7, D12) [DSP_L_OTH]"
Bosnia and Herzegovina,2022,68864,Non-hazardous [NHAZ],"Disposal - landfill and other (D1-D7, D12) [DSP_L_OTH]"
Montenegro,2012,8360,Non-hazardous [NHAZ],"Disposal - landfill and other (D1-D7, D12) [DSP_L_OTH]"
Montenegro,2014,22318,Non-hazardous [NHAZ],"Disposal - landfill and other (D1-D7, D12) [DSP_L_OTH]"
Montenegro,2016,10085,Non-hazardous [NHAZ],"Disposal - landfill and other (D1-D7, D12) [DSP_L_OTH]"
Montenegro,2018,1830,Non-hazardous [NHAZ],"Disposal - landfill and other (D1-D7, D12) [DSP_L_OTH]"
Montenegro,2020,23770,Non-hazardous [NHAZ],"Disposal - landfill and other (D1-D7, D12) [DSP_L_OTH]"
Montenegro,2022,234,Non-hazardous [NHAZ],"Disposal - landfill and other (D1-D7, D12) [DSP_L_OTH]"
North Macedonia,2010,60,Non-hazardous [NHAZ],"Disposal - landfill and other (D1-D7, D12) [DSP_L_OTH]"
North Macedonia,2012,8361,Non-hazardous [NHAZ],"Disposal - landfill and other (D1-D7, D12) [DSP_L_OTH]"
North Macedonia,2014,7268,Non-hazardous [NHAZ],"Disposal - landfill and other (D1-D7, D12) [DSP_L_OTH]"
North Macedonia,2018,0,Non-hazardous [NHAZ],"Disposal - landfill and other (D1-D7, D12) [DSP_L_OTH]"
North Macedonia,2020,51598,Non-hazardous [NHAZ],"Disposal - landfill and other (D1-D7, D12) [DSP_L_OTH]"
North Macedonia,2022,55886,Non-hazardous [NHAZ],"Disposal - landfill and other (D1-D7, D12) [DSP_L_OTH]"
Serbia,2010,125,Non-hazardous [NHAZ],"Disposal - landfill and other (D1-D7, D12) [DSP_L_OTH]"
Serbia,2012,870,Non-hazardous [NHAZ],"Disposal - landfill and other (D1-D7, D12) [DSP_L_OTH]"
Serbia,2014,49953,Non-hazardous [NHAZ],"Disposal - landfill and other (D1-D7, D12) [DSP_L_OTH]"
Serbia,2016,52453,Non-hazardous [NHAZ],"Disposal - landfill and other (D1-D7, D12) [DSP_L_OTH]"
Serbia,2018,69741,Non-hazardous [NHAZ],"Disposal - landfill and other (D1-D7, D12) [DSP_L_OTH]"
Serbia,2020,58481,Non-hazardous [NHAZ],"Disposal - landfill and other (D1-D7, D12) [DSP_L_OTH]"
Serbia,2022,47863,Non-hazardous [NHAZ],"Disposal - landfill and other (D1-D7, D12) [DSP_L_OTH]"
Türkiye,2012,219989,Non-hazardous [NHAZ],"Disposal - landfill and other (D1-D7, D12) [DSP_L_OTH]"
Kosovo*,2016,0,Non-hazardous [NHAZ],"Disposal - landfill and other (D1-D7, D12) [DSP_L_OTH]"
Kosovo*,2020,12447,Non-hazardous [NHAZ],"Disposal - landfill and other (D1-D7, D12) [DSP_L_OTH]"
Kosovo*,2022,705,Non-hazardous [NHAZ],"Disposal - landfill and other (D1-D7, D12) [DSP_L_OTH]"
European Union - 27 countries (from 2020),2010,58790000,Non-hazardous [NHAZ],"Disposal - landfill (D1, D5, D12) [DSP_L]"
European Union - 27 countries (from 2020),2012,36830000,Non-hazardous [NHAZ],"Disposal - landfill (D1, D5, D12) [DSP_L]"
European Union - 27 countries (from 2020),2014,28100000,Non-hazardous [NHAZ],"Disposal - landfill (D1, D5, D12) [DSP_L]"
European Union - 27 countries (from 2020),2016,29080000,Non-hazardous [NHAZ],"Disposal - landfill (D1, D5, D12) [DSP_L]"
European Union - 27 countries (from 2020),2018,30700000,Non-hazardous [NHAZ],"Disposal - landfill (D1, D5, D12) [DSP_L]"
European Union - 27 countries (from 2020),2020,22530000,Non-hazardous [NHAZ],"Disposal - landfill (D1, D5, D12) [DSP_L]"
European Union - 27 countries (from 2020),2022,22420000,Non-hazardous [NHAZ],"Disposal - landfill (D1, D5, D12) [DSP_L]"
European Union - 28 countries (2013-2020),2010,60860000,Non-hazardous [NHAZ],"Disposal - landfill (D1, D5, D12) [DSP_L]"
European Union - 28 countries (2013-2020),2012,38950000,Non-hazardous [NHAZ],"Disposal - landfill (D1, D5, D12) [DSP_L]"
European Union - 28 countries (2013-2020),2014,30470000,Non-hazardous [NHAZ],"Disposal - landfill (D1, D5, D12) [DSP_L]"
European Union - 28 countries (2013-2020),2016,31540000,Non-hazardous [NHAZ],"Disposal - landfill (D1, D5, D12) [DSP_L]"
European Union - 28 countries (2013-2020),2018,32190000,Non-hazardous [NHAZ],"Disposal - landfill (D1, D5, D12) [DSP_L]"
Belgium,2010,78351,Non-hazardous [NHAZ],"Disposal - landfill (D1, D5, D12) [DSP_L]"
Belgium,2012,86085,Non-hazardous [NHAZ],"Disposal - landfill (D1, D5, D12) [DSP_L]"
Belgium,2014,112177,Non-hazardous [NHAZ],"Disposal - landfill (D1, D5, D12) [DSP_L]"
Belgium,2016,20111,Non-hazardous [NHAZ],"Disposal - landfill (D1, D5, D12) [DSP_L]"
Belgium,2018,5057,Non-hazardous [NHAZ],"Disposal - landfill (D1, D5, D12) [DSP_L]"
Belgium,2020,25768,Non-hazardous [NHAZ],"Disposal - landfill (D1, D5, D12) [DSP_L]"
Belgium,2022,16989,Non-hazardous [NHAZ],"Disposal - landfill (D1, D5, D12) [DSP_L]"
Bulgaria,2010,18736,Non-hazardous [NHAZ],"Disposal - landfill (D1, D5, D12) [DSP_L]"
Bulgaria,2012,417739,Non-hazardous [NHAZ],"Disposal - landfill (D1, D5, D12) [DSP_L]"
Bulgaria,2014,29487,Non-hazardous [NHAZ],"Disposal - landfill (D1, D5, D12) [DSP_L]"
Bulgaria,2016,61535,Non-hazardous [NHAZ],"Disposal - landfill (D1, D5, D12) [DSP_L]"
Bulgaria,2018,399560,Non-hazardous [NHAZ],"Disposal - landfill (D1, D5, D12) [DSP_L]"
Bulgaria,2020,37105,Non-hazardous [NHAZ],"Disposal - landfill (D1, D5, D12) [DSP_L]"
Bulgaria,2022,39451,Non-hazardous [NHAZ],"Disposal - landfill (D1, D5, D12) [DSP_L]"
Czechia,2010,259297,Non-hazardous [NHAZ],"Disposal - landfill (D1, D5, D12) [DSP_L]"
Czechia,2012,309170,Non-hazardous [NHAZ],"Disposal - landfill (D1, D5, D12) [DSP_L]"
Czechia,2014,359713,Non-hazardous [NHAZ],"Disposal - landfill (D1, D5, D12) [DSP_L]"
Czechia,2016,409002,Non-hazardous [NHAZ],"Disposal - landfill (D1, D5, D12) [DSP_L]"
Czechia,2018,279798,Non-hazardous [NHAZ],"Disposal - landfill (D1, D5, D12) [DSP_L]"
Czechia,2020,296729,Non-hazardous [NHAZ],"Disposal - landfill (D1, D5, D12) [DSP_L]"
Czechia,2022,605126,Non-hazardous [NHAZ],"Disposal - landfill (D1, D5, D12) [DSP_L]"
Denmark,2010,115195,Non-hazardous [NHAZ],"Disposal - landfill (D1, D5, D12) [DSP_L]"
Denmark,2012,107753,Non-hazardous [NHAZ],"Disposal - landfill (D1, D5, D12) [DSP_L]"
Denmark,2014,113503,Non-hazardous [NHAZ],"Disposal - landfill (D1, D5, D12) [DSP_L]"
Denmark,2016,124517,Non-hazardous [NHAZ],"Disposal - landfill (D1, D5, D12) [DSP_L]"
Denmark,2018,25229,Non-hazardous [NHAZ],"Disposal - landfill (D1, D5, D12) [DSP_L]"
Denmark,2020,32456,Non-hazardous [NHAZ],"Disposal - landfill (D1, D5, D12) [DSP_L]"
Denmark,2022,30332,Non-hazardous [NHAZ],"Disposal - landfill (D1, D5, D12) [DSP_L]"
Germany,2010,2852112,Non-hazardous [NHAZ],"Disposal - landfill (D1, D5, D12) [DSP_L]"
Germany,2012,3657575,Non-hazardous [NHAZ],"Disposal - landfill (D1, D5, D12) [DSP_L]"
Germany,2014,4323031,Non-hazardous [NHAZ],"Disposal - landfill (D1, D5, D12) [DSP_L]"
Germany,2016,4489521,Non-hazardous [NHAZ],"Disposal - landfill (D1, D5, D12) [DSP_L]"
Germany,2018,4529482,Non-hazardous [NHAZ],"Disposal - landfill (D1, D5, D12) [DSP_L]"
Germany,2020,4580607,Non-hazardous [NHAZ],"Disposal - landfill (D1, D5, D12) [DSP_L]"
Germany,2022,3598631,Non-hazardous [NHAZ],"Disposal - landfill (D1, D5, D12) [DSP_L]"
Estonia,2010,21522,Non-hazardous [NHAZ],"Disposal - landfill (D1, D5, D12) [DSP_L]"
Estonia,2012,19779,Non-hazardous [NHAZ],"Disposal - landfill (D1, D5, D12) [DSP_L]"
Estonia,2014,18052,Non-hazardous [NHAZ],"Disposal - landfill (D1, D5, D12) [DSP_L]"
Estonia,2016,13324,Non-hazardous [NHAZ],"Disposal - landfill (D1, D5, D12) [DSP_L]"
Estonia,2018,46548,Non-hazardous [NHAZ],"Disposal - landfill (D1, D5, D12) [DSP_L]"
Estonia,2020,48197,Non-hazardous [NHAZ],"Disposal - landfill (D1, D5, D12) [DSP_L]"
Estonia,2022,34619,Non-hazardous [NHAZ],"Disposal - landfill (D1, D5, D12) [DSP_L]"
Ireland,2010,11658,Non-hazardous [NHAZ],"Disposal - landfill (D1, D5, D12) [DSP_L]"
Ireland,2012,933,Non-hazardous [NHAZ],"Disposal - landfill (D1, D5, D12) [DSP_L]"
Ireland,2014,1048,Non-hazardous [NHAZ],"Disposal - landfill (D1, D5, D12) [DSP_L]"
Ireland,2016,16874,Non-hazardous [NHAZ],"Disposal - landfill (D1, D5, D12) [DSP_L]"
Ireland,2018,2895,Non-hazardous [NHAZ],"Disposal - landfill (D1, D5, D12) [DSP_L]"
Ireland,2020,26295,Non-hazardous [NHAZ],"Disposal - landfill (D1, D5, D12) [DSP_L]"
Ireland,2022,2536,Non-hazardous [NHAZ],"Disposal - landfill (D1, D5, D12) [DSP_L]"
Greece,2010,1544505,Non-hazardous [NHAZ],"Disposal - landfill (D1, D5, D12) [DSP_L]"
Greece,2012,601668,Non-hazardous [NHAZ],"Disposal - landfill (D1, D5, D12) [DSP_L]"
Greece,2014,139486,Non-hazardous [NHAZ],"Disposal - landfill (D1, D5, D12) [DSP_L]"
Greece,2016,16422,Non-hazardous [NHAZ],"Disposal - landfill (D1, D5, D12) [DSP_L]"
Greece,2018,20107,Non-hazardous [NHAZ],"Disposal - landfill (D1, D5, D12) [DSP_L]"
Greece,2020,0,Non-hazardous [NHAZ],"Disposal - landfill (D1, D5, D12) [DSP_L]"
Greece,2022,7886,Non-hazardous [NHAZ],"Disposal - landfill (D1, D5, D12) [DSP_L]"
Spain,2010,3966681,Non-hazardous [NHAZ],"Disposal - landfill (D1, D5, D12) [DSP_L]"
Spain,2012,4092944,Non-hazardous [NHAZ],"Disposal - landfill (D1, D5, D12) [DSP_L]"
Spain,2014,2107496,Non-hazardous [NHAZ],"Disposal - landfill (D1, D5, D12) [DSP_L]"
Spain,2016,1907509,Non-hazardous [NHAZ],"Disposal - landfill (D1, D5, D12) [DSP_L]"
Spain,2018,3632705,Non-hazardous [NHAZ],"Disposal - landfill (D1, D5, D12) [DSP_L]"
Spain,2020,3925075,Non-hazardous [NHAZ],"Disposal - landfill (D1, D5, D12) [DSP_L]"
Spain,2022,3671977,Non-hazardous [NHAZ],"Disposal - landfill (D1, D5, D12) [DSP_L]"
France,2010,21903420,Non-hazardous [NHAZ],"Disposal - landfill (D1, D5, D12) [DSP_L]"
France,2012,20808249,Non-hazardous [NHAZ],"Disposal - landfill (D1, D5, D12) [DSP_L]"
France,2014,17546559,Non-hazardous [NHAZ],"Disposal - landfill (D1, D5, D12) [DSP_L]"
France,2016,18642188,Non-hazardous [NHAZ],"Disposal - landfill (D1, D5, D12) [DSP_L]"
France,2018,18484467,Non-hazardous [NHAZ],"Disposal - landfill (D1, D5, D12) [DSP_L]"
France,2020,9538991,Non-hazardous [NHAZ],"Disposal - landfill (D1, D5, D12) [DSP_L]"
France,2022,10899998,Non-hazardous [NHAZ],"Disposal - landfill (D1, D5, D12) [DSP_L]"
Croatia,2010,40333,Non-hazardous [NHAZ],"Disposal - landfill (D1, D5, D12) [DSP_L]"
Croatia,2012,121345,Non-hazardous [NHAZ],"Disposal - landfill (D1, D5, D12) [DSP_L]"
Croatia,2014,86801,Non-hazardous [NHAZ],"Disposal - landfill (D1, D5, D12) [DSP_L]"
Croatia,2016,105982,Non-hazardous [NHAZ],"Disposal - landfill (D1, D5, D12) [DSP_L]"
Croatia,2018,68257,Non-hazardous [NHAZ],"Disposal - landfill (D1, D5, D12) [DSP_L]"
Croatia,2020,46954,Non-hazardous [NHAZ],"Disposal - landfill (D1, D5, D12) [DSP_L]"
Croatia,2022,57445,Non-hazardous [NHAZ],"Disposal - landfill (D1, D5, D12) [DSP_L]"
Italy,2010,961921,Non-hazardous [NHAZ],"Disposal - landfill (D1, D5, D12) [DSP_L]"
Italy,2012,890739,Non-hazardous [NHAZ],"Disposal - landfill (D1, D5, D12) [DSP_L]"
Italy,2014,1007178,Non-hazardous [NHAZ],"Disposal - landfill (D1, D5, D12) [DSP_L]"
Italy,2016,710493,Non-hazardous [NHAZ],"Disposal - landfill (D1, D5, D12) [DSP_L]"
Italy,2018,709667,Non-hazardous [NHAZ],"Disposal - landfill (D1, D5, D12) [DSP_L]"
Italy,2020,856979,Non-hazardous [NHAZ],"Disposal - landfill (D1, D5, D12) [DSP_L]"
Italy,2022,737216,Non-hazardous [NHAZ],"Disposal - landfill (D1, D5, D12) [DSP_L]"
Cyprus,2010,148360,Non-hazardous [NHAZ],"Disposal - landfill (D1, D5, D12) [DSP_L]"
Cyprus,2012,54801,Non-hazardous [NHAZ],"Disposal - landfill (D1, D5, D12) [DSP_L]"
Cyprus,2014,68949,Non-hazardous [NHAZ],"Disposal - landfill (D1, D5, D12) [DSP_L]"
Cyprus,2016,80271,Non-hazardous [NHAZ],"Disposal - landfill (D1, D5, D12) [DSP_L]"
Cyprus,2018,79159,Non-hazardous [NHAZ],"Disposal - landfill (D1, D5, D12) [DSP_L]"
Cyprus,2020,53830,Non-hazardous [NHAZ],"Disposal - landfill (D1, D5, D12) [DSP_L]"
Cyprus,2022,17718,Non-hazardous [NHAZ],"Disposal - landfill (D1, D5, D12) [DSP_L]"
Latvia,2010,13441,Non-hazardous [NHAZ],"Disposal - landfill (D1, D5, D12) [DSP_L]"
Latvia,2012,6708,Non-hazardous [NHAZ],"Disposal - landfill (D1, D5, D12) [DSP_L]"
Latvia,2014,9588,Non-hazardous [NHAZ],"Disposal - landfill (D1, D5, D12) [DSP_L]"
Latvia,2016,2616,Non-hazardous [NHAZ],"Disposal - landfill (D1, D5, D12) [DSP_L]"
Latvia,2018,13841,Non-hazardous [NHAZ],"Disposal - landfill (D1, D5, D12) [DSP_L]"
Latvia,2020,3041,Non-hazardous [NHAZ],"Disposal - landfill (D1, D5, D12) [DSP_L]"
Latvia,2022,27382,Non-hazardous [NHAZ],"Disposal - landfill (D1, D5, D12) [DSP_L]"
Lithuania,2010,86034,Non-hazardous [NHAZ],"Disposal - landfill (D1, D5, D12) [DSP_L]"
Lithuania,2012,52591,Non-hazardous [NHAZ],"Disposal - landfill (D1, D5, D12) [DSP_L]"
Lithuania,2014,44989,Non-hazardous [NHAZ],"Disposal - landfill (D1, D5, D12) [DSP_L]"
Lithuania,2016,25637,Non-hazardous [NHAZ],"Disposal - landfill (D1, D5, D12) [DSP_L]"
Lithuania,2018,9588,Non-hazardous [NHAZ],"Disposal - landfill (D1, D5, D12) [DSP_L]"
Lithuania,2020,14978,Non-hazardous [NHAZ],"Disposal - landfill (D1, D5, D12) [DSP_L]"
Lithuania,2022,18231,Non-hazardous [NHAZ],"Disposal - landfill (D1, D5, D12) [DSP_L]"
Luxembourg,2016,1649,Non-hazardous [NHAZ],"Disposal - landfill (D1, D5, D12) [DSP_L]"
Luxembourg,2018,7594,Non-hazardous [NHAZ],"Disposal - landfill (D1, D5, D12) [DSP_L]"
Luxembourg,2020,5713,Non-hazardous [NHAZ],"Disposal - landfill (D1, D5, D12) [DSP_L]"
Luxembourg,2022,6306,Non-hazardous [NHAZ],"Disposal - landfill (D1, D5, D12) [DSP_L]"
Hungary,2010,924651,Non-hazardous [NHAZ],"Disposal - landfill (D1, D5, D12) [DSP_L]"
Hungary,2012,475744,Non-hazardous [NHAZ],"Disposal - landfill (D1, D5, D12) [DSP_L]"
Hungary,2014,327447,Non-hazardous [NHAZ],"Disposal - landfill (D1, D5, D12) [DSP_L]"
Hungary,2016,32376,Non-hazardous [NHAZ],"Disposal - landfill (D1, D5, D12) [DSP_L]"
Hungary,2018,38244,Non-hazardous [NHAZ],"Disposal - landfill (D1, D5, D12) [DSP_L]"
Hungary,2020,69436,Non-hazardous [NHAZ],"Disposal - landfill (D1, D5, D12) [DSP_L]"
Hungary,2022,44878,Non-hazardous [NHAZ],"Disposal - landfill (D1, D5, D12) [DSP_L]"
Malta,2010,636638,Non-hazardous [NHAZ],"Disposal - landfill (D1, D5, D12) [DSP_L]"
Malta,2012,1536,Non-hazardous [NHAZ],"Disposal - landfill (D1, D5, D12) [DSP_L]"
Malta,2014,1325,Non-hazardous [NHAZ],"Disposal - landfill (D1, D5, D12) [DSP_L]"
Malta,2016,260,Non-hazardous [NHAZ],"Disposal - landfill (D1, D5, D12) [DSP_L]"
Malta,2018,167,Non-hazardous [NHAZ],"Disposal - landfill (D1, D5, D12) [DSP_L]"
Malta,2020,12,Non-hazardous [NHAZ],"Disposal - landfill (D1, D5, D12) [DSP_L]"
Malta,2022,4,Non-hazardous [NHAZ],"Disposal - landfill (D1, D5, D12) [DSP_L]"
Netherlands,2010,12433,Non-hazardous [NHAZ],"Disposal - landfill (D1, D5, D12) [DSP_L]"
Netherlands,2012,11538,Non-hazardous [NHAZ],"Disposal - landfill (D1, D5, D12) [DSP_L]"
Netherlands,2014,11324,Non-hazardous [NHAZ],"Disposal - landfill (D1, D5, D12) [DSP_L]"
Netherlands,2016,30524,Non-hazardous [NHAZ],"Disposal - landfill (D1, D5, D12) [DSP_L]"
Netherlands,2018,17925,Non-hazardous [NHAZ],"Disposal - landfill (D1, D5, D12) [DSP_L]"
Netherlands,2020,16795,Non-hazardous [NHAZ],"Disposal - landfill (D1, D5, D12) [DSP_L]"
Netherlands,2022,52822,Non-hazardous [NHAZ],"Disposal - landfill (D1, D5, D12) [DSP_L]"
Austria,2010,487481,Non-hazardous [NHAZ],"Disposal - landfill (D1, D5, D12) [DSP_L]"
Austria,2012,499809,Non-hazardous [NHAZ],"Disposal - landfill (D1, D5, D12) [DSP_L]"
Austria,2014,576123,Non-hazardous [NHAZ],"Disposal - landfill (D1, D5, D12) [DSP_L]"
Austria,2016,1237573,Non-hazardous [NHAZ],"Disposal - landfill (D1, D5, D12) [DSP_L]"
Austria,2018,1094654,Non-hazardous [NHAZ],"Disposal - landfill (D1, D5, D12) [DSP_L]"
Austria,2020,952676,Non-hazardous [NHAZ],"Disposal - landfill (D1, D5, D12) [DSP_L]"
Austria,2022,1052528,Non-hazardous [NHAZ],"Disposal - landfill (D1, D5, D12) [DSP_L]"
Poland,2010,234344,Non-hazardous [NHAZ],"Disposal - landfill (D1, D5, D12) [DSP_L]"
Poland,2012,232881,Non-hazardous [NHAZ],"Disposal - landfill (D1, D5, D12) [DSP_L]"
Poland,2014,213484,Non-hazardous [NHAZ],"Disposal - landfill (D1, D5, D12) [DSP_L]"
Poland,2016,335745,Non-hazardous [NHAZ],"Disposal - landfill (D1, D5, D12) [DSP_L]"
Poland,2018,699496,Non-hazardous [NHAZ],"Disposal - landfill (D1, D5, D12) [DSP_L]"
Poland,2020,1263695,Non-hazardous [NHAZ],"Disposal - landfill (D1, D5, D12) [DSP_L]"
Poland,2022,869591,Non-hazardous [NHAZ],"Disposal - landfill (D1, D5, D12) [DSP_L]"
Portugal,2010,215556,Non-hazardous [NHAZ],"Disposal - landfill (D1, D5, D12) [DSP_L]"
Portugal,2012,92128,Non-hazardous [NHAZ],"Disposal - landfill (D1, D5, D12) [DSP_L]"
Portugal,2014,26520,Non-hazardous [NHAZ],"Disposal - landfill (D1, D5, D12) [DSP_L]"
Portugal,2016,28871,Non-hazardous [NHAZ],"Disposal - landfill (D1, D5, D12) [DSP_L]"
Portugal,2018,68898,Non-hazardous [NHAZ],"Disposal - landfill (D1, D5, D12) [DSP_L]"
Portugal,2020,60607,Non-hazardous [NHAZ],"Disposal - landfill (D1, D5, D12) [DSP_L]"
Portugal,2022,37725,Non-hazardous [NHAZ],"Disposal - landfill (D1, D5, D12) [DSP_L]"
Romania,2010,465765,Non-hazardous [NHAZ],"Disposal - landfill (D1, D5, D12) [DSP_L]"
Romania,2012,257367,Non-hazardous [NHAZ],"Disposal - landfill (D1, D5, D12) [DSP_L]"
Romania,2014,232799,Non-hazardous [NHAZ],"Disposal - landfill (D1, D5, D12) [DSP_L]"
Romania,2016,173290,Non-hazardous [NHAZ],"Disposal - landfill (D1, D5, D12) [DSP_L]"
Romania,2018,150373,Non-hazardous [NHAZ],"Disposal - landfill (D1, D5, D12) [DSP_L]"
Romania,2020,117111,Non-hazardous [NHAZ],"Disposal - landfill (D1, D5, D12) [DSP_L]"
Romania,2022,138557,Non-hazardous [NHAZ],"Disposal - landfill (D1, D5, D12) [DSP_L]"
Slovenia,2010,41008,Non-hazardous [NHAZ],"Disposal - landfill (D1, D5, D12) [DSP_L]"
Slovenia,2012,23144,Non-hazardous [NHAZ],"Disposal - landfill (D1, D5, D12) [DSP_L]"
Slovenia,2014,12611,Non-hazardous [NHAZ],"Disposal - landfill (D1, D5, D12) [DSP_L]"
Slovenia,2016,13682,Non-hazardous [NHAZ],"Disposal - landfill (D1, D5, D12) [DSP_L]"
Slovenia,2018,15905,Non-hazardous [NHAZ],"Disposal - landfill (D1, D5, D12) [DSP_L]"
Slovenia,2020,28310,Non-hazardous [NHAZ],"Disposal - landfill (D1, D5, D12) [DSP_L]"
Slovenia,2022,35199,Non-hazardous [NHAZ],"Disposal - landfill (D1, D5, D12) [DSP_L]"
Slovakia,2010,257470,Non-hazardous [NHAZ],"Disposal - landfill (D1, D5, D12) [DSP_L]"
Slovakia,2012,264887,Non-hazardous [NHAZ],"Disposal - landfill (D1, D5, D12) [DSP_L]"
Slovakia,2014,192121,Non-hazardous [NHAZ],"Disposal - landfill (D1, D5, D12) [DSP_L]"
Slovakia,2016,185090,Non-hazardous [NHAZ],"Disposal - landfill (D1, D5, D12) [DSP_L]"
Slovakia,2018,170995,Non-hazardous [NHAZ],"Disposal - landfill (D1, D5, D12) [DSP_L]"
Slovakia,2020,161293,Non-hazardous [NHAZ],"Disposal - landfill (D1, D5, D12) [DSP_L]"
Slovakia,2022,73159,Non-hazardous [NHAZ],"Disposal - landfill (D1, D5, D12) [DSP_L]"
Finland,2010,23308845,Non-hazardous [NHAZ],"Disposal - landfill (D1, D5, D12) [DSP_L]"
Finland,2012,3645000,Non-hazardous [NHAZ],"Disposal - landfill (D1, D5, D12) [DSP_L]"
Finland,2014,115075,Non-hazardous [NHAZ],"Disposal - landfill (D1, D5, D12) [DSP_L]"
Finland,2016,76624,Non-hazardous [NHAZ],"Disposal - landfill (D1, D5, D12) [DSP_L]"
Finland,2018,51983,Non-hazardous [NHAZ],"Disposal - landfill (D1, D5, D12) [DSP_L]"
Finland,2020,62233,Non-hazardous [NHAZ],"Disposal - landfill (D1, D5, D12) [DSP_L]"
Finland,2022,67130,Non-hazardous [NHAZ],"Disposal - landfill (D1, D5, D12) [DSP_L]"
Sweden,2010,175937,Non-hazardous [NHAZ],"Disposal - landfill (D1, D5, D12) [DSP_L]"
Sweden,2012,87519,Non-hazardous [NHAZ],"Disposal - landfill (D1, D5, D12) [DSP_L]"
Sweden,2014,413161,Non-hazardous [NHAZ],"Disposal - landfill (D1, D5, D12) [DSP_L]"
Sweden,2016,337830,Non-hazardous [NHAZ],"Disposal - landfill (D1, D5, D12) [DSP_L]"
Sweden,2018,74598,Non-hazardous [NHAZ],"Disposal - landfill (D1, D5, D12) [DSP_L]"
Sweden,2020,309549,Non-hazardous [NHAZ],"Disposal - landfill (D1, D5, D12) [DSP_L]"
Sweden,2022,275546,Non-hazardous [NHAZ],"Disposal - landfill (D1, D5, D12) [DSP_L]"
Iceland,2010,1834,Non-hazardous [NHAZ],"Disposal - landfill (D1, D5, D12) [DSP_L]"
Iceland,2012,0,Non-hazardous [NHAZ],"Disposal - landfill (D1, D5, D12) [DSP_L]"
Iceland,2014,4626,Non-hazardous [NHAZ],"Disposal - landfill (D1, D5, D12) [DSP_L]"
Iceland,2016,3386,Non-hazardous [NHAZ],"Disposal - landfill (D1, D5, D12) [DSP_L]"
Iceland,2018,1961,Non-hazardous [NHAZ],"Disposal - landfill (D1, D5, D12) [DSP_L]"
Iceland,2020,5298,Non-hazardous [NHAZ],"Disposal - landfill (D1, D5, D12) [DSP_L]"
Iceland,2022,3239,Non-hazardous [NHAZ],"Disposal - landfill (D1, D5, D12) [DSP_L]"
Norway,2010,184593,Non-hazardous [NHAZ],"Disposal - landfill (D1, D5, D12) [DSP_L]"
Norway,2012,208967,Non-hazardous [NHAZ],"Disposal - landfill (D1, D5, D12) [DSP_L]"
Norway,2014,397656,Non-hazardous [NHAZ],"Disposal - landfill (D1, D5, D12) [DSP_L]"
Norway,2016,623819,Non-hazardous [NHAZ],"Disposal - landfill (D1, D5, D12) [DSP_L]"
Norway,2018,864565,Non-hazardous [NHAZ],"Disposal - landfill (D1, D5, D12) [DSP_L]"
Norway,2020,852085,Non-hazardous [NHAZ],"Disposal - landfill (D1, D5, D12) [DSP_L]"
Norway,2022,561131,Non-hazardous [NHAZ],"Disposal - landfill (D1, D5, D12) [DSP_L]"
United Kingdom,2010,2072397,Non-hazardous [NHAZ],"Disposal - landfill (D1, D5, D12) [DSP_L]"
United Kingdom,2012,2126691,Non-hazardous [NHAZ],"Disposal - landfill (D1, D5, D12) [DSP_L]"
United Kingdom,2014,2367263,Non-hazardous [NHAZ],"Disposal - landfill (D1, D5, D12) [DSP_L]"
United Kingdom,2016,2463557,Non-hazardous [NHAZ],"Disposal - landfill (D1, D5, D12) [DSP_L]"
United Kingdom,2018,1493847,Non-hazardous [NHAZ],"Disposal - landfill (D1, D5, D12) [DSP_L]"
Bosnia and Herzegovina,2022,68864,Non-hazardous [NHAZ],"Disposal - landfill (D1, D5, D12) [DSP_L]"
Montenegro,2012,8360,Non-hazardous [NHAZ],"Disposal - landfill (D1, D5, D12) [DSP_L]"
Montenegro,2014,22210,Non-hazardous [NHAZ],"Disposal - landfill (D1, D5, D12) [DSP_L]"
Montenegro,2016,10085,Non-hazardous [NHAZ],"Disposal - landfill (D1, D5, D12) [DSP_L]"
Montenegro,2018,1830,Non-hazardous [NHAZ],"Disposal - landfill (D1, D5, D12) [DSP_L]"
Montenegro,2020,23770,Non-hazardous [NHAZ],"Disposal - landfill (D1, D5, D12) [DSP_L]"
Montenegro,2022,234,Non-hazardous [NHAZ],"Disposal - landfill (D1, D5, D12) [DSP_L]"
North Macedonia,2010,60,Non-hazardous [NHAZ],"Disposal - landfill (D1, D5, D12) [DSP_L]"
North Macedonia,2012,8361,Non-hazardous [NHAZ],"Disposal - landfill (D1, D5, D12) [DSP_L]"
North Macedonia,2014,7268,Non-hazardous [NHAZ],"Disposal - landfill (D1, D5, D12) [DSP_L]"
North Macedonia,2018,0,Non-hazardous [NHAZ],"Disposal - landfill (D1, D5, D12) [DSP_L]"
North Macedonia,2020,47514,Non-hazardous [NHAZ],"Disposal - landfill (D1, D5, D12) [DSP_L]"
North Macedonia,2022,55886,Non-hazardous [NHAZ],"Disposal - landfill (D1, D5, D12) [DSP_L]"
Serbia,2010,125,Non-hazardous [NHAZ],"Disposal - landfill (D1, D5, D12) [DSP_L]"
Serbia,2012,862,Non-hazardous [NHAZ],"Disposal - landfill (D1, D5, D12) [DSP_L]"
Serbia,2014,49953,Non-hazardous [NHAZ],"Disposal - landfill (D1, D5, D12) [DSP_L]"
Serbia,2016,52453,Non-hazardous [NHAZ],"Disposal - landfill (D1, D5, D12) [DSP_L]"
Serbia,2018,69741,Non-hazardous [NHAZ],"Disposal - landfill (D1, D5, D12) [DSP_L]"
Serbia,2020,58481,Non-hazardous [NHAZ],"Disposal - landfill (D1, D5, D12) [DSP_L]"
Serbia,2022,47863,Non-hazardous [NHAZ],"Disposal - landfill (D1, D5, D12) [DSP_L]"
Türkiye,2010,20567,Non-hazardous [NHAZ],"Disposal - landfill (D1, D5, D12) [DSP_L]"
Türkiye,2012,219989,Non-hazardous [NHAZ],"Disposal - landfill (D1, D5, D12) [DSP_L]"
Türkiye,2016,4388,Non-hazardous [NHAZ],"Disposal - landfill (D1, D5, D12) [DSP_L]"
Türkiye,2018,6427,Non-hazardous [NHAZ],"Disposal - landfill (D1, D5, D12) [DSP_L]"
Kosovo*,2016,0,Non-hazardous [NHAZ],"Disposal - landfill (D1, D5, D12) [DSP_L]"
Kosovo*,2020,12447,Non-hazardous [NHAZ],"Disposal - landfill (D1, D5, D12) [DSP_L]"
Kosovo*,2022,705,Non-hazardous [NHAZ],"Disposal - landfill (D1, D5, D12) [DSP_L]"
European Union - 27 countries (from 2020),2010,160000,Non-hazardous [NHAZ],Disposal - incineration (D10) [DSP_I]
European Union - 27 countries (from 2020),2012,130000,Non-hazardous [NHAZ],Disposal - incineration (D10) [DSP_I]
European Union - 27 countries (from 2020),2014,100000,Non-hazardous [NHAZ],Disposal - incineration (D10) [DSP_I]
European Union - 27 countries (from 2020),2016,60000,Non-hazardous [NHAZ],Disposal - incineration (D10) [DSP_I]
European Union - 27 countries (from 2020),2018,10000,Non-hazardous [NHAZ],Disposal - incineration (D10) [DSP_I]
European Union - 27 countries (from 2020),2020,10000,Non-hazardous [NHAZ],Disposal - incineration (D10) [DSP_I]
European Union - 27 countries (from 2020),2022,10000,Non-hazardous [NHAZ],Disposal - incineration (D10) [DSP_I]
European Union - 28 countries (2013-2020),2010,160000,Non-hazardous [NHAZ],Disposal - incineration (D10) [DSP_I]
European Union - 28 countries (2013-2020),2012,130000,Non-hazardous [NHAZ],Disposal - incineration (D10) [DSP_I]
European Union - 28 countries (2013-2020),2014,100000,Non-hazardous [NHAZ],Disposal - incineration (D10) [DSP_I]
European Union - 28 countries (2013-2020),2016,60000,Non-hazardous [NHAZ],Disposal - incineration (D10) [DSP_I]
European Union - 28 countries (2013-2020),2018,10000,Non-hazardous [NHAZ],Disposal - incineration (D10) [DSP_I]
Belgium,2010,11,Non-hazardous [NHAZ],Disposal - incineration (D10) [DSP_I]
Belgium,2012,1,Non-hazardous [NHAZ],Disposal - incineration (D10) [DSP_I]
Belgium,2014,0,Non-hazardous [NHAZ],Disposal - incineration (D10) [DSP_I]
Belgium,2016,0,Non-hazardous [NHAZ],Disposal - incineration (D10) [DSP_I]
Belgium,2018,8484,Non-hazardous [NHAZ],Disposal - incineration (D10) [DSP_I]
Belgium,2020,2,Non-hazardous [NHAZ],Disposal - incineration (D10) [DSP_I]
Belgium,2022,0,Non-hazardous [NHAZ],Disposal - incineration (D10) [DSP_I]
Bulgaria,2010,9,Non-hazardous [NHAZ],Disposal - incineration (D10) [DSP_I]
Bulgaria,2012,8654,Non-hazardous [NHAZ],Disposal - incineration (D10) [DSP_I]
Bulgaria,2014,0,Non-hazardous [NHAZ],Disposal - incineration (D10) [DSP_I]
Bulgaria,2016,0,Non-hazardous [NHAZ],Disposal - incineration (D10) [DSP_I]
Bulgaria,2018,1,Non-hazardous [NHAZ],Disposal - incineration (D10) [DSP_I]
Bulgaria,2020,0,Non-hazardous [NHAZ],Disposal - incineration (D10) [DSP_I]
Bulgaria,2022,0,Non-hazardous [NHAZ],Disposal - incineration (D10) [DSP_I]
Czechia,2020,8,Non-hazardous [NHAZ],Disposal - incineration (D10) [DSP_I]
Denmark,2010,0,Non-hazardous [NHAZ],Disposal - incineration (D10) [DSP_I]
Denmark,2012,0,Non-hazardous [NHAZ],Disposal - incineration (D10) [DSP_I]
Denmark,2014,334,Non-hazardous [NHAZ],Disposal - incineration (D10) [DSP_I]
Denmark,2016,0,Non-hazardous [NHAZ],Disposal - incineration (D10) [DSP_I]
Denmark,2018,0,Non-hazardous [NHAZ],Disposal - incineration (D10) [DSP_I]
Denmark,2020,0,Non-hazardous [NHAZ],Disposal - incineration (D10) [DSP_I]
Denmark,2022,0,Non-hazardous [NHAZ],Disposal - incineration (D10) [DSP_I]
Germany,2010,152194,Non-hazardous [NHAZ],Disposal - incineration (D10) [DSP_I]
Germany,2012,123592,Non-hazardous [NHAZ],Disposal - incineration (D10) [DSP_I]
Germany,2014,89449,Non-hazardous [NHAZ],Disposal - incineration (D10) [DSP_I]
Germany,2016,52765,Non-hazardous [NHAZ],Disposal - incineration (D10) [DSP_I]
Germany,2020,1554,Non-hazardous [NHAZ],Disposal - incineration (D10) [DSP_I]
Germany,2022,2118,Non-hazardous [NHAZ],Disposal - incineration (D10) [DSP_I]
Estonia,2010,0,Non-hazardous [NHAZ],Disposal - incineration (D10) [DSP_I]
Estonia,2012,0,Non-hazardous [NHAZ],Disposal - incineration (D10) [DSP_I]
Estonia,2014,0,Non-hazardous [NHAZ],Disposal - incineration (D10) [DSP_I]
Estonia,2016,0,Non-hazardous [NHAZ],Disposal - incineration (D10) [DSP_I]
Estonia,2018,0,Non-hazardous [NHAZ],Disposal - incineration (D10) [DSP_I]
Estonia,2020,0,Non-hazardous [NHAZ],Disposal - incineration (D10) [DSP_I]
Estonia,2022,0,Non-hazardous [NHAZ],Disposal - incineration (D10) [DSP_I]
Ireland,2010,2505,Non-hazardous [NHAZ],Disposal - incineration (D10) [DSP_I]
Ireland,2012,0,Non-hazardous [NHAZ],Disposal - incineration (D10) [DSP_I]
Ireland,2014,0,Non-hazardous [NHAZ],Disposal - incineration (D10) [DSP_I]
Ireland,2016,0,Non-hazardous [NHAZ],Disposal - incineration (D10) [DSP_I]
Ireland,2018,0,Non-hazardous [NHAZ],Disposal - incineration (D10) [DSP_I]
Ireland,2020,0,Non-hazardous [NHAZ],Disposal - incineration (D10) [DSP_I]
Ireland,2022,0,Non-hazardous [NHAZ],Disposal - incineration (D10) [DSP_I]
Greece,2010,0,Non-hazardous [NHAZ],Disposal - incineration (D10) [DSP_I]
Greece,2012,0,Non-hazardous [NHAZ],Disposal - incineration (D10) [DSP_I]
Greece,2014,0,Non-hazardous [NHAZ],Disposal - incineration (D10) [DSP_I]
Greece,2016,0,Non-hazardous [NHAZ],Disposal - incineration (D10) [DSP_I]
Greece,2018,0,Non-hazardous [NHAZ],Disposal - incineration (D10) [DSP_I]
Greece,2020,0,Non-hazardous [NHAZ],Disposal - incineration (D10) [DSP_I]
Greece,2022,0,Non-hazardous [NHAZ],Disposal - incineration (D10) [DSP_I]
Spain,2010,0,Non-hazardous [NHAZ],Disposal - incineration (D10) [DSP_I]
Spain,2012,0,Non-hazardous [NHAZ],Disposal - incineration (D10) [DSP_I]
Spain,2014,0,Non-hazardous [NHAZ],Disposal - incineration (D10) [DSP_I]
Spain,2016,0,Non-hazardous [NHAZ],Disposal - incineration (D10) [DSP_I]
Spain,2018,0,Non-hazardous [NHAZ],Disposal - incineration (D10) [DSP_I]
Spain,2020,0,Non-hazardous [NHAZ],Disposal - incineration (D10) [DSP_I]
Spain,2022,0,Non-hazardous [NHAZ],Disposal - incineration (D10) [DSP_I]
France,2010,0,Non-hazardous [NHAZ],Disposal - incineration (D10) [DSP_I]
France,2012,0,Non-hazardous [NHAZ],Disposal - incineration (D10) [DSP_I]
France,2014,1252,Non-hazardous [NHAZ],Disposal - incineration (D10) [DSP_I]
France,2016,1234,Non-hazardous [NHAZ],Disposal - incineration (D10) [DSP_I]
France,2018,1322,Non-hazardous [NHAZ],Disposal - incineration (D10) [DSP_I]
France,2020,9014,Non-hazardous [NHAZ],Disposal - incineration (D10) [DSP_I]
France,2022,10513,Non-hazardous [NHAZ],Disposal - incineration (D10) [DSP_I]
Croatia,2010,1500,Non-hazardous [NHAZ],Disposal - incineration (D10) [DSP_I]
Croatia,2012,0,Non-hazardous [NHAZ],Disposal - incineration (D10) [DSP_I]
Croatia,2014,0,Non-hazardous [NHAZ],Disposal - incineration (D10) [DSP_I]
Croatia,2016,0,Non-hazardous [NHAZ],Disposal - incineration (D10) [DSP_I]
Croatia,2018,0,Non-hazardous [NHAZ],Disposal - incineration (D10) [DSP_I]
Croatia,2020,0,Non-hazardous [NHAZ],Disposal - incineration (D10) [DSP_I]
Croatia,2022,0,Non-hazardous [NHAZ],Disposal - incineration (D10) [DSP_I]
Italy,2010,1960,Non-hazardous [NHAZ],Disposal - incineration (D10) [DSP_I]
Italy,2012,1254,Non-hazardous [NHAZ],Disposal - incineration (D10) [DSP_I]
Italy,2014,3575,Non-hazardous [NHAZ],Disposal - incineration (D10) [DSP_I]
Italy,2016,450,Non-hazardous [NHAZ],Disposal - incineration (D10) [DSP_I]
Italy,2018,1788,Non-hazardous [NHAZ],Disposal - incineration (D10) [DSP_I]
Italy,2020,33,Non-hazardous [NHAZ],Disposal - incineration (D10) [DSP_I]
Italy,2022,122,Non-hazardous [NHAZ],Disposal - incineration (D10) [DSP_I]
Cyprus,2010,0,Non-hazardous [NHAZ],Disposal - incineration (D10) [DSP_I]
Cyprus,2012,0,Non-hazardous [NHAZ],Disposal - incineration (D10) [DSP_I]
Cyprus,2014,0,Non-hazardous [NHAZ],Disposal - incineration (D10) [DSP_I]
Cyprus,2016,0,Non-hazardous [NHAZ],Disposal - incineration (D10) [DSP_I]
Cyprus,2018,0,Non-hazardous [NHAZ],Disposal - incineration (D10) [DSP_I]
Cyprus,2020,0,Non-hazardous [NHAZ],Disposal - incineration (D10) [DSP_I]
Cyprus,2022,0,Non-hazardous [NHAZ],Disposal - incineration (D10) [DSP_I]
Latvia,2010,0,Non-hazardous [NHAZ],Disposal - incineration (D10) [DSP_I]
Latvia,2012,0,Non-hazardous [NHAZ],Disposal - incineration (D10) [DSP_I]
Latvia,2014,0,Non-hazardous [NHAZ],Disposal - incineration (D10) [DSP_I]
Latvia,2016,0,Non-hazardous [NHAZ],Disposal - incineration (D10) [DSP_I]
Latvia,2018,0,Non-hazardous [NHAZ],Disposal - incineration (D10) [DSP_I]
Latvia,2020,0,Non-hazardous [NHAZ],Disposal - incineration (D10) [DSP_I]
Latvia,2022,0,Non-hazardous [NHAZ],Disposal - incineration (D10) [DSP_I]
Lithuania,2010,0,Non-hazardous [NHAZ],Disposal - incineration (D10) [DSP_I]
Lithuania,2012,0,Non-hazardous [NHAZ],Disposal - incineration (D10) [DSP_I]
Lithuania,2014,0,Non-hazardous [NHAZ],Disposal - incineration (D10) [DSP_I]
Lithuania,2016,0,Non-hazardous [NHAZ],Disposal - incineration (D10) [DSP_I]
Lithuania,2018,0,Non-hazardous [NHAZ],Disposal - incineration (D10) [DSP_I]
Lithuania,2020,0,Non-hazardous [NHAZ],Disposal - incineration (D10) [DSP_I]
Lithuania,2022,0,Non-hazardous [NHAZ],Disposal - incineration (D10) [DSP_I]
Luxembourg,2010,0,Non-hazardous [NHAZ],Disposal - incineration (D10) [DSP_I]
Luxembourg,2012,0,Non-hazardous [NHAZ],Disposal - incineration (D10) [DSP_I]
Luxembourg,2014,0,Non-hazardous [NHAZ],Disposal - incineration (D10) [DSP_I]
Luxembourg,2016,0,Non-hazardous [NHAZ],Disposal - incineration (D10) [DSP_I]
Luxembourg,2018,0,Non-hazardous [NHAZ],Disposal - incineration (D10) [DSP_I]
Luxembourg,2020,0,Non-hazardous [NHAZ],Disposal - incineration (D10) [DSP_I]
Luxembourg,2022,0,Non-hazardous [NHAZ],Disposal - incineration (D10) [DSP_I]
Hungary,2010,127,Non-hazardous [NHAZ],Disposal - incineration (D10) [DSP_I]
Hungary,2012,199,Non-hazardous [NHAZ],Disposal - incineration (D10) [DSP_I]
Hungary,2014,146,Non-hazardous [NHAZ],Disposal - incineration (D10) [DSP_I]
Hungary,2016,136,Non-hazardous [NHAZ],Disposal - incineration (D10) [DSP_I]
Hungary,2018,96,Non-hazardous [NHAZ],Disposal - incineration (D10) [DSP_I]
Hungary,2020,88,Non-hazardous [NHAZ],Disposal - incineration (D10) [DSP_I]
Hungary,2022,68,Non-hazardous [NHAZ],Disposal - incineration (D10) [DSP_I]
Malta,2010,0,Non-hazardous [NHAZ],Disposal - incineration (D10) [DSP_I]
Malta,2012,0,Non-hazardous [NHAZ],Disposal - incineration (D10) [DSP_I]
Malta,2014,0,Non-hazardous [NHAZ],Disposal - incineration (D10) [DSP_I]
Malta,2016,0,Non-hazardous [NHAZ],Disposal - incineration (D10) [DSP_I]
Malta,2018,0,Non-hazardous [NHAZ],Disposal - incineration (D10) [DSP_I]
Malta,2020,0,Non-hazardous [NHAZ],Disposal - incineration (D10) [DSP_I]
Malta,2022,0,Non-hazardous [NHAZ],Disposal - incineration (D10) [DSP_I]
Netherlands,2010,483,Non-hazardous [NHAZ],Disposal - incineration (D10) [DSP_I]
Netherlands,2012,26,Non-hazardous [NHAZ],Disposal - incineration (D10) [DSP_I]
Netherlands,2014,333,Non-hazardous [NHAZ],Disposal - incineration (D10) [DSP_I]
Netherlands,2016,255,Non-hazardous [NHAZ],Disposal - incineration (D10) [DSP_I]
Netherlands,2018,237,Non-hazardous [NHAZ],Disposal - incineration (D10) [DSP_I]
Netherlands,2020,334,Non-hazardous [NHAZ],Disposal - incineration (D10) [DSP_I]
Netherlands,2022,482,Non-hazardous [NHAZ],Disposal - incineration (D10) [DSP_I]
Austria,2010,5,Non-hazardous [NHAZ],Disposal - incineration (D10) [DSP_I]
Poland,2010,79,Non-hazardous [NHAZ],Disposal - incineration (D10) [DSP_I]
Poland,2012,32,Non-hazardous [NHAZ],Disposal - incineration (D10) [DSP_I]
Poland,2014,58,Non-hazardous [NHAZ],Disposal - incineration (D10) [DSP_I]
Poland,2016,10,Non-hazardous [NHAZ],Disposal - incineration (D10) [DSP_I]
Poland,2018,0,Non-hazardous [NHAZ],Disposal - incineration (D10) [DSP_I]
Poland,2020,0,Non-hazardous [NHAZ],Disposal - incineration (D10) [DSP_I]
Poland,2022,1,Non-hazardous [NHAZ],Disposal - incineration (D10) [DSP_I]
Portugal,2010,0,Non-hazardous [NHAZ],Disposal - incineration (D10) [DSP_I]
Portugal,2012,0,Non-hazardous [NHAZ],Disposal - incineration (D10) [DSP_I]
Portugal,2014,0,Non-hazardous [NHAZ],Disposal - incineration (D10) [DSP_I]
Portugal,2016,0,Non-hazardous [NHAZ],Disposal - incineration (D10) [DSP_I]
Portugal,2018,0,Non-hazardous [NHAZ],Disposal - incineration (D10) [DSP_I]
Portugal,2020,0,Non-hazardous [NHAZ],Disposal - incineration (D10) [DSP_I]
Portugal,2022,0,Non-hazardous [NHAZ],Disposal - incineration (D10) [DSP_I]
Romania,2010,13,Non-hazardous [NHAZ],Disposal - incineration (D10) [DSP_I]
Romania,2012,0,Non-hazardous [NHAZ],Disposal - incineration (D10) [DSP_I]
Romania,2014,0,Non-hazardous [NHAZ],Disposal - incineration (D10) [DSP_I]
Romania,2016,0,Non-hazardous [NHAZ],Disposal - incineration (D10) [DSP_I]
Romania,2018,0,Non-hazardous [NHAZ],Disposal - incineration (D10) [DSP_I]
Romania,2020,0,Non-hazardous [NHAZ],Disposal - incineration (D10) [DSP_I]
Romania,2022,0,Non-hazardous [NHAZ],Disposal - incineration (D10) [DSP_I]
Slovenia,2010,0,Non-hazardous [NHAZ],Disposal - incineration (D10) [DSP_I]
Slovenia,2012,18,Non-hazardous [NHAZ],Disposal - incineration (D10) [DSP_I]
Slovenia,2014,12,Non-hazardous [NHAZ],Disposal - incineration (D10) [DSP_I]
Slovenia,2016,0,Non-hazardous [NHAZ],Disposal - incineration (D10) [DSP_I]
Slovenia,2018,0,Non-hazardous [NHAZ],Disposal - incineration (D10) [DSP_I]
Slovenia,2020,0,Non-hazardous [NHAZ],Disposal - incineration (D10) [DSP_I]
Slovenia,2022,0,Non-hazardous [NHAZ],Disposal - incineration (D10) [DSP_I]
Slovakia,2010,123,Non-hazardous [NHAZ],Disposal - incineration (D10) [DSP_I]
Slovakia,2012,32,Non-hazardous [NHAZ],Disposal - incineration (D10) [DSP_I]
Slovakia,2014,712,Non-hazardous [NHAZ],Disposal - incineration (D10) [DSP_I]
Slovakia,2016,0,Non-hazardous [NHAZ],Disposal - incineration (D10) [DSP_I]
Slovakia,2018,509,Non-hazardous [NHAZ],Disposal - incineration (D10) [DSP_I]
Slovakia,2020,0,Non-hazardous [NHAZ],Disposal - incineration (D10) [DSP_I]
Slovakia,2022,0,Non-hazardous [NHAZ],Disposal - incineration (D10) [DSP_I]
Finland,2010,2018,Non-hazardous [NHAZ],Disposal - incineration (D10) [DSP_I]
Finland,2012,9,Non-hazardous [NHAZ],Disposal - incineration (D10) [DSP_I]
Finland,2014,132,Non-hazardous [NHAZ],Disposal - incineration (D10) [DSP_I]
Finland,2016,349,Non-hazardous [NHAZ],Disposal - incineration (D10) [DSP_I]
Finland,2018,342,Non-hazardous [NHAZ],Disposal - incineration (D10) [DSP_I]
Finland,2020,264,Non-hazardous [NHAZ],Disposal - incineration (D10) [DSP_I]
Finland,2022,16,Non-hazardous [NHAZ],Disposal - incineration (D10) [DSP_I]
Sweden,2010,0,Non-hazardous [NHAZ],Disposal - incineration (D10) [DSP_I]
Sweden,2012,0,Non-hazardous [NHAZ],Disposal - incineration (D10) [DSP_I]
Sweden,2014,0,Non-hazardous [NHAZ],Disposal - incineration (D10) [DSP_I]
Sweden,2016,299,Non-hazardous [NHAZ],Disposal - incineration (D10) [DSP_I]
Sweden,2018,288,Non-hazardous [NHAZ],Disposal - incineration (D10) [DSP_I]
Sweden,2020,0,Non-hazardous [NHAZ],Disposal - incineration (D10) [DSP_I]
Iceland,2010,0,Non-hazardous [NHAZ],Disposal - incineration (D10) [DSP_I]
Iceland,2012,0,Non-hazardous [NHAZ],Disposal - incineration (D10) [DSP_I]
Iceland,2014,0,Non-hazardous [NHAZ],Disposal - incineration (D10) [DSP_I]
Iceland,2016,0,Non-hazardous [NHAZ],Disposal - incineration (D10) [DSP_I]
Iceland,2018,0,Non-hazardous [NHAZ],Disposal - incineration (D10) [DSP_I]
Iceland,2020,0,Non-hazardous [NHAZ],Disposal - incineration (D10) [DSP_I]
Iceland,2022,0,Non-hazardous [NHAZ],Disposal - incineration (D10) [DSP_I]
Norway,2010,0,Non-hazardous [NHAZ],Disposal - incineration (D10) [DSP_I]
Norway,2012,0,Non-hazardous [NHAZ],Disposal - incineration (D10) [DSP_I]
Norway,2014,3,Non-hazardous [NHAZ],Disposal - incineration (D10) [DSP_I]
Norway,2016,3,Non-hazardous [NHAZ],Disposal - incineration (D10) [DSP_I]
Norway,2018,1,Non-hazardous [NHAZ],Disposal - incineration (D10) [DSP_I]
Norway,2020,1094,Non-hazardous [NHAZ],Disposal - incineration (D10) [DSP_I]
Norway,2022,682,Non-hazardous [NHAZ],Disposal - incineration (D10) [DSP_I]
United Kingdom,2010,0,Non-hazardous [NHAZ],Disposal - incineration (D10) [DSP_I]
United Kingdom,2012,0,Non-hazardous [NHAZ],Disposal - incineration (D10) [DSP_I]
United Kingdom,2014,0,Non-hazardous [NHAZ],Disposal - incineration (D10) [DSP_I]
United Kingdom,2016,0,Non-hazardous [NHAZ],Disposal - incineration (D10) [DSP_I]
United Kingdom,2018,0,Non-hazardous [NHAZ],Disposal - incineration (D10) [DSP_I]
Bosnia and Herzegovina,2022,1,Non-hazardous [NHAZ],Disposal - incineration (D10) [DSP_I]
Montenegro,2012,0,Non-hazardous [NHAZ],Disposal - incineration (D10) [DSP_I]
Montenegro,2014,0,Non-hazardous [NHAZ],Disposal - incineration (D10) [DSP_I]
Montenegro,2016,0,Non-hazardous [NHAZ],Disposal - incineration (D10) [DSP_I]
Montenegro,2018,0,Non-hazardous [NHAZ],Disposal - incineration (D10) [DSP_I]
Montenegro,2020,0,Non-hazardous [NHAZ],Disposal - incineration (D10) [DSP_I]
Montenegro,2022,0,Non-hazardous [NHAZ],Disposal - incineration (D10) [DSP_I]
North Macedonia,2010,0,Non-hazardous [NHAZ],Disposal - incineration (D10) [DSP_I]
North Macedonia,2012,0,Non-hazardous [NHAZ],Disposal - incineration (D10) [DSP_I]
North Macedonia,2014,0,Non-hazardous [NHAZ],Disposal - incineration (D10) [DSP_I]
North Macedonia,2018,0,Non-hazardous [NHAZ],Disposal - incineration (D10) [DSP_I]
North Macedonia,2020,0,Non-hazardous [NHAZ],Disposal - incineration (D10) [DSP_I]
North Macedonia,2022,0,Non-hazardous [NHAZ],Disposal - incineration (D10) [DSP_I]
Serbia,2010,0,Non-hazardous [NHAZ],Disposal - incineration (D10) [DSP_I]
Serbia,2012,0,Non-hazardous [NHAZ],Disposal - incineration (D10) [DSP_I]
Serbia,2014,0,Non-hazardous [NHAZ],Disposal - incineration (D10) [DSP_I]
Serbia,2016,0,Non-hazardous [NHAZ],Disposal - incineration (D10) [DSP_I]
Serbia,2018,0,Non-hazardous [NHAZ],Disposal - incineration (D10) [DSP_I]
Serbia,2020,0,Non-hazardous [NHAZ],Disposal - incineration (D10) [DSP_I]
Serbia,2022,0,Non-hazardous [NHAZ],Disposal - incineration (D10) [DSP_I]
Türkiye,2010,0,Non-hazardous [NHAZ],Disposal - incineration (D10) [DSP_I]
Türkiye,2012,1,Non-hazardous [NHAZ],Disposal - incineration (D10) [DSP_I]
Türkiye,2018,80,Non-hazardous [NHAZ],Disposal - incineration (D10) [DSP_I]
Kosovo*,2016,0,Non-hazardous [NHAZ],Disposal - incineration (D10) [DSP_I]
Kosovo*,2020,5,Non-hazardous [NHAZ],Disposal - incineration (D10) [DSP_I]
Kosovo*,2022,0,Non-hazardous [NHAZ],Disposal - incineration (D10) [DSP_I]
European Union - 27 countries (from 2020),2010,0,Non-hazardous [NHAZ],"Disposal - other (D2-D4, D6-D7) [DSP_OTH]"
European Union - 27 countries (from 2020),2012,200000,Non-hazardous [NHAZ],"Disposal - other (D2-D4, D6-D7) [DSP_OTH]"
European Union - 27 countries (from 2020),2014,20000,Non-hazardous [NHAZ],"Disposal - other (D2-D4, D6-D7) [DSP_OTH]"
European Union - 27 countries (from 2020),2016,0,Non-hazardous [NHAZ],"Disposal - other (D2-D4, D6-D7) [DSP_OTH]"
European Union - 27 countries (from 2020),2018,10000,Non-hazardous [NHAZ],"Disposal - other (D2-D4, D6-D7) [DSP_OTH]"
European Union - 27 countries (from 2020),2020,0,Non-hazardous [NHAZ],"Disposal - other (D2-D4, D6-D7) [DSP_OTH]"
European Union - 27 countries (from 2020),2022,0,Non-hazardous [NHAZ],"Disposal - other (D2-D4, D6-D7) [DSP_OTH]"
European Union - 28 countries (2013-2020),2010,0,Non-hazardous [NHAZ],"Disposal - other (D2-D4, D6-D7) [DSP_OTH]"
European Union - 28 countries (2013-2020),2012,200000,Non-hazardous [NHAZ],"Disposal - other (D2-D4, D6-D7) [DSP_OTH]"
European Union - 28 countries (2013-2020),2014,20000,Non-hazardous [NHAZ],"Disposal - other (D2-D4, D6-D7) [DSP_OTH]"
European Union - 28 countries (2013-2020),2016,0,Non-hazardous [NHAZ],"Disposal - other (D2-D4, D6-D7) [DSP_OTH]"
European Union - 28 countries (2013-2020),2018,10000,Non-hazardous [NHAZ],"Disposal - other (D2-D4, D6-D7) [DSP_OTH]"
Belgium,2010,0,Non-hazardous [NHAZ],"Disposal - other (D2-D4, D6-D7) [DSP_OTH]"
Belgium,2012,0,Non-hazardous [NHAZ],"Disposal - other (D2-D4, D6-D7) [DSP_OTH]"
Belgium,2014,0,Non-hazardous [NHAZ],"Disposal - other (D2-D4, D6-D7) [DSP_OTH]"
Belgium,2016,0,Non-hazardous [NHAZ],"Disposal - other (D2-D4, D6-D7) [DSP_OTH]"
Belgium,2018,0,Non-hazardous [NHAZ],"Disposal - other (D2-D4, D6-D7) [DSP_OTH]"
Belgium,2020,0,Non-hazardous [NHAZ],"Disposal - other (D2-D4, D6-D7) [DSP_OTH]"
Belgium,2022,0,Non-hazardous [NHAZ],"Disposal - other (D2-D4, D6-D7) [DSP_OTH]"
Bulgaria,2010,17,Non-hazardous [NHAZ],"Disposal - other (D2-D4, D6-D7) [DSP_OTH]"
Bulgaria,2012,0,Non-hazardous [NHAZ],"Disposal - other (D2-D4, D6-D7) [DSP_OTH]"
Bulgaria,2014,0,Non-hazardous [NHAZ],"Disposal - other (D2-D4, D6-D7) [DSP_OTH]"
Bulgaria,2016,0,Non-hazardous [NHAZ],"Disposal - other (D2-D4, D6-D7) [DSP_OTH]"
Bulgaria,2018,6,Non-hazardous [NHAZ],"Disposal - other (D2-D4, D6-D7) [DSP_OTH]"
Bulgaria,2020,0,Non-hazardous [NHAZ],"Disposal - other (D2-D4, D6-D7) [DSP_OTH]"
Bulgaria,2022,0,Non-hazardous [NHAZ],"Disposal - other (D2-D4, D6-D7) [DSP_OTH]"
Czechia,2010,0,Non-hazardous [NHAZ],"Disposal - other (D2-D4, D6-D7) [DSP_OTH]"
Czechia,2012,0,Non-hazardous [NHAZ],"Disposal - other (D2-D4, D6-D7) [DSP_OTH]"
Czechia,2014,0,Non-hazardous [NHAZ],"Disposal - other (D2-D4, D6-D7) [DSP_OTH]"
Czechia,2016,0,Non-hazardous [NHAZ],"Disposal - other (D2-D4, D6-D7) [DSP_OTH]"
Czechia,2018,0,Non-hazardous [NHAZ],"Disposal - other (D2-D4, D6-D7) [DSP_OTH]"
Czechia,2020,0,Non-hazardous [NHAZ],"Disposal - other (D2-D4, D6-D7) [DSP_OTH]"
Czechia,2022,0,Non-hazardous [NHAZ],"Disposal - other (D2-D4, D6-D7) [DSP_OTH]"
Denmark,2010,0,Non-hazardous [NHAZ],"Disposal - other (D2-D4, D6-D7) [DSP_OTH]"
Denmark,2012,0,Non-hazardous [NHAZ],"Disposal - other (D2-D4, D6-D7) [DSP_OTH]"
Denmark,2014,0,Non-hazardous [NHAZ],"Disposal - other (D2-D4, D6-D7) [DSP_OTH]"
Denmark,2016,0,Non-hazardous [NHAZ],"Disposal - other (D2-D4, D6-D7) [DSP_OTH]"
Denmark,2018,81,Non-hazardous [NHAZ],"Disposal - other (D2-D4, D6-D7) [DSP_OTH]"
Denmark,2020,0,Non-hazardous [NHAZ],"Disposal - other (D2-D4, D6-D7) [DSP_OTH]"
Denmark,2022,0,Non-hazardous [NHAZ],"Disposal - other (D2-D4, D6-D7) [DSP_OTH]"
Germany,2010,2534,Non-hazardous [NHAZ],"Disposal - other (D2-D4, D6-D7) [DSP_OTH]"
Estonia,2010,0,Non-hazardous [NHAZ],"Disposal - other (D2-D4, D6-D7) [DSP_OTH]"
Estonia,2012,0,Non-hazardous [NHAZ],"Disposal - other (D2-D4, D6-D7) [DSP_OTH]"
Estonia,2014,0,Non-hazardous [NHAZ],"Disposal - other (D2-D4, D6-D7) [DSP_OTH]"
Estonia,2016,0,Non-hazardous [NHAZ],"Disposal - other (D2-D4, D6-D7) [DSP_OTH]"
Estonia,2018,0,Non-hazardous [NHAZ],"Disposal - other (D2-D4, D6-D7) [DSP_OTH]"
Estonia,2020,0,Non-hazardous [NHAZ],"Disposal - other (D2-D4, D6-D7) [DSP_OTH]"
Estonia,2022,0,Non-hazardous [NHAZ],"Disposal - other (D2-D4, D6-D7) [DSP_OTH]"
Ireland,2010,0,Non-hazardous [NHAZ],"Disposal - other (D2-D4, D6-D7) [DSP_OTH]"
Ireland,2012,0,Non-hazardous [NHAZ],"Disposal - other (D2-D4, D6-D7) [DSP_OTH]"
Ireland,2014,0,Non-hazardous [NHAZ],"Disposal - other (D2-D4, D6-D7) [DSP_OTH]"
Ireland,2016,0,Non-hazardous [NHAZ],"Disposal - other (D2-D4, D6-D7) [DSP_OTH]"
Ireland,2018,0,Non-hazardous [NHAZ],"Disposal - other (D2-D4, D6-D7) [DSP_OTH]"
Ireland,2020,0,Non-hazardous [NHAZ],"Disposal - other (D2-D4, D6-D7) [DSP_OTH]"
Ireland,2022,0,Non-hazardous [NHAZ],"Disposal - other (D2-D4, D6-D7) [DSP_OTH]"
Greece,2010,0,Non-hazardous [NHAZ],"Disposal - other (D2-D4, D6-D7) [DSP_OTH]"
Greece,2012,0,Non-hazardous [NHAZ],"Disposal - other (D2-D4, D6-D7) [DSP_OTH]"
Greece,2014,0,Non-hazardous [NHAZ],"Disposal - other (D2-D4, D6-D7) [DSP_OTH]"
Greece,2016,0,Non-hazardous [NHAZ],"Disposal - other (D2-D4, D6-D7) [DSP_OTH]"
Greece,2018,0,Non-hazardous [NHAZ],"Disposal - other (D2-D4, D6-D7) [DSP_OTH]"
Greece,2020,0,Non-hazardous [NHAZ],"Disposal - other (D2-D4, D6-D7) [DSP_OTH]"
Greece,2022,0,Non-hazardous [NHAZ],"Disposal - other (D2-D4, D6-D7) [DSP_OTH]"
Spain,2010,0,Non-hazardous [NHAZ],"Disposal - other (D2-D4, D6-D7) [DSP_OTH]"
Spain,2012,200028,Non-hazardous [NHAZ],"Disposal - other (D2-D4, D6-D7) [DSP_OTH]"
Spain,2014,0,Non-hazardous [NHAZ],"Disposal - other (D2-D4, D6-D7) [DSP_OTH]"
Spain,2016,0,Non-hazardous [NHAZ],"Disposal - other (D2-D4, D6-D7) [DSP_OTH]"
Spain,2018,0,Non-hazardous [NHAZ],"Disposal - other (D2-D4, D6-D7) [DSP_OTH]"
Spain,2020,0,Non-hazardous [NHAZ],"Disposal - other (D2-D4, D6-D7) [DSP_OTH]"
Spain,2022,0,Non-hazardous [NHAZ],"Disposal - other (D2-D4, D6-D7) [DSP_OTH]"
France,2010,0,Non-hazardous [NHAZ],"Disposal - other (D2-D4, D6-D7) [DSP_OTH]"
France,2012,0,Non-hazardous [NHAZ],"Disposal - other (D2-D4, D6-D7) [DSP_OTH]"
France,2014,0,Non-hazardous [NHAZ],"Disposal - other (D2-D4, D6-D7) [DSP_OTH]"
France,2016,0,Non-hazardous [NHAZ],"Disposal - other (D2-D4, D6-D7) [DSP_OTH]"
France,2018,0,Non-hazardous [NHAZ],"Disposal - other (D2-D4, D6-D7) [DSP_OTH]"
France,2020,0,Non-hazardous [NHAZ],"Disposal - other (D2-D4, D6-D7) [DSP_OTH]"
France,2022,0,Non-hazardous [NHAZ],"Disposal - other (D2-D4, D6-D7) [DSP_OTH]"
Croatia,2010,0,Non-hazardous [NHAZ],"Disposal - other (D2-D4, D6-D7) [DSP_OTH]"
Croatia,2012,0,Non-hazardous [NHAZ],"Disposal - other (D2-D4, D6-D7) [DSP_OTH]"
Croatia,2014,0,Non-hazardous [NHAZ],"Disposal - other (D2-D4, D6-D7) [DSP_OTH]"
Croatia,2016,0,Non-hazardous [NHAZ],"Disposal - other (D2-D4, D6-D7) [DSP_OTH]"
Croatia,2018,0,Non-hazardous [NHAZ],"Disposal - other (D2-D4, D6-D7) [DSP_OTH]"
Croatia,2020,0,Non-hazardous [NHAZ],"Disposal - other (D2-D4, D6-D7) [DSP_OTH]"
Croatia,2022,0,Non-hazardous [NHAZ],"Disposal - other (D2-D4, D6-D7) [DSP_OTH]"
Italy,2010,0,Non-hazardous [NHAZ],"Disposal - other (D2-D4, D6-D7) [DSP_OTH]"
Italy,2012,375,Non-hazardous [NHAZ],"Disposal - other (D2-D4, D6-D7) [DSP_OTH]"
Italy,2014,0,Non-hazardous [NHAZ],"Disposal - other (D2-D4, D6-D7) [DSP_OTH]"
Italy,2016,0,Non-hazardous [NHAZ],"Disposal - other (D2-D4, D6-D7) [DSP_OTH]"
Italy,2018,0,Non-hazardous [NHAZ],"Disposal - other (D2-D4, D6-D7) [DSP_OTH]"
Italy,2020,0,Non-hazardous [NHAZ],"Disposal - other (D2-D4, D6-D7) [DSP_OTH]"
Italy,2022,0,Non-hazardous [NHAZ],"Disposal - other (D2-D4, D6-D7) [DSP_OTH]"
Cyprus,2010,0,Non-hazardous [NHAZ],"Disposal - other (D2-D4, D6-D7) [DSP_OTH]"
Cyprus,2012,0,Non-hazardous [NHAZ],"Disposal - other (D2-D4, D6-D7) [DSP_OTH]"
Cyprus,2014,0,Non-hazardous [NHAZ],"Disposal - other (D2-D4, D6-D7) [DSP_OTH]"
Cyprus,2016,0,Non-hazardous [NHAZ],"Disposal - other (D2-D4, D6-D7) [DSP_OTH]"
Cyprus,2018,0,Non-hazardous [NHAZ],"Disposal - other (D2-D4, D6-D7) [DSP_OTH]"
Cyprus,2020,0,Non-hazardous [NHAZ],"Disposal - other (D2-D4, D6-D7) [DSP_OTH]"
Cyprus,2022,0,Non-hazardous [NHAZ],"Disposal - other (D2-D4, D6-D7) [DSP_OTH]"
Latvia,2010,0,Non-hazardous [NHAZ],"Disposal - other (D2-D4, D6-D7) [DSP_OTH]"
Latvia,2012,0,Non-hazardous [NHAZ],"Disposal - other (D2-D4, D6-D7) [DSP_OTH]"
Latvia,2014,0,Non-hazardous [NHAZ],"Disposal - other (D2-D4, D6-D7) [DSP_OTH]"
Latvia,2016,0,Non-hazardous [NHAZ],"Disposal - other (D2-D4, D6-D7) [DSP_OTH]"
Latvia,2018,0,Non-hazardous [NHAZ],"Disposal - other (D2-D4, D6-D7) [DSP_OTH]"
Latvia,2020,0,Non-hazardous [NHAZ],"Disposal - other (D2-D4, D6-D7) [DSP_OTH]"
Latvia,2022,0,Non-hazardous [NHAZ],"Disposal - other (D2-D4, D6-D7) [DSP_OTH]"
Lithuania,2010,0,Non-hazardous [NHAZ],"Disposal - other (D2-D4, D6-D7) [DSP_OTH]"
Lithuania,2012,0,Non-hazardous [NHAZ],"Disposal - other (D2-D4, D6-D7) [DSP_OTH]"
Lithuania,2014,0,Non-hazardous [NHAZ],"Disposal - other (D2-D4, D6-D7) [DSP_OTH]"
Lithuania,2016,0,Non-hazardous [NHAZ],"Disposal - other (D2-D4, D6-D7) [DSP_OTH]"
Lithuania,2018,0,Non-hazardous [NHAZ],"Disposal - other (D2-D4, D6-D7) [DSP_OTH]"
Lithuania,2020,0,Non-hazardous [NHAZ],"Disposal - other (D2-D4, D6-D7) [DSP_OTH]"
Lithuania,2022,0,Non-hazardous [NHAZ],"Disposal - other (D2-D4, D6-D7) [DSP_OTH]"
Luxembourg,2010,0,Non-hazardous [NHAZ],"Disposal - other (D2-D4, D6-D7) [DSP_OTH]"
Luxembourg,2012,0,Non-hazardous [NHAZ],"Disposal - other (D2-D4, D6-D7) [DSP_OTH]"
Luxembourg,2014,0,Non-hazardous [NHAZ],"Disposal - other (D2-D4, D6-D7) [DSP_OTH]"
Luxembourg,2016,0,Non-hazardous [NHAZ],"Disposal - other (D2-D4, D6-D7) [DSP_OTH]"
Luxembourg,2018,0,Non-hazardous [NHAZ],"Disposal - other (D2-D4, D6-D7) [DSP_OTH]"
Luxembourg,2020,0,Non-hazardous [NHAZ],"Disposal - other (D2-D4, D6-D7) [DSP_OTH]"
Luxembourg,2022,0,Non-hazardous [NHAZ],"Disposal - other (D2-D4, D6-D7) [DSP_OTH]"
Hungary,2010,0,Non-hazardous [NHAZ],"Disposal - other (D2-D4, D6-D7) [DSP_OTH]"
Hungary,2012,0,Non-hazardous [NHAZ],"Disposal - other (D2-D4, D6-D7) [DSP_OTH]"
Hungary,2014,0,Non-hazardous [NHAZ],"Disposal - other (D2-D4, D6-D7) [DSP_OTH]"
Hungary,2016,0,Non-hazardous [NHAZ],"Disposal - other (D2-D4, D6-D7) [DSP_OTH]"
Hungary,2018,0,Non-hazardous [NHAZ],"Disposal - other (D2-D4, D6-D7) [DSP_OTH]"
Hungary,2020,0,Non-hazardous [NHAZ],"Disposal - other (D2-D4, D6-D7) [DSP_OTH]"
Hungary,2022,0,Non-hazardous [NHAZ],"Disposal - other (D2-D4, D6-D7) [DSP_OTH]"
Malta,2010,0,Non-hazardous [NHAZ],"Disposal - other (D2-D4, D6-D7) [DSP_OTH]"
Malta,2012,0,Non-hazardous [NHAZ],"Disposal - other (D2-D4, D6-D7) [DSP_OTH]"
Malta,2014,0,Non-hazardous [NHAZ],"Disposal - other (D2-D4, D6-D7) [DSP_OTH]"
Malta,2016,0,Non-hazardous [NHAZ],"Disposal - other (D2-D4, D6-D7) [DSP_OTH]"
Malta,2018,0,Non-hazardous [NHAZ],"Disposal - other (D2-D4, D6-D7) [DSP_OTH]"
Malta,2020,0,Non-hazardous [NHAZ],"Disposal - other (D2-D4, D6-D7) [DSP_OTH]"
Malta,2022,0,Non-hazardous [NHAZ],"Disposal - other (D2-D4, D6-D7) [DSP_OTH]"
Netherlands,2010,13,Non-hazardous [NHAZ],"Disposal - other (D2-D4, D6-D7) [DSP_OTH]"
Netherlands,2012,0,Non-hazardous [NHAZ],"Disposal - other (D2-D4, D6-D7) [DSP_OTH]"
Netherlands,2014,0,Non-hazardous [NHAZ],"Disposal - other (D2-D4, D6-D7) [DSP_OTH]"
Netherlands,2016,0,Non-hazardous [NHAZ],"Disposal - other (D2-D4, D6-D7) [DSP_OTH]"
Netherlands,2018,0,Non-hazardous [NHAZ],"Disposal - other (D2-D4, D6-D7) [DSP_OTH]"
Netherlands,2020,0,Non-hazardous [NHAZ],"Disposal - other (D2-D4, D6-D7) [DSP_OTH]"
Netherlands,2022,4,Non-hazardous [NHAZ],"Disposal - other (D2-D4, D6-D7) [DSP_OTH]"
Austria,2010,0,Non-hazardous [NHAZ],"Disposal - other (D2-D4, D6-D7) [DSP_OTH]"
Austria,2012,0,Non-hazardous [NHAZ],"Disposal - other (D2-D4, D6-D7) [DSP_OTH]"
Austria,2014,0,Non-hazardous [NHAZ],"Disposal - other (D2-D4, D6-D7) [DSP_OTH]"
Austria,2016,0,Non-hazardous [NHAZ],"Disposal - other (D2-D4, D6-D7) [DSP_OTH]"
Austria,2018,0,Non-hazardous [NHAZ],"Disposal - other (D2-D4, D6-D7) [DSP_OTH]"
Austria,2020,0,Non-hazardous [NHAZ],"Disposal - other (D2-D4, D6-D7) [DSP_OTH]"
Austria,2022,0,Non-hazardous [NHAZ],"Disposal - other (D2-D4, D6-D7) [DSP_OTH]"
Poland,2010,0,Non-hazardous [NHAZ],"Disposal - other (D2-D4, D6-D7) [DSP_OTH]"
Poland,2012,0,Non-hazardous [NHAZ],"Disposal - other (D2-D4, D6-D7) [DSP_OTH]"
Poland,2014,0,Non-hazardous [NHAZ],"Disposal - other (D2-D4, D6-D7) [DSP_OTH]"
Poland,2016,0,Non-hazardous [NHAZ],"Disposal - other (D2-D4, D6-D7) [DSP_OTH]"
Poland,2018,0,Non-hazardous [NHAZ],"Disposal - other (D2-D4, D6-D7) [DSP_OTH]"
Poland,2020,0,Non-hazardous [NHAZ],"Disposal - other (D2-D4, D6-D7) [DSP_OTH]"
Poland,2022,0,Non-hazardous [NHAZ],"Disposal - other (D2-D4, D6-D7) [DSP_OTH]"
Portugal,2010,0,Non-hazardous [NHAZ],"Disposal - other (D2-D4, D6-D7) [DSP_OTH]"
Portugal,2012,0,Non-hazardous [NHAZ],"Disposal - other (D2-D4, D6-D7) [DSP_OTH]"
Portugal,2014,0,Non-hazardous [NHAZ],"Disposal - other (D2-D4, D6-D7) [DSP_OTH]"
Portugal,2016,0,Non-hazardous [NHAZ],"Disposal - other (D2-D4, D6-D7) [DSP_OTH]"
Portugal,2018,0,Non-hazardous [NHAZ],"Disposal - other (D2-D4, D6-D7) [DSP_OTH]"
Portugal,2020,0,Non-hazardous [NHAZ],"Disposal - other (D2-D4, D6-D7) [DSP_OTH]"
Portugal,2022,0,Non-hazardous [NHAZ],"Disposal - other (D2-D4, D6-D7) [DSP_OTH]"
Romania,2010,24,Non-hazardous [NHAZ],"Disposal - other (D2-D4, D6-D7) [DSP_OTH]"
Romania,2012,0,Non-hazardous [NHAZ],"Disposal - other (D2-D4, D6-D7) [DSP_OTH]"
Romania,2014,0,Non-hazardous [NHAZ],"Disposal - other (D2-D4, D6-D7) [DSP_OTH]"
Romania,2016,0,Non-hazardous [NHAZ],"Disposal - other (D2-D4, D6-D7) [DSP_OTH]"
Romania,2018,0,Non-hazardous [NHAZ],"Disposal - other (D2-D4, D6-D7) [DSP_OTH]"
Romania,2020,0,Non-hazardous [NHAZ],"Disposal - other (D2-D4, D6-D7) [DSP_OTH]"
Romania,2022,0,Non-hazardous [NHAZ],"Disposal - other (D2-D4, D6-D7) [DSP_OTH]"
Slovenia,2010,0,Non-hazardous [NHAZ],"Disposal - other (D2-D4, D6-D7) [DSP_OTH]"
Slovenia,2012,0,Non-hazardous [NHAZ],"Disposal - other (D2-D4, D6-D7) [DSP_OTH]"
Slovenia,2014,0,Non-hazardous [NHAZ],"Disposal - other (D2-D4, D6-D7) [DSP_OTH]"
Slovenia,2016,0,Non-hazardous [NHAZ],"Disposal - other (D2-D4, D6-D7) [DSP_OTH]"
Slovenia,2018,0,Non-hazardous [NHAZ],"Disposal - other (D2-D4, D6-D7) [DSP_OTH]"
Slovenia,2020,0,Non-hazardous [NHAZ],"Disposal - other (D2-D4, D6-D7) [DSP_OTH]"
Slovenia,2022,0,Non-hazardous [NHAZ],"Disposal - other (D2-D4, D6-D7) [DSP_OTH]"
Slovakia,2010,0,Non-hazardous [NHAZ],"Disposal - other (D2-D4, D6-D7) [DSP_OTH]"
Slovakia,2012,9,Non-hazardous [NHAZ],"Disposal - other (D2-D4, D6-D7) [DSP_OTH]"
Slovakia,2014,91,Non-hazardous [NHAZ],"Disposal - other (D2-D4, D6-D7) [DSP_OTH]"
Slovakia,2016,12,Non-hazardous [NHAZ],"Disposal - other (D2-D4, D6-D7) [DSP_OTH]"
Slovakia,2018,0,Non-hazardous [NHAZ],"Disposal - other (D2-D4, D6-D7) [DSP_OTH]"
Slovakia,2020,0,Non-hazardous [NHAZ],"Disposal - other (D2-D4, D6-D7) [DSP_OTH]"
Slovakia,2022,2,Non-hazardous [NHAZ],"Disposal - other (D2-D4, D6-D7) [DSP_OTH]"
Finland,2010,0,Non-hazardous [NHAZ],"Disposal - other (D2-D4, D6-D7) [DSP_OTH]"
Finland,2012,0,Non-hazardous [NHAZ],"Disposal - other (D2-D4, D6-D7) [DSP_OTH]"
Finland,2014,0,Non-hazardous [NHAZ],"Disposal - other (D2-D4, D6-D7) [DSP_OTH]"
Finland,2016,0,Non-hazardous [NHAZ],"Disposal - other (D2-D4, D6-D7) [DSP_OTH]"
Finland,2018,0,Non-hazardous [NHAZ],"Disposal - other (D2-D4, D6-D7) [DSP_OTH]"
Finland,2020,0,Non-hazardous [NHAZ],"Disposal - other (D2-D4, D6-D7) [DSP_OTH]"
Finland,2022,0,Non-hazardous [NHAZ],"Disposal - other (D2-D4, D6-D7) [DSP_OTH]"
Sweden,2010,0,Non-hazardous [NHAZ],"Disposal - other (D2-D4, D6-D7) [DSP_OTH]"
Sweden,2012,0,Non-hazardous [NHAZ],"Disposal - other (D2-D4, D6-D7) [DSP_OTH]"
Sweden,2014,0,Non-hazardous [NHAZ],"Disposal - other (D2-D4, D6-D7) [DSP_OTH]"
Sweden,2016,0,Non-hazardous [NHAZ],"Disposal - other (D2-D4, D6-D7) [DSP_OTH]"
Sweden,2018,0,Non-hazardous [NHAZ],"Disposal - other (D2-D4, D6-D7) [DSP_OTH]"
Sweden,2020,0,Non-hazardous [NHAZ],"Disposal - other (D2-D4, D6-D7) [DSP_OTH]"
Sweden,2022,0,Non-hazardous [NHAZ],"Disposal - other (D2-D4, D6-D7) [DSP_OTH]"
Iceland,2010,0,Non-hazardous [NHAZ],"Disposal - other (D2-D4, D6-D7) [DSP_OTH]"
Iceland,2012,0,Non-hazardous [NHAZ],"Disposal - other (D2-D4, D6-D7) [DSP_OTH]"
Iceland,2014,0,Non-hazardous [NHAZ],"Disposal - other (D2-D4, D6-D7) [DSP_OTH]"
Iceland,2016,0,Non-hazardous [NHAZ],"Disposal - other (D2-D4, D6-D7) [DSP_OTH]"
Iceland,2018,5864,Non-hazardous [NHAZ],"Disposal - other (D2-D4, D6-D7) [DSP_OTH]"
Iceland,2020,0,Non-hazardous [NHAZ],"Disposal - other (D2-D4, D6-D7) [DSP_OTH]"
Iceland,2022,0,Non-hazardous [NHAZ],"Disposal - other (D2-D4, D6-D7) [DSP_OTH]"
Norway,2010,0,Non-hazardous [NHAZ],"Disposal - other (D2-D4, D6-D7) [DSP_OTH]"
Norway,2012,0,Non-hazardous [NHAZ],"Disposal - other (D2-D4, D6-D7) [DSP_OTH]"
Norway,2014,17394,Non-hazardous [NHAZ],"Disposal - other (D2-D4, D6-D7) [DSP_OTH]"
Norway,2016,0,Non-hazardous [NHAZ],"Disposal - other (D2-D4, D6-D7) [DSP_OTH]"
Norway,2018,0,Non-hazardous [NHAZ],"Disposal - other (D2-D4, D6-D7) [DSP_OTH]"
Norway,2020,168790,Non-hazardous [NHAZ],"Disposal - other (D2-D4, D6-D7) [DSP_OTH]"
Norway,2022,180711,Non-hazardous [NHAZ],"Disposal - other (D2-D4, D6-D7) [DSP_OTH]"
United Kingdom,2010,0,Non-hazardous [NHAZ],"Disposal - other (D2-D4, D6-D7) [DSP_OTH]"
United Kingdom,2012,0,Non-hazardous [NHAZ],"Disposal - other (D2-D4, D6-D7) [DSP_OTH]"
United Kingdom,2014,0,Non-hazardous [NHAZ],"Disposal - other (D2-D4, D6-D7) [DSP_OTH]"
United Kingdom,2016,0,Non-hazardous [NHAZ],"Disposal - other (D2-D4, D6-D7) [DSP_OTH]"
United Kingdom,2018,0,Non-hazardous [NHAZ],"Disposal - other (D2-D4, D6-D7) [DSP_OTH]"
Bosnia and Herzegovina,2022,0,Non-hazardous [NHAZ],"Disposal - other (D2-D4, D6-D7) [DSP_OTH]"
Montenegro,2012,0,Non-hazardous [NHAZ],"Disposal - other (D2-D4, D6-D7) [DSP_OTH]"
Montenegro,2014,108,Non-hazardous [NHAZ],"Disposal - other (D2-D4, D6-D7) [DSP_OTH]"
Montenegro,2016,0,Non-hazardous [NHAZ],"Disposal - other (D2-D4, D6-D7) [DSP_OTH]"
Montenegro,2018,0,Non-hazardous [NHAZ],"Disposal - other (D2-D4, D6-D7) [DSP_OTH]"
Montenegro,2020,0,Non-hazardous [NHAZ],"Disposal - other (D2-D4, D6-D7) [DSP_OTH]"
Montenegro,2022,0,Non-hazardous [NHAZ],"Disposal - other (D2-D4, D6-D7) [DSP_OTH]"
North Macedonia,2010,0,Non-hazardous [NHAZ],"Disposal - other (D2-D4, D6-D7) [DSP_OTH]"
North Macedonia,2012,0,Non-hazardous [NHAZ],"Disposal - other (D2-D4, D6-D7) [DSP_OTH]"
North Macedonia,2014,0,Non-hazardous [NHAZ],"Disposal - other (D2-D4, D6-D7) [DSP_OTH]"
North Macedonia,2018,0,Non-hazardous [NHAZ],"Disposal - other (D2-D4, D6-D7) [DSP_OTH]"
North Macedonia,2020,4084,Non-hazardous [NHAZ],"Disposal - other (D2-D4, D6-D7) [DSP_OTH]"
North Macedonia,2022,0,Non-hazardous [NHAZ],"Disposal - other (D2-D4, D6-D7) [DSP_OTH]"
Serbia,2010,0,Non-hazardous [NHAZ],"Disposal - other (D2-D4, D6-D7) [DSP_OTH]"
Serbia,2012,8,Non-hazardous [NHAZ],"Disposal - other (D2-D4, D6-D7) [DSP_OTH]"
Serbia,2014,0,Non-hazardous [NHAZ],"Disposal - other (D2-D4, D6-D7) [DSP_OTH]"
Serbia,2016,0,Non-hazardous [NHAZ],"Disposal - other (D2-D4, D6-D7) [DSP_OTH]"
Serbia,2018,0,Non-hazardous [NHAZ],"Disposal - other (D2-D4, D6-D7) [DSP_OTH]"
Serbia,2020,0,Non-hazardous [NHAZ],"Disposal - other (D2-D4, D6-D7) [DSP_OTH]"
Serbia,2022,0,Non-hazardous [NHAZ],"Disposal - other (D2-D4, D6-D7) [DSP_OTH]"
Türkiye,2010,0,Non-hazardous [NHAZ],"Disposal - other (D2-D4, D6-D7) [DSP_OTH]"
Türkiye,2012,0,Non-hazardous [NHAZ],"Disposal - other (D2-D4, D6-D7) [DSP_OTH]"
Türkiye,2018,0,Non-hazardous [NHAZ],"Disposal - other (D2-D4, D6-D7) [DSP_OTH]"
Türkiye,2020,0,Non-hazardous [NHAZ],"Disposal - other (D2-D4, D6-D7) [DSP_OTH]"
Kosovo*,2016,0,Non-hazardous [NHAZ],"Disposal - other (D2-D4, D6-D7) [DSP_OTH]"
Kosovo*,2020,0,Non-hazardous [NHAZ],"Disposal - other (D2-D4, D6-D7) [DSP_OTH]"
Kosovo*,2022,0,Non-hazardous [NHAZ],"Disposal - other (D2-D4, D6-D7) [DSP_OTH]"
European Union - 27 countries (from 2020),2010,590000,Non-hazardous [NHAZ],Recovery - energy recovery (R1) [RCV_E]
European Union - 27 countries (from 2020),2012,760000,Non-hazardous [NHAZ],Recovery - energy recovery (R1) [RCV_E]
European Union - 27 countries (from 2020),2014,930000,Non-hazardous [NHAZ],Recovery - energy recovery (R1) [RCV_E]
European Union - 27 countries (from 2020),2016,1310000,Non-hazardous [NHAZ],Recovery - energy recovery (R1) [RCV_E]
European Union - 27 countries (from 2020),2018,930000,Non-hazardous [NHAZ],Recovery - energy recovery (R1) [RCV_E]
European Union - 27 countries (from 2020),2020,1190000,Non-hazardous [NHAZ],Recovery - energy recovery (R1) [RCV_E]
European Union - 27 countries (from 2020),2022,1010000,Non-hazardous [NHAZ],Recovery - energy recovery (R1) [RCV_E]
European Union - 28 countries (2013-2020),2010,590000,Non-hazardous [NHAZ],Recovery - energy recovery (R1) [RCV_E]
European Union - 28 countries (2013-2020),2012,760000,Non-hazardous [NHAZ],Recovery - energy recovery (R1) [RCV_E]
European Union - 28 countries (2013-2020),2014,930000,Non-hazardous [NHAZ],Recovery - energy recovery (R1) [RCV_E]
European Union - 28 countries (2013-2020),2016,1310000,Non-hazardous [NHAZ],Recovery - energy recovery (R1) [RCV_E]
European Union - 28 countries (2013-2020),2018,930000,Non-hazardous [NHAZ],Recovery - energy recovery (R1) [RCV_E]
Belgium,2010,42,Non-hazardous [NHAZ],Recovery - energy recovery (R1) [RCV_E]
Belgium,2012,62,Non-hazardous [NHAZ],Recovery - energy recovery (R1) [RCV_E]
Belgium,2014,0,Non-hazardous [NHAZ],Recovery - energy recovery (R1) [RCV_E]
Belgium,2016,6,Non-hazardous [NHAZ],Recovery - energy recovery (R1) [RCV_E]
Belgium,2018,0,Non-hazardous [NHAZ],Recovery - energy recovery (R1) [RCV_E]
Belgium,2020,10,Non-hazardous [NHAZ],Recovery - energy recovery (R1) [RCV_E]
Belgium,2022,0,Non-hazardous [NHAZ],Recovery - energy recovery (R1) [RCV_E]
Bulgaria,2010,0,Non-hazardous [NHAZ],Recovery - energy recovery (R1) [RCV_E]
Bulgaria,2012,0,Non-hazardous [NHAZ],Recovery - energy recovery (R1) [RCV_E]
Bulgaria,2014,0,Non-hazardous [NHAZ],Recovery - energy recovery (R1) [RCV_E]
Bulgaria,2016,0,Non-hazardous [NHAZ],Recovery - energy recovery (R1) [RCV_E]
Bulgaria,2018,0,Non-hazardous [NHAZ],Recovery - energy recovery (R1) [RCV_E]
Bulgaria,2020,0,Non-hazardous [NHAZ],Recovery - energy recovery (R1) [RCV_E]
Bulgaria,2022,0,Non-hazardous [NHAZ],Recovery - energy recovery (R1) [RCV_E]
Denmark,2010,217082,Non-hazardous [NHAZ],Recovery - energy recovery (R1) [RCV_E]
Denmark,2012,130391,Non-hazardous [NHAZ],Recovery - energy recovery (R1) [RCV_E]
Denmark,2014,136954,Non-hazardous [NHAZ],Recovery - energy recovery (R1) [RCV_E]
Denmark,2016,218684,Non-hazardous [NHAZ],Recovery - energy recovery (R1) [RCV_E]
Denmark,2018,89237,Non-hazardous [NHAZ],Recovery - energy recovery (R1) [RCV_E]
Denmark,2020,84495,Non-hazardous [NHAZ],Recovery - energy recovery (R1) [RCV_E]
Denmark,2022,118951,Non-hazardous [NHAZ],Recovery - energy recovery (R1) [RCV_E]
Germany,2010,330701,Non-hazardous [NHAZ],Recovery - energy recovery (R1) [RCV_E]
Germany,2012,430949,Non-hazardous [NHAZ],Recovery - energy recovery (R1) [RCV_E]
Germany,2014,603258,Non-hazardous [NHAZ],Recovery - energy recovery (R1) [RCV_E]
Germany,2016,668314,Non-hazardous [NHAZ],Recovery - energy recovery (R1) [RCV_E]
Germany,2020,562488,Non-hazardous [NHAZ],Recovery - energy recovery (R1) [RCV_E]
Germany,2022,496035,Non-hazardous [NHAZ],Recovery - energy recovery (R1) [RCV_E]
Estonia,2010,0,Non-hazardous [NHAZ],Recovery - energy recovery (R1) [RCV_E]
Estonia,2012,0,Non-hazardous [NHAZ],Recovery - energy recovery (R1) [RCV_E]
Estonia,2014,0,Non-hazardous [NHAZ],Recovery - energy recovery (R1) [RCV_E]
Estonia,2016,0,Non-hazardous [NHAZ],Recovery - energy recovery (R1) [RCV_E]
Estonia,2018,0,Non-hazardous [NHAZ],Recovery - energy recovery (R1) [RCV_E]
Estonia,2020,0,Non-hazardous [NHAZ],Recovery - energy recovery (R1) [RCV_E]
Estonia,2022,0,Non-hazardous [NHAZ],Recovery - energy recovery (R1) [RCV_E]
Ireland,2010,0,Non-hazardous [NHAZ],Recovery - energy recovery (R1) [RCV_E]
Ireland,2012,0,Non-hazardous [NHAZ],Recovery - energy recovery (R1) [RCV_E]
Ireland,2014,0,Non-hazardous [NHAZ],Recovery - energy recovery (R1) [RCV_E]
Ireland,2016,990,Non-hazardous [NHAZ],Recovery - energy recovery (R1) [RCV_E]
Ireland,2018,988,Non-hazardous [NHAZ],Recovery - energy recovery (R1) [RCV_E]
Ireland,2020,7,Non-hazardous [NHAZ],Recovery - energy recovery (R1) [RCV_E]
Ireland,2022,0,Non-hazardous [NHAZ],Recovery - energy recovery (R1) [RCV_E]
Greece,2010,0,Non-hazardous [NHAZ],Recovery - energy recovery (R1) [RCV_E]
Greece,2012,0,Non-hazardous [NHAZ],Recovery - energy recovery (R1) [RCV_E]
Greece,2014,0,Non-hazardous [NHAZ],Recovery - energy recovery (R1) [RCV_E]
Greece,2016,0,Non-hazardous [NHAZ],Recovery - energy recovery (R1) [RCV_E]
Greece,2018,0,Non-hazardous [NHAZ],Recovery - energy recovery (R1) [RCV_E]
Greece,2020,0,Non-hazardous [NHAZ],Recovery - energy recovery (R1) [RCV_E]
Greece,2022,0,Non-hazardous [NHAZ],Recovery - energy recovery (R1) [RCV_E]
Spain,2010,0,Non-hazardous [NHAZ],Recovery - energy recovery (R1) [RCV_E]
Spain,2012,0,Non-hazardous [NHAZ],Recovery - energy recovery (R1) [RCV_E]
Spain,2014,0,Non-hazardous [NHAZ],Recovery - energy recovery (R1) [RCV_E]
Spain,2016,6,Non-hazardous [NHAZ],Recovery - energy recovery (R1) [RCV_E]
Spain,2018,4,Non-hazardous [NHAZ],Recovery - energy recovery (R1) [RCV_E]
Spain,2020,4469,Non-hazardous [NHAZ],Recovery - energy recovery (R1) [RCV_E]
Spain,2022,63069,Non-hazardous [NHAZ],Recovery - energy recovery (R1) [RCV_E]
France,2010,0,Non-hazardous [NHAZ],Recovery - energy recovery (R1) [RCV_E]
France,2012,0,Non-hazardous [NHAZ],Recovery - energy recovery (R1) [RCV_E]
France,2014,4157,Non-hazardous [NHAZ],Recovery - energy recovery (R1) [RCV_E]
France,2016,4097,Non-hazardous [NHAZ],Recovery - energy recovery (R1) [RCV_E]
France,2018,4390,Non-hazardous [NHAZ],Recovery - energy recovery (R1) [RCV_E]
France,2020,83774,Non-hazardous [NHAZ],Recovery - energy recovery (R1) [RCV_E]
France,2022,97712,Non-hazardous [NHAZ],Recovery - energy recovery (R1) [RCV_E]
Croatia,2010,1521,Non-hazardous [NHAZ],Recovery - energy recovery (R1) [RCV_E]
Croatia,2012,0,Non-hazardous [NHAZ],Recovery - energy recovery (R1) [RCV_E]
Croatia,2014,0,Non-hazardous [NHAZ],Recovery - energy recovery (R1) [RCV_E]
Croatia,2016,0,Non-hazardous [NHAZ],Recovery - energy recovery (R1) [RCV_E]
Croatia,2018,0,Non-hazardous [NHAZ],Recovery - energy recovery (R1) [RCV_E]
Croatia,2020,0,Non-hazardous [NHAZ],Recovery - energy recovery (R1) [RCV_E]
Croatia,2022,428,Non-hazardous [NHAZ],Recovery - energy recovery (R1) [RCV_E]
Italy,2010,0,Non-hazardous [NHAZ],Recovery - energy recovery (R1) [RCV_E]
Italy,2012,0,Non-hazardous [NHAZ],Recovery - energy recovery (R1) [RCV_E]
Italy,2014,25,Non-hazardous [NHAZ],Recovery - energy recovery (R1) [RCV_E]
Italy,2016,1288,Non-hazardous [NHAZ],Recovery - energy recovery (R1) [RCV_E]
Italy,2018,11,Non-hazardous [NHAZ],Recovery - energy recovery (R1) [RCV_E]
Italy,2020,1998,Non-hazardous [NHAZ],Recovery - energy recovery (R1) [RCV_E]
Italy,2022,3705,Non-hazardous [NHAZ],Recovery - energy recovery (R1) [RCV_E]
Cyprus,2010,0,Non-hazardous [NHAZ],Recovery - energy recovery (R1) [RCV_E]
Cyprus,2012,0,Non-hazardous [NHAZ],Recovery - energy recovery (R1) [RCV_E]
Cyprus,2014,0,Non-hazardous [NHAZ],Recovery - energy recovery (R1) [RCV_E]
Cyprus,2016,0,Non-hazardous [NHAZ],Recovery - energy recovery (R1) [RCV_E]
Cyprus,2018,0,Non-hazardous [NHAZ],Recovery - energy recovery (R1) [RCV_E]
Cyprus,2020,0,Non-hazardous [NHAZ],Recovery - energy recovery (R1) [RCV_E]
Cyprus,2022,0,Non-hazardous [NHAZ],Recovery - energy recovery (R1) [RCV_E]
Latvia,2010,0,Non-hazardous [NHAZ],Recovery - energy recovery (R1) [RCV_E]
Latvia,2012,0,Non-hazardous [NHAZ],Recovery - energy recovery (R1) [RCV_E]
Latvia,2014,4,Non-hazardous [NHAZ],Recovery - energy recovery (R1) [RCV_E]
Latvia,2016,0,Non-hazardous [NHAZ],Recovery - energy recovery (R1) [RCV_E]
Latvia,2018,0,Non-hazardous [NHAZ],Recovery - energy recovery (R1) [RCV_E]
Latvia,2020,0,Non-hazardous [NHAZ],Recovery - energy recovery (R1) [RCV_E]
Latvia,2022,0,Non-hazardous [NHAZ],Recovery - energy recovery (R1) [RCV_E]
Lithuania,2010,0,Non-hazardous [NHAZ],Recovery - energy recovery (R1) [RCV_E]
Lithuania,2012,0,Non-hazardous [NHAZ],Recovery - energy recovery (R1) [RCV_E]
Lithuania,2014,0,Non-hazardous [NHAZ],Recovery - energy recovery (R1) [RCV_E]
Lithuania,2016,0,Non-hazardous [NHAZ],Recovery - energy recovery (R1) [RCV_E]
Lithuania,2018,7,Non-hazardous [NHAZ],Recovery - energy recovery (R1) [RCV_E]
Lithuania,2020,6,Non-hazardous [NHAZ],Recovery - energy recovery (R1) [RCV_E]
Lithuania,2022,20,Non-hazardous [NHAZ],Recovery - energy recovery (R1) [RCV_E]
Luxembourg,2010,0,Non-hazardous [NHAZ],Recovery - energy recovery (R1) [RCV_E]
Luxembourg,2012,0,Non-hazardous [NHAZ],Recovery - energy recovery (R1) [RCV_E]
Luxembourg,2014,0,Non-hazardous [NHAZ],Recovery - energy recovery (R1) [RCV_E]
Luxembourg,2016,0,Non-hazardous [NHAZ],Recovery - energy recovery (R1) [RCV_E]
Luxembourg,2018,0,Non-hazardous [NHAZ],Recovery - energy recovery (R1) [RCV_E]
Luxembourg,2020,0,Non-hazardous [NHAZ],Recovery - energy recovery (R1) [RCV_E]
Luxembourg,2022,0,Non-hazardous [NHAZ],Recovery - energy recovery (R1) [RCV_E]
Hungary,2010,0,Non-hazardous [NHAZ],Recovery - energy recovery (R1) [RCV_E]
Hungary,2012,0,Non-hazardous [NHAZ],Recovery - energy recovery (R1) [RCV_E]
Hungary,2014,0,Non-hazardous [NHAZ],Recovery - energy recovery (R1) [RCV_E]
Hungary,2016,1,Non-hazardous [NHAZ],Recovery - energy recovery (R1) [RCV_E]
Hungary,2018,0,Non-hazardous [NHAZ],Recovery - energy recovery (R1) [RCV_E]
Hungary,2020,271,Non-hazardous [NHAZ],Recovery - energy recovery (R1) [RCV_E]
Hungary,2022,0,Non-hazardous [NHAZ],Recovery - energy recovery (R1) [RCV_E]
Malta,2010,0,Non-hazardous [NHAZ],Recovery - energy recovery (R1) [RCV_E]
Malta,2012,0,Non-hazardous [NHAZ],Recovery - energy recovery (R1) [RCV_E]
Malta,2014,0,Non-hazardous [NHAZ],Recovery - energy recovery (R1) [RCV_E]
Malta,2016,0,Non-hazardous [NHAZ],Recovery - energy recovery (R1) [RCV_E]
Malta,2018,0,Non-hazardous [NHAZ],Recovery - energy recovery (R1) [RCV_E]
Malta,2020,0,Non-hazardous [NHAZ],Recovery - energy recovery (R1) [RCV_E]
Malta,2022,0,Non-hazardous [NHAZ],Recovery - energy recovery (R1) [RCV_E]
Netherlands,2010,6171,Non-hazardous [NHAZ],Recovery - energy recovery (R1) [RCV_E]
Netherlands,2012,3225,Non-hazardous [NHAZ],Recovery - energy recovery (R1) [RCV_E]
Netherlands,2014,15805,Non-hazardous [NHAZ],Recovery - energy recovery (R1) [RCV_E]
Netherlands,2016,1093,Non-hazardous [NHAZ],Recovery - energy recovery (R1) [RCV_E]
Netherlands,2018,931,Non-hazardous [NHAZ],Recovery - energy recovery (R1) [RCV_E]
Netherlands,2020,711,Non-hazardous [NHAZ],Recovery - energy recovery (R1) [RCV_E]
Netherlands,2022,0,Non-hazardous [NHAZ],Recovery - energy recovery (R1) [RCV_E]
Austria,2010,693,Non-hazardous [NHAZ],Recovery - energy recovery (R1) [RCV_E]
Austria,2012,24,Non-hazardous [NHAZ],Recovery - energy recovery (R1) [RCV_E]
Poland,2010,967,Non-hazardous [NHAZ],Recovery - energy recovery (R1) [RCV_E]
Poland,2012,2749,Non-hazardous [NHAZ],Recovery - energy recovery (R1) [RCV_E]
Poland,2014,321,Non-hazardous [NHAZ],Recovery - energy recovery (R1) [RCV_E]
Poland,2016,4612,Non-hazardous [NHAZ],Recovery - energy recovery (R1) [RCV_E]
Poland,2018,0,Non-hazardous [NHAZ],Recovery - energy recovery (R1) [RCV_E]
Poland,2020,0,Non-hazardous [NHAZ],Recovery - energy recovery (R1) [RCV_E]
Poland,2022,1853,Non-hazardous [NHAZ],Recovery - energy recovery (R1) [RCV_E]
Portugal,2010,0,Non-hazardous [NHAZ],Recovery - energy recovery (R1) [RCV_E]
Portugal,2012,0,Non-hazardous [NHAZ],Recovery - energy recovery (R1) [RCV_E]
Portugal,2014,0,Non-hazardous [NHAZ],Recovery - energy recovery (R1) [RCV_E]
Portugal,2016,0,Non-hazardous [NHAZ],Recovery - energy recovery (R1) [RCV_E]
Portugal,2018,0,Non-hazardous [NHAZ],Recovery - energy recovery (R1) [RCV_E]
Portugal,2020,0,Non-hazardous [NHAZ],Recovery - energy recovery (R1) [RCV_E]
Portugal,2022,0,Non-hazardous [NHAZ],Recovery - energy recovery (R1) [RCV_E]
Romania,2010,12,Non-hazardous [NHAZ],Recovery - energy recovery (R1) [RCV_E]
Romania,2012,10,Non-hazardous [NHAZ],Recovery - energy recovery (R1) [RCV_E]
Romania,2014,11,Non-hazardous [NHAZ],Recovery - energy recovery (R1) [RCV_E]
Romania,2016,5,Non-hazardous [NHAZ],Recovery - energy recovery (R1) [RCV_E]
Romania,2018,0,Non-hazardous [NHAZ],Recovery - energy recovery (R1) [RCV_E]
Romania,2020,0,Non-hazardous [NHAZ],Recovery - energy recovery (R1) [RCV_E]
Romania,2022,0,Non-hazardous [NHAZ],Recovery - energy recovery (R1) [RCV_E]
Slovenia,2010,2,Non-hazardous [NHAZ],Recovery - energy recovery (R1) [RCV_E]
Slovenia,2012,974,Non-hazardous [NHAZ],Recovery - energy recovery (R1) [RCV_E]
Slovenia,2014,0,Non-hazardous [NHAZ],Recovery - energy recovery (R1) [RCV_E]
Slovenia,2016,0,Non-hazardous [NHAZ],Recovery - energy recovery (R1) [RCV_E]
Slovenia,2018,0,Non-hazardous [NHAZ],Recovery - energy recovery (R1) [RCV_E]
Slovenia,2020,0,Non-hazardous [NHAZ],Recovery - energy recovery (R1) [RCV_E]
Slovenia,2022,0,Non-hazardous [NHAZ],Recovery - energy recovery (R1) [RCV_E]
Slovakia,2010,135,Non-hazardous [NHAZ],Recovery - energy recovery (R1) [RCV_E]
Slovakia,2012,193,Non-hazardous [NHAZ],Recovery - energy recovery (R1) [RCV_E]
Slovakia,2014,1507,Non-hazardous [NHAZ],Recovery - energy recovery (R1) [RCV_E]
Slovakia,2016,0,Non-hazardous [NHAZ],Recovery - energy recovery (R1) [RCV_E]
Slovakia,2018,183,Non-hazardous [NHAZ],Recovery - energy recovery (R1) [RCV_E]
Slovakia,2020,185,Non-hazardous [NHAZ],Recovery - energy recovery (R1) [RCV_E]
Slovakia,2022,131,Non-hazardous [NHAZ],Recovery - energy recovery (R1) [RCV_E]
Finland,2010,30531,Non-hazardous [NHAZ],Recovery - energy recovery (R1) [RCV_E]
Finland,2012,178919,Non-hazardous [NHAZ],Recovery - energy recovery (R1) [RCV_E]
Finland,2014,168481,Non-hazardous [NHAZ],Recovery - energy recovery (R1) [RCV_E]
Finland,2016,191950,Non-hazardous [NHAZ],Recovery - energy recovery (R1) [RCV_E]
Finland,2018,236281,Non-hazardous [NHAZ],Recovery - energy recovery (R1) [RCV_E]
Finland,2020,336334,Non-hazardous [NHAZ],Recovery - energy recovery (R1) [RCV_E]
Finland,2022,210701,Non-hazardous [NHAZ],Recovery - energy recovery (R1) [RCV_E]
Sweden,2010,0,Non-hazardous [NHAZ],Recovery - energy recovery (R1) [RCV_E]
Sweden,2012,11940,Non-hazardous [NHAZ],Recovery - energy recovery (R1) [RCV_E]
Sweden,2014,2250,Non-hazardous [NHAZ],Recovery - energy recovery (R1) [RCV_E]
Sweden,2016,219832,Non-hazardous [NHAZ],Recovery - energy recovery (R1) [RCV_E]
Sweden,2018,41661,Non-hazardous [NHAZ],Recovery - energy recovery (R1) [RCV_E]
Sweden,2020,112340,Non-hazardous [NHAZ],Recovery - energy recovery (R1) [RCV_E]
Iceland,2010,0,Non-hazardous [NHAZ],Recovery - energy recovery (R1) [RCV_E]
Iceland,2012,0,Non-hazardous [NHAZ],Recovery - energy recovery (R1) [RCV_E]
Iceland,2014,0,Non-hazardous [NHAZ],Recovery - energy recovery (R1) [RCV_E]
Iceland,2016,0,Non-hazardous [NHAZ],Recovery - energy recovery (R1) [RCV_E]
Iceland,2018,69,Non-hazardous [NHAZ],Recovery - energy recovery (R1) [RCV_E]
Iceland,2020,123,Non-hazardous [NHAZ],Recovery - energy recovery (R1) [RCV_E]
Iceland,2022,0,Non-hazardous [NHAZ],Recovery - energy recovery (R1) [RCV_E]
Norway,2010,0,Non-hazardous [NHAZ],Recovery - energy recovery (R1) [RCV_E]
Norway,2012,48,Non-hazardous [NHAZ],Recovery - energy recovery (R1) [RCV_E]
Norway,2014,1957,Non-hazardous [NHAZ],Recovery - energy recovery (R1) [RCV_E]
Norway,2016,6992,Non-hazardous [NHAZ],Recovery - energy recovery (R1) [RCV_E]
Norway,2018,2985,Non-hazardous [NHAZ],Recovery - energy recovery (R1) [RCV_E]
Norway,2020,4043,Non-hazardous [NHAZ],Recovery - energy recovery (R1) [RCV_E]
Norway,2022,3314,Non-hazardous [NHAZ],Recovery - energy recovery (R1) [RCV_E]
United Kingdom,2010,0,Non-hazardous [NHAZ],Recovery - energy recovery (R1) [RCV_E]
United Kingdom,2012,0,Non-hazardous [NHAZ],Recovery - energy recovery (R1) [RCV_E]
United Kingdom,2014,0,Non-hazardous [NHAZ],Recovery - energy recovery (R1) [RCV_E]
United Kingdom,2016,0,Non-hazardous [NHAZ],Recovery - energy recovery (R1) [RCV_E]
United Kingdom,2018,0,Non-hazardous [NHAZ],Recovery - energy recovery (R1) [RCV_E]
Bosnia and Herzegovina,2022,20,Non-hazardous [NHAZ],Recovery - energy recovery (R1) [RCV_E]
Montenegro,2012,0,Non-hazardous [NHAZ],Recovery - energy recovery (R1) [RCV_E]
Montenegro,2014,0,Non-hazardous [NHAZ],Recovery - energy recovery (R1) [RCV_E]
Montenegro,2016,0,Non-hazardous [NHAZ],Recovery - energy recovery (R1) [RCV_E]
Montenegro,2018,0,Non-hazardous [NHAZ],Recovery - energy recovery (R1) [RCV_E]
Montenegro,2020,0,Non-hazardous [NHAZ],Recovery - energy recovery (R1) [RCV_E]
Montenegro,2022,0,Non-hazardous [NHAZ],Recovery - energy recovery (R1) [RCV_E]
North Macedonia,2010,0,Non-hazardous [NHAZ],Recovery - energy recovery (R1) [RCV_E]
North Macedonia,2012,0,Non-hazardous [NHAZ],Recovery - energy recovery (R1) [RCV_E]
North Macedonia,2014,0,Non-hazardous [NHAZ],Recovery - energy recovery (R1) [RCV_E]
North Macedonia,2018,0,Non-hazardous [NHAZ],Recovery - energy recovery (R1) [RCV_E]
North Macedonia,2020,0,Non-hazardous [NHAZ],Recovery - energy recovery (R1) [RCV_E]
North Macedonia,2022,0,Non-hazardous [NHAZ],Recovery - energy recovery (R1) [RCV_E]
Serbia,2010,0,Non-hazardous [NHAZ],Recovery - energy recovery (R1) [RCV_E]
Serbia,2012,0,Non-hazardous [NHAZ],Recovery - energy recovery (R1) [RCV_E]
Serbia,2014,0,Non-hazardous [NHAZ],Recovery - energy recovery (R1) [RCV_E]
Serbia,2016,0,Non-hazardous [NHAZ],Recovery - energy recovery (R1) [RCV_E]
Serbia,2018,0,Non-hazardous [NHAZ],Recovery - energy recovery (R1) [RCV_E]
Serbia,2020,0,Non-hazardous [NHAZ],Recovery - energy recovery (R1) [RCV_E]
Serbia,2022,0,Non-hazardous [NHAZ],Recovery - energy recovery (R1) [RCV_E]
Türkiye,2012,606,Non-hazardous [NHAZ],Recovery - energy recovery (R1) [RCV_E]
Kosovo*,2016,0,Non-hazardous [NHAZ],Recovery - energy recovery (R1) [RCV_E]
Kosovo*,2020,0,Non-hazardous [NHAZ],Recovery - energy recovery (R1) [RCV_E]
Kosovo*,2022,0,Non-hazardous [NHAZ],Recovery - energy recovery (R1) [RCV_E]
European Union - 27 countries (from 2020),2014,191560000,Non-hazardous [NHAZ],Recovery - recycling and backfilling (R2-R11) [RCV_R_B]
European Union - 27 countries (from 2020),2016,208430000,Non-hazardous [NHAZ],Recovery - recycling and backfilling (R2-R11) [RCV_R_B]
European Union - 27 countries (from 2020),2018,229120000,Non-hazardous [NHAZ],Recovery - recycling and backfilling (R2-R11) [RCV_R_B]
European Union - 27 countries (from 2020),2020,238250000,Non-hazardous [NHAZ],Recovery - recycling and backfilling (R2-R11) [RCV_R_B]
European Union - 27 countries (from 2020),2022,250070000,Non-hazardous [NHAZ],Recovery - recycling and backfilling (R2-R11) [RCV_R_B]
European Union - 28 countries (2013-2020),2014,245230000,Non-hazardous [NHAZ],Recovery - recycling and backfilling (R2-R11) [RCV_R_B]
European Union - 28 countries (2013-2020),2016,266090000,Non-hazardous [NHAZ],Recovery - recycling and backfilling (R2-R11) [RCV_R_B]
European Union - 28 countries (2013-2020),2018,289170000,Non-hazardous [NHAZ],Recovery - recycling and backfilling (R2-R11) [RCV_R_B]
Belgium,2010,15608,Non-hazardous [NHAZ],Recovery - recycling and backfilling (R2-R11) [RCV_R_B]
Belgium,2012,18840,Non-hazardous [NHAZ],Recovery - recycling and backfilling (R2-R11) [RCV_R_B]
Belgium,2014,52838,Non-hazardous [NHAZ],Recovery - recycling and backfilling (R2-R11) [RCV_R_B]
Belgium,2016,397211,Non-hazardous [NHAZ],Recovery - recycling and backfilling (R2-R11) [RCV_R_B]
Belgium,2018,472128,Non-hazardous [NHAZ],Recovery - recycling and backfilling (R2-R11) [RCV_R_B]
Belgium,2020,4621595,Non-hazardous [NHAZ],Recovery - recycling and backfilling (R2-R11) [RCV_R_B]
Belgium,2022,2562401,Non-hazardous [NHAZ],Recovery - recycling and backfilling (R2-R11) [RCV_R_B]
Bulgaria,2010,30040,Non-hazardous [NHAZ],Recovery - recycling and backfilling (R2-R11) [RCV_R_B]
Bulgaria,2012,60606,Non-hazardous [NHAZ],Recovery - recycling and backfilling (R2-R11) [RCV_R_B]
Bulgaria,2014,652508,Non-hazardous [NHAZ],Recovery - recycling and backfilling (R2-R11) [RCV_R_B]
Bulgaria,2016,546139,Non-hazardous [NHAZ],Recovery - recycling and backfilling (R2-R11) [RCV_R_B]
Bulgaria,2018,126388,Non-hazardous [NHAZ],Recovery - recycling and backfilling (R2-R11) [RCV_R_B]
Bulgaria,2020,901834,Non-hazardous [NHAZ],Recovery - recycling and backfilling (R2-R11) [RCV_R_B]
Bulgaria,2022,286099,Non-hazardous [NHAZ],Recovery - recycling and backfilling (R2-R11) [RCV_R_B]
Czechia,2010,2663639,Non-hazardous [NHAZ],Recovery - recycling and backfilling (R2-R11) [RCV_R_B]
Czechia,2012,3119486,Non-hazardous [NHAZ],Recovery - recycling and backfilling (R2-R11) [RCV_R_B]
Czechia,2014,3189338,Non-hazardous [NHAZ],Recovery - recycling and backfilling (R2-R11) [RCV_R_B]
Czechia,2016,4468227,Non-hazardous [NHAZ],Recovery - recycling and backfilling (R2-R11) [RCV_R_B]
Czechia,2020,6702128,Non-hazardous [NHAZ],Recovery - recycling and backfilling (R2-R11) [RCV_R_B]
Czechia,2022,6030740,Non-hazardous [NHAZ],Recovery - recycling and backfilling (R2-R11) [RCV_R_B]
Denmark,2012,2383384,Non-hazardous [NHAZ],Recovery - recycling and backfilling (R2-R11) [RCV_R_B]
Denmark,2014,2927591,Non-hazardous [NHAZ],Recovery - recycling and backfilling (R2-R11) [RCV_R_B]
Denmark,2016,3026975,Non-hazardous [NHAZ],Recovery - recycling and backfilling (R2-R11) [RCV_R_B]
Denmark,2018,3867346,Non-hazardous [NHAZ],Recovery - recycling and backfilling (R2-R11) [RCV_R_B]
Denmark,2020,3423826,Non-hazardous [NHAZ],Recovery - recycling and backfilling (R2-R11) [RCV_R_B]
Denmark,2022,4270021,Non-hazardous [NHAZ],Recovery - recycling and backfilling (R2-R11) [RCV_R_B]
Germany,2010,68096414,Non-hazardous [NHAZ],Recovery - recycling and backfilling (R2-R11) [RCV_R_B]
Germany,2012,67485241,Non-hazardous [NHAZ],Recovery - recycling and backfilling (R2-R11) [RCV_R_B]
Germany,2018,72706081,Non-hazardous [NHAZ],Recovery - recycling and backfilling (R2-R11) [RCV_R_B]
Germany,2020,75412366,Non-hazardous [NHAZ],Recovery - recycling and backfilling (R2-R11) [RCV_R_B]
Germany,2022,71824965,Non-hazardous [NHAZ],Recovery - recycling and backfilling (R2-R11) [RCV_R_B]
Estonia,2010,582808,Non-hazardous [NHAZ],Recovery - recycling and backfilling (R2-R11) [RCV_R_B]
Estonia,2012,520223,Non-hazardous [NHAZ],Recovery - recycling and backfilling (R2-R11) [RCV_R_B]
Estonia,2014,705065,Non-hazardous [NHAZ],Recovery - recycling and backfilling (R2-R11) [RCV_R_B]
Estonia,2016,495015,Non-hazardous [NHAZ],Recovery - recycling and backfilling (R2-R11) [RCV_R_B]
Estonia,2018,974497,Non-hazardous [NHAZ],Recovery - recycling and backfilling (R2-R11) [RCV_R_B]
Estonia,2020,617034,Non-hazardous [NHAZ],Recovery - recycling and backfilling (R2-R11) [RCV_R_B]
Estonia,2022,716161,Non-hazardous [NHAZ],Recovery - recycling and backfilling (R2-R11) [RCV_R_B]
Ireland,2010,444800,Non-hazardous [NHAZ],Recovery - recycling and backfilling (R2-R11) [RCV_R_B]
Ireland,2012,285472,Non-hazardous [NHAZ],Recovery - recycling and backfilling (R2-R11) [RCV_R_B]
Ireland,2014,397413,Non-hazardous [NHAZ],Recovery - recycling and backfilling (R2-R11) [RCV_R_B]
Ireland,2016,412152,Non-hazardous [NHAZ],Recovery - recycling and backfilling (R2-R11) [RCV_R_B]
Ireland,2018,873680,Non-hazardous [NHAZ],Recovery - recycling and backfilling (R2-R11) [RCV_R_B]
Ireland,2020,518187,Non-hazardous [NHAZ],Recovery - recycling and backfilling (R2-R11) [RCV_R_B]
Ireland,2022,746004,Non-hazardous [NHAZ],Recovery - recycling and backfilling (R2-R11) [RCV_R_B]
Greece,2010,249,Non-hazardous [NHAZ],Recovery - recycling and backfilling (R2-R11) [RCV_R_B]
Greece,2012,2700,Non-hazardous [NHAZ],Recovery - recycling and backfilling (R2-R11) [RCV_R_B]
Greece,2014,626,Non-hazardous [NHAZ],Recovery - recycling and backfilling (R2-R11) [RCV_R_B]
Greece,2016,121677,Non-hazardous [NHAZ],Recovery - recycling and backfilling (R2-R11) [RCV_R_B]
Greece,2018,698753,Non-hazardous [NHAZ],Recovery - recycling and backfilling (R2-R11) [RCV_R_B]
Greece,2020,1573901,Non-hazardous [NHAZ],Recovery - recycling and backfilling (R2-R11) [RCV_R_B]
Greece,2022,2228185,Non-hazardous [NHAZ],Recovery - recycling and backfilling (R2-R11) [RCV_R_B]
Spain,2010,7302300,Non-hazardous [NHAZ],Recovery - recycling and backfilling (R2-R11) [RCV_R_B]
Spain,2012,23034742,Non-hazardous [NHAZ],Recovery - recycling and backfilling (R2-R11) [RCV_R_B]
Spain,2014,4933326,Non-hazardous [NHAZ],Recovery - recycling and backfilling (R2-R11) [RCV_R_B]
Spain,2016,7171393,Non-hazardous [NHAZ],Recovery - recycling and backfilling (R2-R11) [RCV_R_B]
Spain,2018,10817350,Non-hazardous [NHAZ],Recovery - recycling and backfilling (R2-R11) [RCV_R_B]
Spain,2020,10425968,Non-hazardous [NHAZ],Recovery - recycling and backfilling (R2-R11) [RCV_R_B]
Spain,2022,10911913,Non-hazardous [NHAZ],Recovery - recycling and backfilling (R2-R11) [RCV_R_B]
France,2010,42518404,Non-hazardous [NHAZ],Recovery - recycling and backfilling (R2-R11) [RCV_R_B]
France,2012,40392484,Non-hazardous [NHAZ],Recovery - recycling and backfilling (R2-R11) [RCV_R_B]
France,2014,42409745,Non-hazardous [NHAZ],Recovery - recycling and backfilling (R2-R11) [RCV_R_B]
France,2016,44768460,Non-hazardous [NHAZ],Recovery - recycling and backfilling (R2-R11) [RCV_R_B]
France,2018,49260048,Non-hazardous [NHAZ],Recovery - recycling and backfilling (R2-R11) [RCV_R_B]
France,2020,42981066,Non-hazardous [NHAZ],Recovery - recycling and backfilling (R2-R11) [RCV_R_B]
France,2022,50339439,Non-hazardous [NHAZ],Recovery - recycling and backfilling (R2-R11) [RCV_R_B]
Croatia,2010,979,Non-hazardous [NHAZ],Recovery - recycling and backfilling (R2-R11) [RCV_R_B]
Croatia,2012,128818,Non-hazardous [NHAZ],Recovery - recycling and backfilling (R2-R11) [RCV_R_B]
Croatia,2014,197478,Non-hazardous [NHAZ],Recovery - recycling and backfilling (R2-R11) [RCV_R_B]
Croatia,2016,338432,Non-hazardous [NHAZ],Recovery - recycling and backfilling (R2-R11) [RCV_R_B]
Croatia,2018,236982,Non-hazardous [NHAZ],Recovery - recycling and backfilling (R2-R11) [RCV_R_B]
Croatia,2020,373047,Non-hazardous [NHAZ],Recovery - recycling and backfilling (R2-R11) [RCV_R_B]
Croatia,2022,369554,Non-hazardous [NHAZ],Recovery - recycling and backfilling (R2-R11) [RCV_R_B]
Italy,2010,30107035,Non-hazardous [NHAZ],Recovery - recycling and backfilling (R2-R11) [RCV_R_B]
Italy,2012,29925440,Non-hazardous [NHAZ],Recovery - recycling and backfilling (R2-R11) [RCV_R_B]
Italy,2014,30307587,Non-hazardous [NHAZ],Recovery - recycling and backfilling (R2-R11) [RCV_R_B]
Italy,2016,33293810,Non-hazardous [NHAZ],Recovery - recycling and backfilling (R2-R11) [RCV_R_B]
Italy,2018,39610315,Non-hazardous [NHAZ],Recovery - recycling and backfilling (R2-R11) [RCV_R_B]
Italy,2020,44652085,Non-hazardous [NHAZ],Recovery - recycling and backfilling (R2-R11) [RCV_R_B]
Italy,2022,53210076,Non-hazardous [NHAZ],Recovery - recycling and backfilling (R2-R11) [RCV_R_B]
Cyprus,2010,481,Non-hazardous [NHAZ],Recovery - recycling and backfilling (R2-R11) [RCV_R_B]
Cyprus,2012,83420,Non-hazardous [NHAZ],Recovery - recycling and backfilling (R2-R11) [RCV_R_B]
Cyprus,2014,42283,Non-hazardous [NHAZ],Recovery - recycling and backfilling (R2-R11) [RCV_R_B]
Cyprus,2016,107072,Non-hazardous [NHAZ],Recovery - recycling and backfilling (R2-R11) [RCV_R_B]
Cyprus,2018,140464,Non-hazardous [NHAZ],Recovery - recycling and backfilling (R2-R11) [RCV_R_B]
Cyprus,2020,205799,Non-hazardous [NHAZ],Recovery - recycling and backfilling (R2-R11) [RCV_R_B]
Cyprus,2022,211205,Non-hazardous [NHAZ],Recovery - recycling and backfilling (R2-R11) [RCV_R_B]
Latvia,2014,103839,Non-hazardous [NHAZ],Recovery - recycling and backfilling (R2-R11) [RCV_R_B]
Latvia,2016,109911,Non-hazardous [NHAZ],Recovery - recycling and backfilling (R2-R11) [RCV_R_B]
Latvia,2018,382566,Non-hazardous [NHAZ],Recovery - recycling and backfilling (R2-R11) [RCV_R_B]
Latvia,2020,314799,Non-hazardous [NHAZ],Recovery - recycling and backfilling (R2-R11) [RCV_R_B]
Latvia,2022,340844,Non-hazardous [NHAZ],Recovery - recycling and backfilling (R2-R11) [RCV_R_B]
Lithuania,2010,234810,Non-hazardous [NHAZ],Recovery - recycling and backfilling (R2-R11) [RCV_R_B]
Lithuania,2012,404445,Non-hazardous [NHAZ],Recovery - recycling and backfilling (R2-R11) [RCV_R_B]
Lithuania,2014,530431,Non-hazardous [NHAZ],Recovery - recycling and backfilling (R2-R11) [RCV_R_B]
Lithuania,2016,737709,Non-hazardous [NHAZ],Recovery - recycling and backfilling (R2-R11) [RCV_R_B]
Lithuania,2018,651065,Non-hazardous [NHAZ],Recovery - recycling and backfilling (R2-R11) [RCV_R_B]
Lithuania,2020,587163,Non-hazardous [NHAZ],Recovery - recycling and backfilling (R2-R11) [RCV_R_B]
Lithuania,2022,616231,Non-hazardous [NHAZ],Recovery - recycling and backfilling (R2-R11) [RCV_R_B]
Luxembourg,2010,528548,Non-hazardous [NHAZ],Recovery - recycling and backfilling (R2-R11) [RCV_R_B]
Luxembourg,2012,517516,Non-hazardous [NHAZ],Recovery - recycling and backfilling (R2-R11) [RCV_R_B]
Luxembourg,2014,488214,Non-hazardous [NHAZ],Recovery - recycling and backfilling (R2-R11) [RCV_R_B]
Luxembourg,2016,500886,Non-hazardous [NHAZ],Recovery - recycling and backfilling (R2-R11) [RCV_R_B]
Luxembourg,2018,381878,Non-hazardous [NHAZ],Recovery - recycling and backfilling (R2-R11) [RCV_R_B]
Luxembourg,2020,536986,Non-hazardous [NHAZ],Recovery - recycling and backfilling (R2-R11) [RCV_R_B]
Luxembourg,2022,1086581,Non-hazardous [NHAZ],Recovery - recycling and backfilling (R2-R11) [RCV_R_B]
Hungary,2010,1428066,Non-hazardous [NHAZ],Recovery - recycling and backfilling (R2-R11) [RCV_R_B]
Hungary,2012,1430307,Non-hazardous [NHAZ],Recovery - recycling and backfilling (R2-R11) [RCV_R_B]
Hungary,2014,2081700,Non-hazardous [NHAZ],Recovery - recycling and backfilling (R2-R11) [RCV_R_B]
Hungary,2016,2538053,Non-hazardous [NHAZ],Recovery - recycling and backfilling (R2-R11) [RCV_R_B]
Hungary,2018,3427857,Non-hazardous [NHAZ],Recovery - recycling and backfilling (R2-R11) [RCV_R_B]
Hungary,2020,4242801,Non-hazardous [NHAZ],Recovery - recycling and backfilling (R2-R11) [RCV_R_B]
Hungary,2022,3731389,Non-hazardous [NHAZ],Recovery - recycling and backfilling (R2-R11) [RCV_R_B]
Malta,2010,119946,Non-hazardous [NHAZ],Recovery - recycling and backfilling (R2-R11) [RCV_R_B]
Malta,2012,506027,Non-hazardous [NHAZ],Recovery - recycling and backfilling (R2-R11) [RCV_R_B]
Malta,2014,786983,Non-hazardous [NHAZ],Recovery - recycling and backfilling (R2-R11) [RCV_R_B]
Malta,2016,1030038,Non-hazardous [NHAZ],Recovery - recycling and backfilling (R2-R11) [RCV_R_B]
Malta,2018,1759799,Non-hazardous [NHAZ],Recovery - recycling and backfilling (R2-R11) [RCV_R_B]
Malta,2020,2947799,Non-hazardous [NHAZ],Recovery - recycling and backfilling (R2-R11) [RCV_R_B]
Malta,2022,2062364,Non-hazardous [NHAZ],Recovery - recycling and backfilling (R2-R11) [RCV_R_B]
Netherlands,2010,19053377,Non-hazardous [NHAZ],Recovery - recycling and backfilling (R2-R11) [RCV_R_B]
Netherlands,2012,18078597,Non-hazardous [NHAZ],Recovery - recycling and backfilling (R2-R11) [RCV_R_B]
Netherlands,2014,17562899,Non-hazardous [NHAZ],Recovery - recycling and backfilling (R2-R11) [RCV_R_B]
Netherlands,2016,17220678,Non-hazardous [NHAZ],Recovery - recycling and backfilling (R2-R11) [RCV_R_B]
Netherlands,2018,18190808,Non-hazardous [NHAZ],Recovery - recycling and backfilling (R2-R11) [RCV_R_B]
Netherlands,2020,18156215,Non-hazardous [NHAZ],Recovery - recycling and backfilling (R2-R11) [RCV_R_B]
Netherlands,2022,17749957,Non-hazardous [NHAZ],Recovery - recycling and backfilling (R2-R11) [RCV_R_B]
Austria,2010,5420000,Non-hazardous [NHAZ],Recovery - recycling and backfilling (R2-R11) [RCV_R_B]
Austria,2012,5786101,Non-hazardous [NHAZ],Recovery - recycling and backfilling (R2-R11) [RCV_R_B]
Austria,2014,8583738,Non-hazardous [NHAZ],Recovery - recycling and backfilling (R2-R11) [RCV_R_B]
Austria,2016,8771339,Non-hazardous [NHAZ],Recovery - recycling and backfilling (R2-R11) [RCV_R_B]
Austria,2018,9450405,Non-hazardous [NHAZ],Recovery - recycling and backfilling (R2-R11) [RCV_R_B]
Austria,2020,9755522,Non-hazardous [NHAZ],Recovery - recycling and backfilling (R2-R11) [RCV_R_B]
Austria,2022,9836310,Non-hazardous [NHAZ],Recovery - recycling and backfilling (R2-R11) [RCV_R_B]
Poland,2010,2931925,Non-hazardous [NHAZ],Recovery - recycling and backfilling (R2-R11) [RCV_R_B]
Poland,2012,2777139,Non-hazardous [NHAZ],Recovery - recycling and backfilling (R2-R11) [RCV_R_B]
Poland,2014,4891275,Non-hazardous [NHAZ],Recovery - recycling and backfilling (R2-R11) [RCV_R_B]
Poland,2016,3369701,Non-hazardous [NHAZ],Recovery - recycling and backfilling (R2-R11) [RCV_R_B]
Poland,2018,3637716,Non-hazardous [NHAZ],Recovery - recycling and backfilling (R2-R11) [RCV_R_B]
Poland,2020,3689025,Non-hazardous [NHAZ],Recovery - recycling and backfilling (R2-R11) [RCV_R_B]
Poland,2022,4410475,Non-hazardous [NHAZ],Recovery - recycling and backfilling (R2-R11) [RCV_R_B]
Portugal,2010,303453,Non-hazardous [NHAZ],Recovery - recycling and backfilling (R2-R11) [RCV_R_B]
Portugal,2012,484001,Non-hazardous [NHAZ],Recovery - recycling and backfilling (R2-R11) [RCV_R_B]
Portugal,2014,476997,Non-hazardous [NHAZ],Recovery - recycling and backfilling (R2-R11) [RCV_R_B]
Portugal,2016,850105,Non-hazardous [NHAZ],Recovery - recycling and backfilling (R2-R11) [RCV_R_B]
Portugal,2018,866375,Non-hazardous [NHAZ],Recovery - recycling and backfilling (R2-R11) [RCV_R_B]
Portugal,2020,1221259,Non-hazardous [NHAZ],Recovery - recycling and backfilling (R2-R11) [RCV_R_B]
Portugal,2022,1427625,Non-hazardous [NHAZ],Recovery - recycling and backfilling (R2-R11) [RCV_R_B]
Romania,2010,413348,Non-hazardous [NHAZ],Recovery - recycling and backfilling (R2-R11) [RCV_R_B]
Romania,2012,529350,Non-hazardous [NHAZ],Recovery - recycling and backfilling (R2-R11) [RCV_R_B]
Romania,2014,423548,Non-hazardous [NHAZ],Recovery - recycling and backfilling (R2-R11) [RCV_R_B]
Romania,2016,980632,Non-hazardous [NHAZ],Recovery - recycling and backfilling (R2-R11) [RCV_R_B]
Romania,2018,432349,Non-hazardous [NHAZ],Recovery - recycling and backfilling (R2-R11) [RCV_R_B]
Romania,2020,840652,Non-hazardous [NHAZ],Recovery - recycling and backfilling (R2-R11) [RCV_R_B]
Romania,2022,869575,Non-hazardous [NHAZ],Recovery - recycling and backfilling (R2-R11) [RCV_R_B]
Slovenia,2010,641134,Non-hazardous [NHAZ],Recovery - recycling and backfilling (R2-R11) [RCV_R_B]
Slovenia,2012,287303,Non-hazardous [NHAZ],Recovery - recycling and backfilling (R2-R11) [RCV_R_B]
Slovenia,2014,509501,Non-hazardous [NHAZ],Recovery - recycling and backfilling (R2-R11) [RCV_R_B]
Slovenia,2016,582000,Non-hazardous [NHAZ],Recovery - recycling and backfilling (R2-R11) [RCV_R_B]
Slovenia,2018,995715,Non-hazardous [NHAZ],Recovery - recycling and backfilling (R2-R11) [RCV_R_B]
Slovenia,2020,950885,Non-hazardous [NHAZ],Recovery - recycling and backfilling (R2-R11) [RCV_R_B]
Slovenia,2022,1123465,Non-hazardous [NHAZ],Recovery - recycling and backfilling (R2-R11) [RCV_R_B]
Slovakia,2014,229247,Non-hazardous [NHAZ],Recovery - recycling and backfilling (R2-R11) [RCV_R_B]
Slovakia,2016,217327,Non-hazardous [NHAZ],Recovery - recycling and backfilling (R2-R11) [RCV_R_B]
Slovakia,2018,177305,Non-hazardous [NHAZ],Recovery - recycling and backfilling (R2-R11) [RCV_R_B]
Slovakia,2020,703335,Non-hazardous [NHAZ],Recovery - recycling and backfilling (R2-R11) [RCV_R_B]
Slovakia,2022,1115743,Non-hazardous [NHAZ],Recovery - recycling and backfilling (R2-R11) [RCV_R_B]
Finland,2010,1352690,Non-hazardous [NHAZ],Recovery - recycling and backfilling (R2-R11) [RCV_R_B]
Finland,2012,515000,Non-hazardous [NHAZ],Recovery - recycling and backfilling (R2-R11) [RCV_R_B]
Finland,2014,1395649,Non-hazardous [NHAZ],Recovery - recycling and backfilling (R2-R11) [RCV_R_B]
Finland,2016,1725406,Non-hazardous [NHAZ],Recovery - recycling and backfilling (R2-R11) [RCV_R_B]
Finland,2018,828946,Non-hazardous [NHAZ],Recovery - recycling and backfilling (R2-R11) [RCV_R_B]
Finland,2020,693835,Non-hazardous [NHAZ],Recovery - recycling and backfilling (R2-R11) [RCV_R_B]
Finland,2022,660960,Non-hazardous [NHAZ],Recovery - recycling and backfilling (R2-R11) [RCV_R_B]
Sweden,2010,608659,Non-hazardous [NHAZ],Recovery - recycling and backfilling (R2-R11) [RCV_R_B]
Sweden,2012,428400,Non-hazardous [NHAZ],Recovery - recycling and backfilling (R2-R11) [RCV_R_B]
Sweden,2014,506942,Non-hazardous [NHAZ],Recovery - recycling and backfilling (R2-R11) [RCV_R_B]
Sweden,2016,860618,Non-hazardous [NHAZ],Recovery - recycling and backfilling (R2-R11) [RCV_R_B]
Sweden,2018,1091179,Non-hazardous [NHAZ],Recovery - recycling and backfilling (R2-R11) [RCV_R_B]
Sweden,2020,1203615,Non-hazardous [NHAZ],Recovery - recycling and backfilling (R2-R11) [RCV_R_B]
Iceland,2010,5441,Non-hazardous [NHAZ],Recovery - recycling and backfilling (R2-R11) [RCV_R_B]
Iceland,2012,2891,Non-hazardous [NHAZ],Recovery - recycling and backfilling (R2-R11) [RCV_R_B]
Iceland,2014,338556,Non-hazardous [NHAZ],Recovery - recycling and backfilling (R2-R11) [RCV_R_B]
Iceland,2016,471486,Non-hazardous [NHAZ],Recovery - recycling and backfilling (R2-R11) [RCV_R_B]
Iceland,2018,600265,Non-hazardous [NHAZ],Recovery - recycling and backfilling (R2-R11) [RCV_R_B]
Iceland,2020,407451,Non-hazardous [NHAZ],Recovery - recycling and backfilling (R2-R11) [RCV_R_B]
Iceland,2022,106612,Non-hazardous [NHAZ],Recovery - recycling and backfilling (R2-R11) [RCV_R_B]
Norway,2010,146335,Non-hazardous [NHAZ],Recovery - recycling and backfilling (R2-R11) [RCV_R_B]
Norway,2012,631137,Non-hazardous [NHAZ],Recovery - recycling and backfilling (R2-R11) [RCV_R_B]
Norway,2014,1365594,Non-hazardous [NHAZ],Recovery - recycling and backfilling (R2-R11) [RCV_R_B]
Norway,2016,1555114,Non-hazardous [NHAZ],Recovery - recycling and backfilling (R2-R11) [RCV_R_B]
Norway,2018,1499831,Non-hazardous [NHAZ],Recovery - recycling and backfilling (R2-R11) [RCV_R_B]
Norway,2020,1832932,Non-hazardous [NHAZ],Recovery - recycling and backfilling (R2-R11) [RCV_R_B]
Norway,2022,1798553,Non-hazardous [NHAZ],Recovery - recycling and backfilling (R2-R11) [RCV_R_B]
United Kingdom,2010,50859105,Non-hazardous [NHAZ],Recovery - recycling and backfilling (R2-R11) [RCV_R_B]
United Kingdom,2012,47596864,Non-hazardous [NHAZ],Recovery - recycling and backfilling (R2-R11) [RCV_R_B]
United Kingdom,2014,53668125,Non-hazardous [NHAZ],Recovery - recycling and backfilling (R2-R11) [RCV_R_B]
United Kingdom,2016,57664878,Non-hazardous [NHAZ],Recovery - recycling and backfilling (R2-R11) [RCV_R_B]
United Kingdom,2018,60018933,Non-hazardous [NHAZ],Recovery - recycling and backfilling (R2-R11) [RCV_R_B]
Bosnia and Herzegovina,2022,74,Non-hazardous [NHAZ],Recovery - recycling and backfilling (R2-R11) [RCV_R_B]
Montenegro,2012,0,Non-hazardous [NHAZ],Recovery - recycling and backfilling (R2-R11) [RCV_R_B]
Montenegro,2014,0,Non-hazardous [NHAZ],Recovery - recycling and backfilling (R2-R11) [RCV_R_B]
Montenegro,2016,0,Non-hazardous [NHAZ],Recovery - recycling and backfilling (R2-R11) [RCV_R_B]
Montenegro,2018,0,Non-hazardous [NHAZ],Recovery - recycling and backfilling (R2-R11) [RCV_R_B]
Montenegro,2020,340,Non-hazardous [NHAZ],Recovery - recycling and backfilling (R2-R11) [RCV_R_B]
Montenegro,2022,16,Non-hazardous [NHAZ],Recovery - recycling and backfilling (R2-R11) [RCV_R_B]
North Macedonia,2012,0,Non-hazardous [NHAZ],Recovery - recycling and backfilling (R2-R11) [RCV_R_B]
North Macedonia,2014,0,Non-hazardous [NHAZ],Recovery - recycling and backfilling (R2-R11) [RCV_R_B]
North Macedonia,2018,7873,Non-hazardous [NHAZ],Recovery - recycling and backfilling (R2-R11) [RCV_R_B]
North Macedonia,2020,0,Non-hazardous [NHAZ],Recovery - recycling and backfilling (R2-R11) [RCV_R_B]
North Macedonia,2022,0,Non-hazardous [NHAZ],Recovery - recycling and backfilling (R2-R11) [RCV_R_B]
Albania,2022,42751,Non-hazardous [NHAZ],Recovery - recycling and backfilling (R2-R11) [RCV_R_B]
Serbia,2014,1514,Non-hazardous [NHAZ],Recovery - recycling and backfilling (R2-R11) [RCV_R_B]
Serbia,2016,206564,Non-hazardous [NHAZ],Recovery - recycling and backfilling (R2-R11) [RCV_R_B]
Serbia,2018,289353,Non-hazardous [NHAZ],Recovery - recycling and backfilling (R2-R11) [RCV_R_B]
Serbia,2020,390744,Non-hazardous [NHAZ],Recovery - recycling and backfilling (R2-R11) [RCV_R_B]
Serbia,2022,209472,Non-hazardous [NHAZ],Recovery - recycling and backfilling (R2-R11) [RCV_R_B]
Türkiye,2012,56264,Non-hazardous [NHAZ],Recovery - recycling and backfilling (R2-R11) [RCV_R_B]
Türkiye,2018,0,Non-hazardous [NHAZ],Recovery - recycling and backfilling (R2-R11) [RCV_R_B]
Türkiye,2020,141,Non-hazardous [NHAZ],Recovery - recycling and backfilling (R2-R11) [RCV_R_B]
Kosovo*,2016,0,Non-hazardous [NHAZ],Recovery - recycling and backfilling (R2-R11) [RCV_R_B]
Kosovo*,2020,1313,Non-hazardous [NHAZ],Recovery - recycling and backfilling (R2-R11) [RCV_R_B]
Kosovo*,2022,83153,Non-hazardous [NHAZ],Recovery - recycling and backfilling (R2-R11) [RCV_R_B]
European Union - 27 countries (from 2020),2010,169920000,Non-hazardous [NHAZ],Recovery - recycling [RCV_R]
European Union - 27 countries (from 2020),2012,181580000,Non-hazardous [NHAZ],Recovery - recycling [RCV_R]
European Union - 27 countries (from 2020),2014,175990000,Non-hazardous [NHAZ],Recovery - recycling [RCV_R]
European Union - 27 countries (from 2020),2016,191930000,Non-hazardous [NHAZ],Recovery - recycling [RCV_R]
European Union - 27 countries (from 2020),2018,207060000,Non-hazardous [NHAZ],Recovery - recycling [RCV_R]
European Union - 27 countries (from 2020),2020,206170000,Non-hazardous [NHAZ],Recovery - recycling [RCV_R]
European Union - 27 countries (from 2020),2022,219600000,Non-hazardous [NHAZ],Recovery - recycling [RCV_R]
European Union - 28 countries (2013-2020),2010,218990000,Non-hazardous [NHAZ],Recovery - recycling [RCV_R]
European Union - 28 countries (2013-2020),2012,228360000,Non-hazardous [NHAZ],Recovery - recycling [RCV_R]
European Union - 28 countries (2013-2020),2014,228390000,Non-hazardous [NHAZ],Recovery - recycling [RCV_R]
European Union - 28 countries (2013-2020),2016,248920000,Non-hazardous [NHAZ],Recovery - recycling [RCV_R]
European Union - 28 countries (2013-2020),2018,266670000,Non-hazardous [NHAZ],Recovery - recycling [RCV_R]
Belgium,2010,15608,Non-hazardous [NHAZ],Recovery - recycling [RCV_R]
Belgium,2012,18840,Non-hazardous [NHAZ],Recovery - recycling [RCV_R]
Belgium,2014,52838,Non-hazardous [NHAZ],Recovery - recycling [RCV_R]
Belgium,2016,397211,Non-hazardous [NHAZ],Recovery - recycling [RCV_R]
Belgium,2018,472128,Non-hazardous [NHAZ],Recovery - recycling [RCV_R]
Belgium,2020,2501022,Non-hazardous [NHAZ],Recovery - recycling [RCV_R]
Belgium,2022,2562401,Non-hazardous [NHAZ],Recovery - recycling [RCV_R]
Bulgaria,2010,30040,Non-hazardous [NHAZ],Recovery - recycling [RCV_R]
Bulgaria,2012,60606,Non-hazardous [NHAZ],Recovery - recycling [RCV_R]
Bulgaria,2014,652508,Non-hazardous [NHAZ],Recovery - recycling [RCV_R]
Bulgaria,2016,546139,Non-hazardous [NHAZ],Recovery - recycling [RCV_R]
Bulgaria,2018,126388,Non-hazardous [NHAZ],Recovery - recycling [RCV_R]
Bulgaria,2020,901834,Non-hazardous [NHAZ],Recovery - recycling [RCV_R]
Bulgaria,2022,286099,Non-hazardous [NHAZ],Recovery - recycling [RCV_R]
Czechia,2010,1630297,Non-hazardous [NHAZ],Recovery - recycling [RCV_R]
Czechia,2012,2075716,Non-hazardous [NHAZ],Recovery - recycling [RCV_R]
Czechia,2014,2071050,Non-hazardous [NHAZ],Recovery - recycling [RCV_R]
Czechia,2016,3369077,Non-hazardous [NHAZ],Recovery - recycling [RCV_R]
Czechia,2018,5334510,Non-hazardous [NHAZ],Recovery - recycling [RCV_R]
Czechia,2020,4850836,Non-hazardous [NHAZ],Recovery - recycling [RCV_R]
Czechia,2022,4816748,Non-hazardous [NHAZ],Recovery - recycling [RCV_R]
Denmark,2010,1716788,Non-hazardous [NHAZ],Recovery - recycling [RCV_R]
Denmark,2012,2383384,Non-hazardous [NHAZ],Recovery - recycling [RCV_R]
Denmark,2014,2927591,Non-hazardous [NHAZ],Recovery - recycling [RCV_R]
Denmark,2016,3026975,Non-hazardous [NHAZ],Recovery - recycling [RCV_R]
Denmark,2018,1162812,Non-hazardous [NHAZ],Recovery - recycling [RCV_R]
Denmark,2020,838070,Non-hazardous [NHAZ],Recovery - recycling [RCV_R]
Denmark,2022,1508139,Non-hazardous [NHAZ],Recovery - recycling [RCV_R]
Germany,2010,61395812,Non-hazardous [NHAZ],Recovery - recycling [RCV_R]
Germany,2012,61490725,Non-hazardous [NHAZ],Recovery - recycling [RCV_R]
Germany,2014,61427689,Non-hazardous [NHAZ],Recovery - recycling [RCV_R]
Germany,2016,67324847,Non-hazardous [NHAZ],Recovery - recycling [RCV_R]
Germany,2018,66315424,Non-hazardous [NHAZ],Recovery - recycling [RCV_R]
Germany,2020,69255053,Non-hazardous [NHAZ],Recovery - recycling [RCV_R]
Germany,2022,67150973,Non-hazardous [NHAZ],Recovery - recycling [RCV_R]
Estonia,2010,526032,Non-hazardous [NHAZ],Recovery - recycling [RCV_R]
Estonia,2012,406409,Non-hazardous [NHAZ],Recovery - recycling [RCV_R]
Estonia,2014,581606,Non-hazardous [NHAZ],Recovery - recycling [RCV_R]
Estonia,2016,326600,Non-hazardous [NHAZ],Recovery - recycling [RCV_R]
Estonia,2018,564016,Non-hazardous [NHAZ],Recovery - recycling [RCV_R]
Estonia,2020,243175,Non-hazardous [NHAZ],Recovery - recycling [RCV_R]
Estonia,2022,509906,Non-hazardous [NHAZ],Recovery - recycling [RCV_R]
Ireland,2010,306453,Non-hazardous [NHAZ],Recovery - recycling [RCV_R]
Ireland,2012,212339,Non-hazardous [NHAZ],Recovery - recycling [RCV_R]
Ireland,2014,193465,Non-hazardous [NHAZ],Recovery - recycling [RCV_R]
Ireland,2016,189920,Non-hazardous [NHAZ],Recovery - recycling [RCV_R]
Ireland,2018,235780,Non-hazardous [NHAZ],Recovery - recycling [RCV_R]
Ireland,2020,220230,Non-hazardous [NHAZ],Recovery - recycling [RCV_R]
Ireland,2022,369828,Non-hazardous [NHAZ],Recovery - recycling [RCV_R]
Greece,2010,0,Non-hazardous [NHAZ],Recovery - recycling [RCV_R]
Greece,2012,2567,Non-hazardous [NHAZ],Recovery - recycling [RCV_R]
Greece,2014,595,Non-hazardous [NHAZ],Recovery - recycling [RCV_R]
Greece,2016,121677,Non-hazardous [NHAZ],Recovery - recycling [RCV_R]
Greece,2018,0,Non-hazardous [NHAZ],Recovery - recycling [RCV_R]
Greece,2020,1573901,Non-hazardous [NHAZ],Recovery - recycling [RCV_R]
Greece,2022,2228185,Non-hazardous [NHAZ],Recovery - recycling [RCV_R]
Spain,2010,4629298,Non-hazardous [NHAZ],Recovery - recycling [RCV_R]
Spain,2012,18705743,Non-hazardous [NHAZ],Recovery - recycling [RCV_R]
Spain,2014,4466158,Non-hazardous [NHAZ],Recovery - recycling [RCV_R]
Spain,2016,6413844,Non-hazardous [NHAZ],Recovery - recycling [RCV_R]
Spain,2018,10372122,Non-hazardous [NHAZ],Recovery - recycling [RCV_R]
Spain,2020,10285755,Non-hazardous [NHAZ],Recovery - recycling [RCV_R]
Spain,2022,10327392,Non-hazardous [NHAZ],Recovery - recycling [RCV_R]
France,2010,37611301,Non-hazardous [NHAZ],Recovery - recycling [RCV_R]
France,2012,35730736,Non-hazardous [NHAZ],Recovery - recycling [RCV_R]
France,2014,38160220,Non-hazardous [NHAZ],Recovery - recycling [RCV_R]
France,2016,40577897,Non-hazardous [NHAZ],Recovery - recycling [RCV_R]
France,2018,44770407,Non-hazardous [NHAZ],Recovery - recycling [RCV_R]
France,2020,34416812,Non-hazardous [NHAZ],Recovery - recycling [RCV_R]
France,2022,40350317,Non-hazardous [NHAZ],Recovery - recycling [RCV_R]
Croatia,2010,979,Non-hazardous [NHAZ],Recovery - recycling [RCV_R]
Croatia,2012,128818,Non-hazardous [NHAZ],Recovery - recycling [RCV_R]
Croatia,2014,191777,Non-hazardous [NHAZ],Recovery - recycling [RCV_R]
Croatia,2016,206998,Non-hazardous [NHAZ],Recovery - recycling [RCV_R]
Croatia,2018,212752,Non-hazardous [NHAZ],Recovery - recycling [RCV_R]
Croatia,2020,321057,Non-hazardous [NHAZ],Recovery - recycling [RCV_R]
Croatia,2022,352930,Non-hazardous [NHAZ],Recovery - recycling [RCV_R]
Italy,2010,29769839,Non-hazardous [NHAZ],Recovery - recycling [RCV_R]
Italy,2012,29765150,Non-hazardous [NHAZ],Recovery - recycling [RCV_R]
Italy,2014,29990797,Non-hazardous [NHAZ],Recovery - recycling [RCV_R]
Italy,2016,33154880,Non-hazardous [NHAZ],Recovery - recycling [RCV_R]
Italy,2018,39462692,Non-hazardous [NHAZ],Recovery - recycling [RCV_R]
Italy,2020,44350168,Non-hazardous [NHAZ],Recovery - recycling [RCV_R]
Italy,2022,52773144,Non-hazardous [NHAZ],Recovery - recycling [RCV_R]
Cyprus,2010,0,Non-hazardous [NHAZ],Recovery - recycling [RCV_R]
Cyprus,2012,62129,Non-hazardous [NHAZ],Recovery - recycling [RCV_R]
Cyprus,2014,42283,Non-hazardous [NHAZ],Recovery - recycling [RCV_R]
Cyprus,2016,107072,Non-hazardous [NHAZ],Recovery - recycling [RCV_R]
Cyprus,2018,140464,Non-hazardous [NHAZ],Recovery - recycling [RCV_R]
Cyprus,2020,205799,Non-hazardous [NHAZ],Recovery - recycling [RCV_R]
Cyprus,2022,211205,Non-hazardous [NHAZ],Recovery - recycling [RCV_R]
Latvia,2010,133271,Non-hazardous [NHAZ],Recovery - recycling [RCV_R]
Latvia,2012,148615,Non-hazardous [NHAZ],Recovery - recycling [RCV_R]
Latvia,2014,92541,Non-hazardous [NHAZ],Recovery - recycling [RCV_R]
Latvia,2016,95293,Non-hazardous [NHAZ],Recovery - recycling [RCV_R]
Latvia,2018,347865,Non-hazardous [NHAZ],Recovery - recycling [RCV_R]
Latvia,2020,284144,Non-hazardous [NHAZ],Recovery - recycling [RCV_R]
Latvia,2022,320316,Non-hazardous [NHAZ],Recovery - recycling [RCV_R]
Lithuania,2010,234810,Non-hazardous [NHAZ],Recovery - recycling [RCV_R]
Lithuania,2012,338332,Non-hazardous [NHAZ],Recovery - recycling [RCV_R]
Lithuania,2014,417067,Non-hazardous [NHAZ],Recovery - recycling [RCV_R]
Lithuania,2016,538321,Non-hazardous [NHAZ],Recovery - recycling [RCV_R]
Lithuania,2018,521572,Non-hazardous [NHAZ],Recovery - recycling [RCV_R]
Lithuania,2020,469153,Non-hazardous [NHAZ],Recovery - recycling [RCV_R]
Lithuania,2022,515913,Non-hazardous [NHAZ],Recovery - recycling [RCV_R]
Luxembourg,2010,513548,Non-hazardous [NHAZ],Recovery - recycling [RCV_R]
Luxembourg,2012,517516,Non-hazardous [NHAZ],Recovery - recycling [RCV_R]
Luxembourg,2014,409555,Non-hazardous [NHAZ],Recovery - recycling [RCV_R]
Luxembourg,2016,354855,Non-hazardous [NHAZ],Recovery - recycling [RCV_R]
Luxembourg,2018,379982,Non-hazardous [NHAZ],Recovery - recycling [RCV_R]
Luxembourg,2020,484971,Non-hazardous [NHAZ],Recovery - recycling [RCV_R]
Luxembourg,2022,1031481,Non-hazardous [NHAZ],Recovery - recycling [RCV_R]
Hungary,2010,1252888,Non-hazardous [NHAZ],Recovery - recycling [RCV_R]
Hungary,2012,1254706,Non-hazardous [NHAZ],Recovery - recycling [RCV_R]
Hungary,2014,1772132,Non-hazardous [NHAZ],Recovery - recycling [RCV_R]
Hungary,2016,2294812,Non-hazardous [NHAZ],Recovery - recycling [RCV_R]
Hungary,2018,3193348,Non-hazardous [NHAZ],Recovery - recycling [RCV_R]
Hungary,2020,434880,Non-hazardous [NHAZ],Recovery - recycling [RCV_R]
Hungary,2022,840512,Non-hazardous [NHAZ],Recovery - recycling [RCV_R]
Malta,2010,119412,Non-hazardous [NHAZ],Recovery - recycling [RCV_R]
Malta,2012,113082,Non-hazardous [NHAZ],Recovery - recycling [RCV_R]
Malta,2014,273203,Non-hazardous [NHAZ],Recovery - recycling [RCV_R]
Malta,2016,198291,Non-hazardous [NHAZ],Recovery - recycling [RCV_R]
Malta,2018,392847,Non-hazardous [NHAZ],Recovery - recycling [RCV_R]
Malta,2020,1232033,Non-hazardous [NHAZ],Recovery - recycling [RCV_R]
Malta,2022,1387057,Non-hazardous [NHAZ],Recovery - recycling [RCV_R]
Netherlands,2010,19053377,Non-hazardous [NHAZ],Recovery - recycling [RCV_R]
Netherlands,2012,18078597,Non-hazardous [NHAZ],Recovery - recycling [RCV_R]
Netherlands,2014,17562899,Non-hazardous [NHAZ],Recovery - recycling [RCV_R]
Netherlands,2016,17220678,Non-hazardous [NHAZ],Recovery - recycling [RCV_R]
Netherlands,2018,18190808,Non-hazardous [NHAZ],Recovery - recycling [RCV_R]
Netherlands,2020,18156215,Non-hazardous [NHAZ],Recovery - recycling [RCV_R]
Netherlands,2022,17749957,Non-hazardous [NHAZ],Recovery - recycling [RCV_R]
Austria,2010,5420000,Non-hazardous [NHAZ],Recovery - recycling [RCV_R]
Austria,2012,5786101,Non-hazardous [NHAZ],Recovery - recycling [RCV_R]
Austria,2014,7572192,Non-hazardous [NHAZ],Recovery - recycling [RCV_R]
Austria,2016,8641310,Non-hazardous [NHAZ],Recovery - recycling [RCV_R]
Austria,2018,8967405,Non-hazardous [NHAZ],Recovery - recycling [RCV_R]
Austria,2020,9207654,Non-hazardous [NHAZ],Recovery - recycling [RCV_R]
Austria,2022,7532370,Non-hazardous [NHAZ],Recovery - recycling [RCV_R]
Poland,2010,2219750,Non-hazardous [NHAZ],Recovery - recycling [RCV_R]
Poland,2012,2043436,Non-hazardous [NHAZ],Recovery - recycling [RCV_R]
Poland,2014,3952760,Non-hazardous [NHAZ],Recovery - recycling [RCV_R]
Poland,2016,2572839,Non-hazardous [NHAZ],Recovery - recycling [RCV_R]
Poland,2018,2500181,Non-hazardous [NHAZ],Recovery - recycling [RCV_R]
Poland,2020,1756783,Non-hazardous [NHAZ],Recovery - recycling [RCV_R]
Poland,2022,1802327,Non-hazardous [NHAZ],Recovery - recycling [RCV_R]
Portugal,2010,250258,Non-hazardous [NHAZ],Recovery - recycling [RCV_R]
Portugal,2012,342799,Non-hazardous [NHAZ],Recovery - recycling [RCV_R]
Portugal,2014,262809,Non-hazardous [NHAZ],Recovery - recycling [RCV_R]
Portugal,2016,361451,Non-hazardous [NHAZ],Recovery - recycling [RCV_R]
Portugal,2018,298473,Non-hazardous [NHAZ],Recovery - recycling [RCV_R]
Portugal,2020,408825,Non-hazardous [NHAZ],Recovery - recycling [RCV_R]
Portugal,2022,625295,Non-hazardous [NHAZ],Recovery - recycling [RCV_R]
Romania,2010,268616,Non-hazardous [NHAZ],Recovery - recycling [RCV_R]
Romania,2012,529350,Non-hazardous [NHAZ],Recovery - recycling [RCV_R]
Romania,2014,277048,Non-hazardous [NHAZ],Recovery - recycling [RCV_R]
Romania,2016,560176,Non-hazardous [NHAZ],Recovery - recycling [RCV_R]
Romania,2018,304661,Non-hazardous [NHAZ],Recovery - recycling [RCV_R]
Romania,2020,617458,Non-hazardous [NHAZ],Recovery - recycling [RCV_R]
Romania,2022,526046,Non-hazardous [NHAZ],Recovery - recycling [RCV_R]
Slovenia,2010,633146,Non-hazardous [NHAZ],Recovery - recycling [RCV_R]
Slovenia,2012,283253,Non-hazardous [NHAZ],Recovery - recycling [RCV_R]
Slovenia,2014,509501,Non-hazardous [NHAZ],Recovery - recycling [RCV_R]
Slovenia,2016,581659,Non-hazardous [NHAZ],Recovery - recycling [RCV_R]
Slovenia,2018,995715,Non-hazardous [NHAZ],Recovery - recycling [RCV_R]
Slovenia,2020,950885,Non-hazardous [NHAZ],Recovery - recycling [RCV_R]
Slovenia,2022,818472,Non-hazardous [NHAZ],Recovery - recycling [RCV_R]
Slovakia,2010,226101,Non-hazardous [NHAZ],Recovery - recycling [RCV_R]
Slovakia,2012,162347,Non-hazardous [NHAZ],Recovery - recycling [RCV_R]
Slovakia,2014,229247,Non-hazardous [NHAZ],Recovery - recycling [RCV_R]
Slovakia,2016,206040,Non-hazardous [NHAZ],Recovery - recycling [RCV_R]
Slovakia,2018,130169,Non-hazardous [NHAZ],Recovery - recycling [RCV_R]
Slovakia,2020,693748,Non-hazardous [NHAZ],Recovery - recycling [RCV_R]
Slovakia,2022,1115556,Non-hazardous [NHAZ],Recovery - recycling [RCV_R]
Finland,2010,1352690,Non-hazardous [NHAZ],Recovery - recycling [RCV_R]
Finland,2012,515000,Non-hazardous [NHAZ],Recovery - recycling [RCV_R]
Finland,2014,1395649,Non-hazardous [NHAZ],Recovery - recycling [RCV_R]
Finland,2016,1725406,Non-hazardous [NHAZ],Recovery - recycling [RCV_R]
Finland,2018,815724,Non-hazardous [NHAZ],Recovery - recycling [RCV_R]
Finland,2020,660423,Non-hazardous [NHAZ],Recovery - recycling [RCV_R]
Finland,2022,589760,Non-hazardous [NHAZ],Recovery - recycling [RCV_R]
Sweden,2010,608659,Non-hazardous [NHAZ],Recovery - recycling [RCV_R]
Sweden,2012,428400,Non-hazardous [NHAZ],Recovery - recycling [RCV_R]
Sweden,2014,505746,Non-hazardous [NHAZ],Recovery - recycling [RCV_R]
Sweden,2016,813738,Non-hazardous [NHAZ],Recovery - recycling [RCV_R]
Sweden,2018,852007,Non-hazardous [NHAZ],Recovery - recycling [RCV_R]
Sweden,2020,848561,Non-hazardous [NHAZ],Recovery - recycling [RCV_R]
Iceland,2010,3607,Non-hazardous [NHAZ],Recovery - recycling [RCV_R]
Iceland,2012,0,Non-hazardous [NHAZ],Recovery - recycling [RCV_R]
Iceland,2014,1683,Non-hazardous [NHAZ],Recovery - recycling [RCV_R]
Iceland,2016,5547,Non-hazardous [NHAZ],Recovery - recycling [RCV_R]
Iceland,2018,0,Non-hazardous [NHAZ],Recovery - recycling [RCV_R]
Iceland,2020,21975,Non-hazardous [NHAZ],Recovery - recycling [RCV_R]
Iceland,2022,90621,Non-hazardous [NHAZ],Recovery - recycling [RCV_R]
Norway,2010,124337,Non-hazardous [NHAZ],Recovery - recycling [RCV_R]
Norway,2012,589351,Non-hazardous [NHAZ],Recovery - recycling [RCV_R]
Norway,2014,971942,Non-hazardous [NHAZ],Recovery - recycling [RCV_R]
Norway,2016,1330948,Non-hazardous [NHAZ],Recovery - recycling [RCV_R]
Norway,2018,1096396,Non-hazardous [NHAZ],Recovery - recycling [RCV_R]
Norway,2020,1803293,Non-hazardous [NHAZ],Recovery - recycling [RCV_R]
Norway,2022,1711292,Non-hazardous [NHAZ],Recovery - recycling [RCV_R]
United Kingdom,2010,49075106,Non-hazardous [NHAZ],Recovery - recycling [RCV_R]
United Kingdom,2012,46777840,Non-hazardous [NHAZ],Recovery - recycling [RCV_R]
United Kingdom,2014,52395813,Non-hazardous [NHAZ],Recovery - recycling [RCV_R]
United Kingdom,2016,56987772,Non-hazardous [NHAZ],Recovery - recycling [RCV_R]
United Kingdom,2018,59569485,Non-hazardous [NHAZ],Recovery - recycling [RCV_R]
Bosnia and Herzegovina,2022,74,Non-hazardous [NHAZ],Recovery - recycling [RCV_R]
Montenegro,2012,0,Non-hazardous [NHAZ],Recovery - recycling [RCV_R]
Montenegro,2014,0,Non-hazardous [NHAZ],Recovery - recycling [RCV_R]
Montenegro,2016,0,Non-hazardous [NHAZ],Recovery - recycling [RCV_R]
Montenegro,2018,0,Non-hazardous [NHAZ],Recovery - recycling [RCV_R]
Montenegro,2020,340,Non-hazardous [NHAZ],Recovery - recycling [RCV_R]
Montenegro,2022,16,Non-hazardous [NHAZ],Recovery - recycling [RCV_R]
North Macedonia,2010,0,Non-hazardous [NHAZ],Recovery - recycling [RCV_R]
North Macedonia,2012,0,Non-hazardous [NHAZ],Recovery - recycling [RCV_R]
North Macedonia,2014,0,Non-hazardous [NHAZ],Recovery - recycling [RCV_R]
North Macedonia,2018,7873,Non-hazardous [NHAZ],Recovery - recycling [RCV_R]
North Macedonia,2020,0,Non-hazardous [NHAZ],Recovery - recycling [RCV_R]
North Macedonia,2022,0,Non-hazardous [NHAZ],Recovery - recycling [RCV_R]
Albania,2022,25677,Non-hazardous [NHAZ],Recovery - recycling [RCV_R]
Serbia,2010,7,Non-hazardous [NHAZ],Recovery - recycling [RCV_R]
Serbia,2012,0,Non-hazardous [NHAZ],Recovery - recycling [RCV_R]
Serbia,2014,1514,Non-hazardous [NHAZ],Recovery - recycling [RCV_R]
Serbia,2016,1685,Non-hazardous [NHAZ],Recovery - recycling [RCV_R]
Serbia,2018,4,Non-hazardous [NHAZ],Recovery - recycling [RCV_R]
Serbia,2020,14030,Non-hazardous [NHAZ],Recovery - recycling [RCV_R]
Serbia,2022,1351,Non-hazardous [NHAZ],Recovery - recycling [RCV_R]
Türkiye,2018,0,Non-hazardous [NHAZ],Recovery - recycling [RCV_R]
Türkiye,2020,141,Non-hazardous [NHAZ],Recovery - recycling [RCV_R]
Kosovo*,2016,0,Non-hazardous [NHAZ],Recovery - recycling [RCV_R]
Kosovo*,2020,1313,Non-hazardous [NHAZ],Recovery - recycling [RCV_R]
Kosovo*,2022,83153,Non-hazardous [NHAZ],Recovery - recycling [RCV_R]
European Union - 27 countries (from 2020),2014,15570000,Non-hazardous [NHAZ],Recovery - backfilling [RCV_B]
European Union - 27 countries (from 2020),2016,16500000,Non-hazardous [NHAZ],Recovery - backfilling [RCV_B]
European Union - 27 countries (from 2020),2018,22060000,Non-hazardous [NHAZ],Recovery - backfilling [RCV_B]
European Union - 27 countries (from 2020),2020,32080000,Non-hazardous [NHAZ],Recovery - backfilling [RCV_B]
European Union - 27 countries (from 2020),2022,30470000,Non-hazardous [NHAZ],Recovery - backfilling [RCV_B]
European Union - 28 countries (2013-2020),2014,16840000,Non-hazardous [NHAZ],Recovery - backfilling [RCV_B]
European Union - 28 countries (2013-2020),2016,17180000,Non-hazardous [NHAZ],Recovery - backfilling [RCV_B]
European Union - 28 countries (2013-2020),2018,22510000,Non-hazardous [NHAZ],Recovery - backfilling [RCV_B]
Belgium,2010,0,Non-hazardous [NHAZ],Recovery - backfilling [RCV_B]
Belgium,2012,0,Non-hazardous [NHAZ],Recovery - backfilling [RCV_B]
Belgium,2014,0,Non-hazardous [NHAZ],Recovery - backfilling [RCV_B]
Belgium,2016,0,Non-hazardous [NHAZ],Recovery - backfilling [RCV_B]
Belgium,2018,0,Non-hazardous [NHAZ],Recovery - backfilling [RCV_B]
Belgium,2020,2120573,Non-hazardous [NHAZ],Recovery - backfilling [RCV_B]
Belgium,2022,0,Non-hazardous [NHAZ],Recovery - backfilling [RCV_B]
Bulgaria,2010,0,Non-hazardous [NHAZ],Recovery - backfilling [RCV_B]
Bulgaria,2012,0,Non-hazardous [NHAZ],Recovery - backfilling [RCV_B]
Bulgaria,2014,0,Non-hazardous [NHAZ],Recovery - backfilling [RCV_B]
Bulgaria,2016,0,Non-hazardous [NHAZ],Recovery - backfilling [RCV_B]
Bulgaria,2018,0,Non-hazardous [NHAZ],Recovery - backfilling [RCV_B]
Bulgaria,2020,0,Non-hazardous [NHAZ],Recovery - backfilling [RCV_B]
Bulgaria,2022,0,Non-hazardous [NHAZ],Recovery - backfilling [RCV_B]
Czechia,2010,1033342,Non-hazardous [NHAZ],Recovery - backfilling [RCV_B]
Czechia,2012,1043770,Non-hazardous [NHAZ],Recovery - backfilling [RCV_B]
Czechia,2014,1118288,Non-hazardous [NHAZ],Recovery - backfilling [RCV_B]
Czechia,2016,1099150,Non-hazardous [NHAZ],Recovery - backfilling [RCV_B]
Czechia,2020,1851292,Non-hazardous [NHAZ],Recovery - backfilling [RCV_B]
Czechia,2022,1213992,Non-hazardous [NHAZ],Recovery - backfilling [RCV_B]
Denmark,2012,0,Non-hazardous [NHAZ],Recovery - backfilling [RCV_B]
Denmark,2014,0,Non-hazardous [NHAZ],Recovery - backfilling [RCV_B]
Denmark,2016,0,Non-hazardous [NHAZ],Recovery - backfilling [RCV_B]
Denmark,2018,2704534,Non-hazardous [NHAZ],Recovery - backfilling [RCV_B]
Denmark,2020,2585756,Non-hazardous [NHAZ],Recovery - backfilling [RCV_B]
Denmark,2022,2761882,Non-hazardous [NHAZ],Recovery - backfilling [RCV_B]
Germany,2010,6700602,Non-hazardous [NHAZ],Recovery - backfilling [RCV_B]
Germany,2012,5994516,Non-hazardous [NHAZ],Recovery - backfilling [RCV_B]
Germany,2018,6390658,Non-hazardous [NHAZ],Recovery - backfilling [RCV_B]
Estonia,2010,56776,Non-hazardous [NHAZ],Recovery - backfilling [RCV_B]
Estonia,2012,113814,Non-hazardous [NHAZ],Recovery - backfilling [RCV_B]
Estonia,2014,123459,Non-hazardous [NHAZ],Recovery - backfilling [RCV_B]
Estonia,2016,168415,Non-hazardous [NHAZ],Recovery - backfilling [RCV_B]
Estonia,2018,410481,Non-hazardous [NHAZ],Recovery - backfilling [RCV_B]
Estonia,2020,373859,Non-hazardous [NHAZ],Recovery - backfilling [RCV_B]
Estonia,2022,206256,Non-hazardous [NHAZ],Recovery - backfilling [RCV_B]
Ireland,2010,138347,Non-hazardous [NHAZ],Recovery - backfilling [RCV_B]
Ireland,2012,73133,Non-hazardous [NHAZ],Recovery - backfilling [RCV_B]
Ireland,2014,203948,Non-hazardous [NHAZ],Recovery - backfilling [RCV_B]
Ireland,2016,222232,Non-hazardous [NHAZ],Recovery - backfilling [RCV_B]
Ireland,2018,637900,Non-hazardous [NHAZ],Recovery - backfilling [RCV_B]
Ireland,2020,297956,Non-hazardous [NHAZ],Recovery - backfilling [RCV_B]
Ireland,2022,376176,Non-hazardous [NHAZ],Recovery - backfilling [RCV_B]
Greece,2010,249,Non-hazardous [NHAZ],Recovery - backfilling [RCV_B]
Greece,2014,31,Non-hazardous [NHAZ],Recovery - backfilling [RCV_B]
Greece,2016,0,Non-hazardous [NHAZ],Recovery - backfilling [RCV_B]
Greece,2018,698753,Non-hazardous [NHAZ],Recovery - backfilling [RCV_B]
Greece,2020,0,Non-hazardous [NHAZ],Recovery - backfilling [RCV_B]
Greece,2022,0,Non-hazardous [NHAZ],Recovery - backfilling [RCV_B]
Spain,2010,2673002,Non-hazardous [NHAZ],Recovery - backfilling [RCV_B]
Spain,2012,4328999,Non-hazardous [NHAZ],Recovery - backfilling [RCV_B]
Spain,2014,467168,Non-hazardous [NHAZ],Recovery - backfilling [RCV_B]
Spain,2016,757549,Non-hazardous [NHAZ],Recovery - backfilling [RCV_B]
Spain,2018,445229,Non-hazardous [NHAZ],Recovery - backfilling [RCV_B]
Spain,2020,140213,Non-hazardous [NHAZ],Recovery - backfilling [RCV_B]
Spain,2022,584522,Non-hazardous [NHAZ],Recovery - backfilling [RCV_B]
France,2010,4907103,Non-hazardous [NHAZ],Recovery - backfilling [RCV_B]
France,2012,4661748,Non-hazardous [NHAZ],Recovery - backfilling [RCV_B]
France,2014,4249525,Non-hazardous [NHAZ],Recovery - backfilling [RCV_B]
France,2016,4190563,Non-hazardous [NHAZ],Recovery - backfilling [RCV_B]
France,2018,4489642,Non-hazardous [NHAZ],Recovery - backfilling [RCV_B]
France,2020,8564254,Non-hazardous [NHAZ],Recovery - backfilling [RCV_B]
France,2022,9989122,Non-hazardous [NHAZ],Recovery - backfilling [RCV_B]
Croatia,2010,0,Non-hazardous [NHAZ],Recovery - backfilling [RCV_B]
Croatia,2012,0,Non-hazardous [NHAZ],Recovery - backfilling [RCV_B]
Croatia,2014,5701,Non-hazardous [NHAZ],Recovery - backfilling [RCV_B]
Croatia,2016,131434,Non-hazardous [NHAZ],Recovery - backfilling [RCV_B]
Croatia,2018,24230,Non-hazardous [NHAZ],Recovery - backfilling [RCV_B]
Croatia,2020,51991,Non-hazardous [NHAZ],Recovery - backfilling [RCV_B]
Croatia,2022,16624,Non-hazardous [NHAZ],Recovery - backfilling [RCV_B]
Italy,2010,337196,Non-hazardous [NHAZ],Recovery - backfilling [RCV_B]
Italy,2012,160290,Non-hazardous [NHAZ],Recovery - backfilling [RCV_B]
Italy,2014,316790,Non-hazardous [NHAZ],Recovery - backfilling [RCV_B]
Italy,2016,138930,Non-hazardous [NHAZ],Recovery - backfilling [RCV_B]
Italy,2018,147623,Non-hazardous [NHAZ],Recovery - backfilling [RCV_B]
Italy,2020,301917,Non-hazardous [NHAZ],Recovery - backfilling [RCV_B]
Italy,2022,436932,Non-hazardous [NHAZ],Recovery - backfilling [RCV_B]
Cyprus,2010,481,Non-hazardous [NHAZ],Recovery - backfilling [RCV_B]
Cyprus,2012,21291,Non-hazardous [NHAZ],Recovery - backfilling [RCV_B]
Cyprus,2014,0,Non-hazardous [NHAZ],Recovery - backfilling [RCV_B]
Cyprus,2016,0,Non-hazardous [NHAZ],Recovery - backfilling [RCV_B]
Cyprus,2018,0,Non-hazardous [NHAZ],Recovery - backfilling [RCV_B]
Cyprus,2020,0,Non-hazardous [NHAZ],Recovery - backfilling [RCV_B]
Cyprus,2022,0,Non-hazardous [NHAZ],Recovery - backfilling [RCV_B]
Latvia,2014,11298,Non-hazardous [NHAZ],Recovery - backfilling [RCV_B]
Latvia,2016,14618,Non-hazardous [NHAZ],Recovery - backfilling [RCV_B]
Latvia,2018,34701,Non-hazardous [NHAZ],Recovery - backfilling [RCV_B]
Latvia,2020,30655,Non-hazardous [NHAZ],Recovery - backfilling [RCV_B]
Latvia,2022,20528,Non-hazardous [NHAZ],Recovery - backfilling [RCV_B]
Lithuania,2010,0,Non-hazardous [NHAZ],Recovery - backfilling [RCV_B]
Lithuania,2012,66113,Non-hazardous [NHAZ],Recovery - backfilling [RCV_B]
Lithuania,2014,113364,Non-hazardous [NHAZ],Recovery - backfilling [RCV_B]
Lithuania,2016,199388,Non-hazardous [NHAZ],Recovery - backfilling [RCV_B]
Lithuania,2018,129493,Non-hazardous [NHAZ],Recovery - backfilling [RCV_B]
Lithuania,2020,118010,Non-hazardous [NHAZ],Recovery - backfilling [RCV_B]
Lithuania,2022,100317,Non-hazardous [NHAZ],Recovery - backfilling [RCV_B]
Luxembourg,2012,0,Non-hazardous [NHAZ],Recovery - backfilling [RCV_B]
Luxembourg,2016,146031,Non-hazardous [NHAZ],Recovery - backfilling [RCV_B]
Luxembourg,2018,1896,Non-hazardous [NHAZ],Recovery - backfilling [RCV_B]
Luxembourg,2020,52015,Non-hazardous [NHAZ],Recovery - backfilling [RCV_B]
Luxembourg,2022,55100,Non-hazardous [NHAZ],Recovery - backfilling [RCV_B]
Hungary,2010,175178,Non-hazardous [NHAZ],Recovery - backfilling [RCV_B]
Hungary,2012,175601,Non-hazardous [NHAZ],Recovery - backfilling [RCV_B]
Hungary,2014,309568,Non-hazardous [NHAZ],Recovery - backfilling [RCV_B]
Hungary,2016,243241,Non-hazardous [NHAZ],Recovery - backfilling [RCV_B]
Hungary,2018,234509,Non-hazardous [NHAZ],Recovery - backfilling [RCV_B]
Hungary,2020,3807921,Non-hazardous [NHAZ],Recovery - backfilling [RCV_B]
Hungary,2022,2890877,Non-hazardous [NHAZ],Recovery - backfilling [RCV_B]
Malta,2010,534,Non-hazardous [NHAZ],Recovery - backfilling [RCV_B]
Malta,2012,392945,Non-hazardous [NHAZ],Recovery - backfilling [RCV_B]
Malta,2014,513781,Non-hazardous [NHAZ],Recovery - backfilling [RCV_B]
Malta,2016,831747,Non-hazardous [NHAZ],Recovery - backfilling [RCV_B]
Malta,2018,1366953,Non-hazardous [NHAZ],Recovery - backfilling [RCV_B]
Malta,2020,1715766,Non-hazardous [NHAZ],Recovery - backfilling [RCV_B]
Malta,2022,675307,Non-hazardous [NHAZ],Recovery - backfilling [RCV_B]
Netherlands,2010,0,Non-hazardous [NHAZ],Recovery - backfilling [RCV_B]
Netherlands,2012,0,Non-hazardous [NHAZ],Recovery - backfilling [RCV_B]
Netherlands,2014,0,Non-hazardous [NHAZ],Recovery - backfilling [RCV_B]
Netherlands,2016,0,Non-hazardous [NHAZ],Recovery - backfilling [RCV_B]
Netherlands,2018,0,Non-hazardous [NHAZ],Recovery - backfilling [RCV_B]
Netherlands,2020,0,Non-hazardous [NHAZ],Recovery - backfilling [RCV_B]
Netherlands,2022,0,Non-hazardous [NHAZ],Recovery - backfilling [RCV_B]
Austria,2010,0,Non-hazardous [NHAZ],Recovery - backfilling [RCV_B]
Austria,2012,0,Non-hazardous [NHAZ],Recovery - backfilling [RCV_B]
Austria,2014,1011546,Non-hazardous [NHAZ],Recovery - backfilling [RCV_B]
Austria,2016,130029,Non-hazardous [NHAZ],Recovery - backfilling [RCV_B]
Austria,2018,483000,Non-hazardous [NHAZ],Recovery - backfilling [RCV_B]
Austria,2020,547868,Non-hazardous [NHAZ],Recovery - backfilling [RCV_B]
Austria,2022,2303940,Non-hazardous [NHAZ],Recovery - backfilling [RCV_B]
Poland,2010,712175,Non-hazardous [NHAZ],Recovery - backfilling [RCV_B]
Poland,2012,733703,Non-hazardous [NHAZ],Recovery - backfilling [RCV_B]
Poland,2014,938515,Non-hazardous [NHAZ],Recovery - backfilling [RCV_B]
Poland,2016,796862,Non-hazardous [NHAZ],Recovery - backfilling [RCV_B]
Poland,2018,1137535,Non-hazardous [NHAZ],Recovery - backfilling [RCV_B]
Poland,2020,1932242,Non-hazardous [NHAZ],Recovery - backfilling [RCV_B]
Poland,2022,2608148,Non-hazardous [NHAZ],Recovery - backfilling [RCV_B]
Portugal,2010,53195,Non-hazardous [NHAZ],Recovery - backfilling [RCV_B]
Portugal,2012,141202,Non-hazardous [NHAZ],Recovery - backfilling [RCV_B]
Portugal,2014,214188,Non-hazardous [NHAZ],Recovery - backfilling [RCV_B]
Portugal,2016,488654,Non-hazardous [NHAZ],Recovery - backfilling [RCV_B]
Portugal,2018,567902,Non-hazardous [NHAZ],Recovery - backfilling [RCV_B]
Portugal,2020,812434,Non-hazardous [NHAZ],Recovery - backfilling [RCV_B]
Portugal,2022,802330,Non-hazardous [NHAZ],Recovery - backfilling [RCV_B]
Romania,2010,144732,Non-hazardous [NHAZ],Recovery - backfilling [RCV_B]
Romania,2012,0,Non-hazardous [NHAZ],Recovery - backfilling [RCV_B]
Romania,2014,146500,Non-hazardous [NHAZ],Recovery - backfilling [RCV_B]
Romania,2016,420456,Non-hazardous [NHAZ],Recovery - backfilling [RCV_B]
Romania,2018,127688,Non-hazardous [NHAZ],Recovery - backfilling [RCV_B]
Romania,2020,223193,Non-hazardous [NHAZ],Recovery - backfilling [RCV_B]
Romania,2022,343529,Non-hazardous [NHAZ],Recovery - backfilling [RCV_B]
Slovenia,2010,7988,Non-hazardous [NHAZ],Recovery - backfilling [RCV_B]
Slovenia,2012,4050,Non-hazardous [NHAZ],Recovery - backfilling [RCV_B]
Slovenia,2014,0,Non-hazardous [NHAZ],Recovery - backfilling [RCV_B]
Slovenia,2016,341,Non-hazardous [NHAZ],Recovery - backfilling [RCV_B]
Slovenia,2018,0,Non-hazardous [NHAZ],Recovery - backfilling [RCV_B]
Slovenia,2020,0,Non-hazardous [NHAZ],Recovery - backfilling [RCV_B]
Slovenia,2022,304992,Non-hazardous [NHAZ],Recovery - backfilling [RCV_B]
Slovakia,2014,0,Non-hazardous [NHAZ],Recovery - backfilling [RCV_B]
Slovakia,2016,11287,Non-hazardous [NHAZ],Recovery - backfilling [RCV_B]
Slovakia,2018,47136,Non-hazardous [NHAZ],Recovery - backfilling [RCV_B]
Slovakia,2020,9587,Non-hazardous [NHAZ],Recovery - backfilling [RCV_B]
Slovakia,2022,186,Non-hazardous [NHAZ],Recovery - backfilling [RCV_B]
Finland,2010,0,Non-hazardous [NHAZ],Recovery - backfilling [RCV_B]
Finland,2012,0,Non-hazardous [NHAZ],Recovery - backfilling [RCV_B]
Finland,2014,0,Non-hazardous [NHAZ],Recovery - backfilling [RCV_B]
Finland,2016,0,Non-hazardous [NHAZ],Recovery - backfilling [RCV_B]
Finland,2018,13222,Non-hazardous [NHAZ],Recovery - backfilling [RCV_B]
Finland,2020,33412,Non-hazardous [NHAZ],Recovery - backfilling [RCV_B]
Finland,2022,71200,Non-hazardous [NHAZ],Recovery - backfilling [RCV_B]
Sweden,2010,0,Non-hazardous [NHAZ],Recovery - backfilling [RCV_B]
Sweden,2012,0,Non-hazardous [NHAZ],Recovery - backfilling [RCV_B]
Sweden,2014,1196,Non-hazardous [NHAZ],Recovery - backfilling [RCV_B]
Sweden,2016,46880,Non-hazardous [NHAZ],Recovery - backfilling [RCV_B]
Sweden,2018,239171,Non-hazardous [NHAZ],Recovery - backfilling [RCV_B]
Sweden,2020,355054,Non-hazardous [NHAZ],Recovery - backfilling [RCV_B]
Sweden,2022,30111,Non-hazardous [NHAZ],Recovery - backfilling [RCV_B]
Iceland,2010,1834,Non-hazardous [NHAZ],Recovery - backfilling [RCV_B]
Iceland,2012,2891,Non-hazardous [NHAZ],Recovery - backfilling [RCV_B]
Iceland,2014,336873,Non-hazardous [NHAZ],Recovery - backfilling [RCV_B]
Iceland,2016,465939,Non-hazardous [NHAZ],Recovery - backfilling [RCV_B]
Iceland,2018,600265,Non-hazardous [NHAZ],Recovery - backfilling [RCV_B]
Iceland,2020,385476,Non-hazardous [NHAZ],Recovery - backfilling [RCV_B]
Iceland,2022,15991,Non-hazardous [NHAZ],Recovery - backfilling [RCV_B]
Norway,2010,21998,Non-hazardous [NHAZ],Recovery - backfilling [RCV_B]
Norway,2012,41786,Non-hazardous [NHAZ],Recovery - backfilling [RCV_B]
Norway,2014,393652,Non-hazardous [NHAZ],Recovery - backfilling [RCV_B]
Norway,2016,224166,Non-hazardous [NHAZ],Recovery - backfilling [RCV_B]
Norway,2018,403435,Non-hazardous [NHAZ],Recovery - backfilling [RCV_B]
Norway,2020,29639,Non-hazardous [NHAZ],Recovery - backfilling [RCV_B]
Norway,2022,87261,Non-hazardous [NHAZ],Recovery - backfilling [RCV_B]
United Kingdom,2010,1783999,Non-hazardous [NHAZ],Recovery - backfilling [RCV_B]
United Kingdom,2012,819024,Non-hazardous [NHAZ],Recovery - backfilling [RCV_B]
United Kingdom,2014,1272312,Non-hazardous [NHAZ],Recovery - backfilling [RCV_B]
United Kingdom,2016,677107,Non-hazardous [NHAZ],Recovery - backfilling [RCV_B]
United Kingdom,2018,449448,Non-hazardous [NHAZ],Recovery - backfilling [RCV_B]
Bosnia and Herzegovina,2022,0,Non-hazardous [NHAZ],Recovery - backfilling [RCV_B]
Montenegro,2012,0,Non-hazardous [NHAZ],Recovery - backfilling [RCV_B]
Montenegro,2014,0,Non-hazardous [NHAZ],Recovery - backfilling [RCV_B]
Montenegro,2016,0,Non-hazardous [NHAZ],Recovery - backfilling [RCV_B]
Montenegro,2018,0,Non-hazardous [NHAZ],Recovery - backfilling [RCV_B]
Montenegro,2020,0,Non-hazardous [NHAZ],Recovery - backfilling [RCV_B]
Montenegro,2022,0,Non-hazardous [NHAZ],Recovery - backfilling [RCV_B]
North Macedonia,2012,0,Non-hazardous [NHAZ],Recovery - backfilling [RCV_B]
North Macedonia,2014,0,Non-hazardous [NHAZ],Recovery - backfilling [RCV_B]
North Macedonia,2018,0,Non-hazardous [NHAZ],Recovery - backfilling [RCV_B]
North Macedonia,2020,0,Non-hazardous [NHAZ],Recovery - backfilling [RCV_B]
North Macedonia,2022,0,Non-hazardous [NHAZ],Recovery - backfilling [RCV_B]
Albania,2022,17073,Non-hazardous [NHAZ],Recovery - backfilling [RCV_B]
Serbia,2016,204879,Non-hazardous [NHAZ],Recovery - backfilling [RCV_B]
Serbia,2018,289349,Non-hazardous [NHAZ],Recovery - backfilling [RCV_B]
Serbia,2020,376714,Non-hazardous [NHAZ],Recovery - backfilling [RCV_B]
Serbia,2022,208121,Non-hazardous [NHAZ],Recovery - backfilling [RCV_B]
Türkiye,2010,0,Non-hazardous [NHAZ],Recovery - backfilling [RCV_B]
Türkiye,2016,0,Non-hazardous [NHAZ],Recovery - backfilling [RCV_B]
Türkiye,2018,0,Non-hazardous [NHAZ],Recovery - backfilling [RCV_B]
Türkiye,2020,0,Non-hazardous [NHAZ],Recovery - backfilling [RCV_B]
Türkiye,2022,0,Non-hazardous [NHAZ],Recovery - backfilling [RCV_B]
Kosovo*,2016,0,Non-hazardous [NHAZ],Recovery - backfilling [RCV_B]
Kosovo*,2020,0,Non-hazardous [NHAZ],Recovery - backfilling [RCV_B]
Kosovo*,2022,0,Non-hazardous [NHAZ],Recovery - backfilling [RCV_B]
