country,year,tonnes,hazard,nace
European Union - 27 countries (from 2020),2010,262870000.0,Hazardous and non-hazardous - total,Construction
European Union - 27 countries (from 2020),2012,270150000.0,Hazardous and non-hazardous - total,Construction
European Union - 27 countries (from 2020),2014,239420000.0,Hazardous and non-hazardous - total,Construction
European Union - 27 countries (from 2020),2016,258800000.0,Hazardous and non-hazardous - total,Construction
European Union - 27 countries (from 2020),2018,280670000.0,Hazardous and non-hazardous - total,Construction
European Union - 27 countries (from 2020),2020,282600000.0,Hazardous and non-hazardous - total,Construction
European Union - 27 countries (from 2020),2022,302430000.0,Hazardous and non-hazardous - total,Construction
European Union - 28 countries (2013-2020),2010,319050000.0,Hazardous and non-hazardous - total,Construction
European Union - 28 countries (2013-2020),2012,322840000.0,Hazardous and non-hazardous - total,Construction
European Union - 28 countries (2013-2020),2014,298110000.0,Hazardous and non-hazardous - total,Construction
European Union - 28 countries (2013-2020),2016,322330000.0,Hazardous and non-hazardous - total,Construction
European Union - 28 countries (2013-2020),2018,345810000.0,Hazardous and non-hazardous - total,Construction
Belgium,2010,11487590.0,Hazardous and non-hazardous - total,Construction
Belgium,2012,12893806.0,Hazardous and non-hazardous - total,Construction
Belgium,2014,13629286.0,Hazardous and non-hazardous - total,Construction
Belgium,2016,15818121.0,Hazardous and non-hazardous - total,Construction
Belgium,2018,18458795.0,Hazardous and non-hazardous - total,Construction
Belgium,2020,16833764.0,Hazardous and non-hazardous - total,Construction
Belgium,2022,20963285.0,Hazardous and non-hazardous - total,Construction
Bulgaria,2010,27109.0,Hazardous and non-hazardous - total,Construction
Bulgaria,2012,624332.0,Hazardous and non-hazardous - total,Construction
Bulgaria,2014,491341.0,Hazardous and non-hazardous - total,Construction
Bulgaria,2016,131450.0,Hazardous and non-hazardous - total,Construction
Bulgaria,2018,73731.0,Hazardous and non-hazardous - total,Construction
Bulgaria,2020,704565.0,Hazardous and non-hazardous - total,Construction
Bulgaria,2022,411578.0,Hazardous and non-hazardous - total,Construction
Czechia,2010,1913208.0,Hazardous and non-hazardous - total,Construction
Czechia,2012,2389602.0,Hazardous and non-hazardous - total,Construction
Czechia,2014,2218403.0,Hazardous and non-hazardous - total,Construction
Czechia,2016,2803748.0,Hazardous and non-hazardous - total,Construction
Czechia,2018,4900831.0,Hazardous and non-hazardous - total,Construction
Czechia,2020,4133029.0,Hazardous and non-hazardous - total,Construction
Czechia,2022,4231436.0,Hazardous and non-hazardous - total,Construction
Denmark,2010,1153830.0,Hazardous and non-hazardous - total,Construction
Denmark,2012,2778386.0,Hazardous and non-hazardous - total,Construction
Denmark,2014,3302842.0,Hazardous and non-hazardous - total,Construction
Denmark,2016,3460195.0,Hazardous and non-hazardous - total,Construction
Denmark,2018,4127165.0,Hazardous and non-hazardous - total,Construction
Denmark,2020,3780148.0,Hazardous and non-hazardous - total,Construction
Denmark,2022,4173300.0,Hazardous and non-hazardous - total,Construction
Germany,2010,76730593.0,Hazardous and non-hazardous - total,Construction
Germany,2012,77846453.0,Hazardous and non-hazardous - total,Construction
Germany,2014,78781741.0,Hazardous and non-hazardous - total,Construction
Germany,2016,86379764.0,Hazardous and non-hazardous - total,Construction
Germany,2018,85914163.0,Hazardous and non-hazardous - total,Construction
Germany,2020,89009080.0,Hazardous and non-hazardous - total,Construction
Germany,2022,83599995.0,Hazardous and non-hazardous - total,Construction
Estonia,2010,203822.0,Hazardous and non-hazardous - total,Construction
Estonia,2012,307980.0,Hazardous and non-hazardous - total,Construction
Estonia,2014,318108.0,Hazardous and non-hazardous - total,Construction
Estonia,2016,485489.0,Hazardous and non-hazardous - total,Construction
Estonia,2018,779233.0,Hazardous and non-hazardous - total,Construction
Estonia,2020,444437.0,Hazardous and non-hazardous - total,Construction
Estonia,2022,644500.0,Hazardous and non-hazardous - total,Construction
Ireland,2010,1176851.0,Hazardous and non-hazardous - total,Construction
Ireland,2012,93691.0,Hazardous and non-hazardous - total,Construction
Ireland,2014,133312.0,Hazardous and non-hazardous - total,Construction
Ireland,2016,135619.0,Hazardous and non-hazardous - total,Construction
Ireland,2018,565113.0,Hazardous and non-hazardous - total,Construction
Ireland,2020,1307749.0,Hazardous and non-hazardous - total,Construction
Ireland,2022,826409.0,Hazardous and non-hazardous - total,Construction
Greece,2010,1545533.0,Hazardous and non-hazardous - total,Construction
Greece,2012,601476.0,Hazardous and non-hazardous - total,Construction
Greece,2014,355171.0,Hazardous and non-hazardous - total,Construction
Greece,2016,126337.0,Hazardous and non-hazardous - total,Construction
Greece,2018,444215.0,Hazardous and non-hazardous - total,Construction
Greece,2020,2987684.0,Hazardous and non-hazardous - total,Construction
Greece,2022,3543919.0,Hazardous and non-hazardous - total,Construction
Spain,2010,10185692.0,Hazardous and non-hazardous - total,Construction
Spain,2012,25295101.0,Hazardous and non-hazardous - total,Construction
Spain,2014,5141192.0,Hazardous and non-hazardous - total,Construction
Spain,2016,12156104.0,Hazardous and non-hazardous - total,Construction
Spain,2018,13061329.0,Hazardous and non-hazardous - total,Construction
Spain,2020,13434566.0,Hazardous and non-hazardous - total,Construction
Spain,2022,13583395.0,Hazardous and non-hazardous - total,Construction
France,2010,65478322.0,Hazardous and non-hazardous - total,Construction
France,2012,62188047.0,Hazardous and non-hazardous - total,Construction
France,2014,61122538.0,Hazardous and non-hazardous - total,Construction
France,2016,60245692.0,Hazardous and non-hazardous - total,Construction
France,2018,64545399.0,Hazardous and non-hazardous - total,Construction
France,2020,56837848.0,Hazardous and non-hazardous - total,Construction
France,2022,66294178.0,Hazardous and non-hazardous - total,Construction
Croatia,2010,1064.0,Hazardous and non-hazardous - total,Construction
Croatia,2012,169361.0,Hazardous and non-hazardous - total,Construction
Croatia,2014,164440.0,Hazardous and non-hazardous - total,Construction
Croatia,2016,561037.0,Hazardous and non-hazardous - total,Construction
Croatia,2018,490355.0,Hazardous and non-hazardous - total,Construction
Croatia,2020,630139.0,Hazardous and non-hazardous - total,Construction
Croatia,2022,591031.0,Hazardous and non-hazardous - total,Construction
Italy,2010,35800652.0,Hazardous and non-hazardous - total,Construction
Italy,2012,33811563.0,Hazardous and non-hazardous - total,Construction
Italy,2014,34088306.0,Hazardous and non-hazardous - total,Construction
Italy,2016,34916038.0,Hazardous and non-hazardous - total,Construction
Italy,2018,40726522.0,Hazardous and non-hazardous - total,Construction
Italy,2020,45646475.0,Hazardous and non-hazardous - total,Construction
Italy,2022,54872932.0,Hazardous and non-hazardous - total,Construction
Cyprus,2010,156773.0,Hazardous and non-hazardous - total,Construction
Cyprus,2012,130369.0,Hazardous and non-hazardous - total,Construction
Cyprus,2014,148384.0,Hazardous and non-hazardous - total,Construction
Cyprus,2016,325399.0,Hazardous and non-hazardous - total,Construction
Cyprus,2018,318178.0,Hazardous and non-hazardous - total,Construction
Cyprus,2020,421192.0,Hazardous and non-hazardous - total,Construction
Cyprus,2022,339145.0,Hazardous and non-hazardous - total,Construction
Latvia,2010,18498.0,Hazardous and non-hazardous - total,Construction
Latvia,2012,4492.0,Hazardous and non-hazardous - total,Construction
Latvia,2014,452236.0,Hazardous and non-hazardous - total,Construction
Latvia,2016,107095.0,Hazardous and non-hazardous - total,Construction
Latvia,2018,306730.0,Hazardous and non-hazardous - total,Construction
Latvia,2020,249381.0,Hazardous and non-hazardous - total,Construction
Latvia,2022,295612.0,Hazardous and non-hazardous - total,Construction
Lithuania,2010,227330.0,Hazardous and non-hazardous - total,Construction
Lithuania,2012,313056.0,Hazardous and non-hazardous - total,Construction
Lithuania,2014,392140.0,Hazardous and non-hazardous - total,Construction
Lithuania,2016,445837.0,Hazardous and non-hazardous - total,Construction
Lithuania,2018,505336.0,Hazardous and non-hazardous - total,Construction
Lithuania,2020,462061.0,Hazardous and non-hazardous - total,Construction
Lithuania,2022,478158.0,Hazardous and non-hazardous - total,Construction
Luxembourg,2010,556095.0,Hazardous and non-hazardous - total,Construction
Luxembourg,2012,523346.0,Hazardous and non-hazardous - total,Construction
Luxembourg,2014,521386.0,Hazardous and non-hazardous - total,Construction
Luxembourg,2016,545329.0,Hazardous and non-hazardous - total,Construction
Luxembourg,2018,517921.0,Hazardous and non-hazardous - total,Construction
Luxembourg,2020,593708.0,Hazardous and non-hazardous - total,Construction
Luxembourg,2022,850732.0,Hazardous and non-hazardous - total,Construction
Hungary,2010,2958097.0,Hazardous and non-hazardous - total,Construction
Hungary,2012,2918973.0,Hazardous and non-hazardous - total,Construction
Hungary,2014,1887959.0,Hazardous and non-hazardous - total,Construction
Hungary,2016,1959136.0,Hazardous and non-hazardous - total,Construction
Hungary,2018,2645413.0,Hazardous and non-hazardous - total,Construction
Hungary,2020,1430183.0,Hazardous and non-hazardous - total,Construction
Hungary,2022,3698079.0,Hazardous and non-hazardous - total,Construction
Malta,2010,738164.0,Hazardous and non-hazardous - total,Construction
Malta,2012,492134.0,Hazardous and non-hazardous - total,Construction
Malta,2014,983933.0,Hazardous and non-hazardous - total,Construction
Malta,2016,1284979.0,Hazardous and non-hazardous - total,Construction
Malta,2018,1866732.0,Hazardous and non-hazardous - total,Construction
Malta,2020,2958348.0,Hazardous and non-hazardous - total,Construction
Malta,2022,1990675.0,Hazardous and non-hazardous - total,Construction
Netherlands,2010,20444617.0,Hazardous and non-hazardous - total,Construction
Netherlands,2012,19667701.0,Hazardous and non-hazardous - total,Construction
Netherlands,2014,19430472.0,Hazardous and non-hazardous - total,Construction
Netherlands,2016,19267996.0,Hazardous and non-hazardous - total,Construction
Netherlands,2018,20096553.0,Hazardous and non-hazardous - total,Construction
Netherlands,2020,19710312.0,Hazardous and non-hazardous - total,Construction
Netherlands,2022,19374597.0,Hazardous and non-hazardous - total,Construction
Austria,2010,2692451.0,Hazardous and non-hazardous - total,Construction
Austria,2012,6074851.0,Hazardous and non-hazardous - total,Construction
Austria,2014,8947894.0,Hazardous and non-hazardous - total,Construction
Austria,2018,10967716.0,Hazardous and non-hazardous - total,Construction
Austria,2020,11357805.0,Hazardous and non-hazardous - total,Construction
Austria,2022,11521831.0,Hazardous and non-hazardous - total,Construction
Poland,2010,2764206.0,Hazardous and non-hazardous - total,Construction
Poland,2012,2599774.0,Hazardous and non-hazardous - total,Construction
Poland,2014,3316895.0,Hazardous and non-hazardous - total,Construction
Poland,2016,2471974.0,Hazardous and non-hazardous - total,Construction
Poland,2018,3999635.0,Hazardous and non-hazardous - total,Construction
Poland,2020,3652269.0,Hazardous and non-hazardous - total,Construction
Poland,2022,3812095.0,Hazardous and non-hazardous - total,Construction
Portugal,2010,983940.0,Hazardous and non-hazardous - total,Construction
Portugal,2012,747969.0,Hazardous and non-hazardous - total,Construction
Portugal,2014,576676.0,Hazardous and non-hazardous - total,Construction
Portugal,2016,888356.0,Hazardous and non-hazardous - total,Construction
Portugal,2018,998424.0,Hazardous and non-hazardous - total,Construction
Portugal,2020,1262072.0,Hazardous and non-hazardous - total,Construction
Portugal,2022,1545898.0,Hazardous and non-hazardous - total,Construction
Romania,2010,563369.0,Hazardous and non-hazardous - total,Construction
Romania,2012,781430.0,Hazardous and non-hazardous - total,Construction
Romania,2014,200733.0,Hazardous and non-hazardous - total,Construction
Romania,2016,172998.0,Hazardous and non-hazardous - total,Construction
Romania,2018,251184.0,Hazardous and non-hazardous - total,Construction
Romania,2020,175619.0,Hazardous and non-hazardous - total,Construction
Romania,2022,247677.0,Hazardous and non-hazardous - total,Construction
Slovenia,2010,622431.0,Hazardous and non-hazardous - total,Construction
Slovenia,2012,109807.0,Hazardous and non-hazardous - total,Construction
Slovenia,2014,98923.0,Hazardous and non-hazardous - total,Construction
Slovenia,2016,160940.0,Hazardous and non-hazardous - total,Construction
Slovenia,2018,238220.0,Hazardous and non-hazardous - total,Construction
Slovenia,2020,137780.0,Hazardous and non-hazardous - total,Construction
Slovenia,2022,147224.0,Hazardous and non-hazardous - total,Construction
Slovakia,2010,365100.0,Hazardous and non-hazardous - total,Construction
Slovakia,2012,301335.0,Hazardous and non-hazardous - total,Construction
Slovakia,2014,319199.0,Hazardous and non-hazardous - total,Construction
Slovakia,2016,297323.0,Hazardous and non-hazardous - total,Construction
Slovakia,2018,341156.0,Hazardous and non-hazardous - total,Construction
Slovakia,2020,360874.0,Hazardous and non-hazardous - total,Construction
Slovakia,2022,375495.0,Hazardous and non-hazardous - total,Construction
Finland,2010,23100000.0,Hazardous and non-hazardous - total,Construction
Finland,2012,15681650.0,Hazardous and non-hazardous - total,Construction
Finland,2014,799808.0,Hazardous and non-hazardous - total,Construction
Finland,2016,1315581.0,Hazardous and non-hazardous - total,Construction
Finland,2018,960280.0,Hazardous and non-hazardous - total,Construction
Finland,2020,1114214.0,Hazardous and non-hazardous - total,Construction
Finland,2022,888372.0,Hazardous and non-hazardous - total,Construction
Sweden,2010,975000.0,Hazardous and non-hazardous - total,Construction
Sweden,2012,800000.0,Hazardous and non-hazardous - total,Construction
Sweden,2014,1600000.0,Hazardous and non-hazardous - total,Construction
Sweden,2016,2552319.0,Hazardous and non-hazardous - total,Construction
Sweden,2018,2571964.0,Hazardous and non-hazardous - total,Construction
Sweden,2020,2964011.0,Hazardous and non-hazardous - total,Construction
Sweden,2022,3124733.0,Hazardous and non-hazardous - total,Construction
Iceland,2010,333.0,Hazardous and non-hazardous - total,Construction
Iceland,2012,177.0,Hazardous and non-hazardous - total,Construction
Iceland,2014,20631.0,Hazardous and non-hazardous - total,Construction
Iceland,2016,28522.0,Hazardous and non-hazardous - total,Construction
Iceland,2018,36539.0,Hazardous and non-hazardous - total,Construction
Iceland,2020,24780.0,Hazardous and non-hazardous - total,Construction
Iceland,2022,97524.0,Hazardous and non-hazardous - total,Construction
Liechtenstein,2010,0.0,Hazardous and non-hazardous - total,Construction
Liechtenstein,2012,61199.0,Hazardous and non-hazardous - total,Construction
Liechtenstein,2014,2718.0,Hazardous and non-hazardous - total,Construction
Liechtenstein,2016,13.0,Hazardous and non-hazardous - total,Construction
Liechtenstein,2018,0.0,Hazardous and non-hazardous - total,Construction
Liechtenstein,2020,0.0,Hazardous and non-hazardous - total,Construction
Liechtenstein,2022,0.0,Hazardous and non-hazardous - total,Construction
Norway,2010,903485.0,Hazardous and non-hazardous - total,Construction
Norway,2012,772431.0,Hazardous and non-hazardous - total,Construction
Norway,2014,1773776.0,Hazardous and non-hazardous - total,Construction
Norway,2016,2181436.0,Hazardous and non-hazardous - total,Construction
Norway,2018,2222237.0,Hazardous and non-hazardous - total,Construction
Norway,2020,2708957.0,Hazardous and non-hazardous - total,Construction
Norway,2022,2380425.0,Hazardous and non-hazardous - total,Construction
United Kingdom,2010,56122746.0,Hazardous and non-hazardous - total,Construction
United Kingdom,2012,52694749.0,Hazardous and non-hazardous - total,Construction
United Kingdom,2014,58682308.0,Hazardous and non-hazardous - total,Construction
United Kingdom,2016,63525298.0,Hazardous and non-hazardous - total,Construction
United Kingdom,2018,65135530.0,Hazardous and non-hazardous - total,Construction
Bosnia and Herzegovina,2012,0.0,Hazardous and non-hazardous - total,Construction
Bosnia and Herzegovina,2014,53297.0,Hazardous and non-hazardous - total,Construction
Bosnia and Herzegovina,2016,19685.0,Hazardous and non-hazardous - total,Construction
Bosnia and Herzegovina,2018,9893.0,Hazardous and non-hazardous - total,Construction
Bosnia and Herzegovina,2020,13243.0,Hazardous and non-hazardous - total,Construction
Bosnia and Herzegovina,2022,15855.0,Hazardous and non-hazardous - total,Construction
Montenegro,2012,2383.0,Hazardous and non-hazardous - total,Construction
Montenegro,2014,12981.0,Hazardous and non-hazardous - total,Construction
Montenegro,2016,3366.0,Hazardous and non-hazardous - total,Construction
Montenegro,2018,3072.0,Hazardous and non-hazardous - total,Construction
Montenegro,2020,56804.0,Hazardous and non-hazardous - total,Construction
Montenegro,2022,10386.0,Hazardous and non-hazardous - total,Construction
North Macedonia,2010,0.0,Hazardous and non-hazardous - total,Construction
North Macedonia,2012,0.0,Hazardous and non-hazardous - total,Construction
North Macedonia,2014,227.0,Hazardous and non-hazardous - total,Construction
North Macedonia,2016,2.0,Hazardous and non-hazardous - total,Construction
North Macedonia,2018,1889.0,Hazardous and non-hazardous - total,Construction
North Macedonia,2020,45802.0,Hazardous and non-hazardous - total,Construction
North Macedonia,2022,44700.0,Hazardous and non-hazardous - total,Construction
Serbia,2010,0.0,Hazardous and non-hazardous - total,Construction
Serbia,2012,86988.0,Hazardous and non-hazardous - total,Construction
Serbia,2014,44041.0,Hazardous and non-hazardous - total,Construction
Serbia,2016,238983.0,Hazardous and non-hazardous - total,Construction
Serbia,2018,336174.0,Hazardous and non-hazardous - total,Construction
Serbia,2020,509370.0,Hazardous and non-hazardous - total,Construction
Serbia,2022,380292.0,Hazardous and non-hazardous - total,Construction
Kosovo*,2012,0.0,Hazardous and non-hazardous - total,Construction
Kosovo*,2014,2334.0,Hazardous and non-hazardous - total,Construction
Kosovo*,2016,167254.0,Hazardous and non-hazardous - total,Construction
Kosovo*,2018,33826.0,Hazardous and non-hazardous - total,Construction
Kosovo*,2020,1950.0,Hazardous and non-hazardous - total,Construction
Kosovo*,2022,81671.0,Hazardous and non-hazardous - total,Construction
European Union - 27 countries (from 2020),2010,277180000.0,Hazardous and non-hazardous - total,All NACE activities plus households
European Union - 27 countries (from 2020),2012,281670000.0,Hazardous and non-hazardous - total,All NACE activities plus households
European Union - 27 countries (from 2020),2014,252750000.0,Hazardous and non-hazardous - total,All NACE activities plus households
European Union - 27 countries (from 2020),2016,277720000.0,Hazardous and non-hazardous - total,All NACE activities plus households
European Union - 27 countries (from 2020),2018,303170000.0,Hazardous and non-hazardous - total,All NACE activities plus households
European Union - 27 countries (from 2020),2020,305680000.0,Hazardous and non-hazardous - total,All NACE activities plus households
European Union - 27 countries (from 2020),2022,324540000.0,Hazardous and non-hazardous - total,All NACE activities plus households
European Union - 28 countries (2013-2020),2010,335280000.0,Hazardous and non-hazardous - total,All NACE activities plus households
European Union - 28 countries (2013-2020),2012,337120000.0,Hazardous and non-hazardous - total,All NACE activities plus households
European Union - 28 countries (2013-2020),2014,314880000.0,Hazardous and non-hazardous - total,All NACE activities plus households
European Union - 28 countries (2013-2020),2016,344710000.0,Hazardous and non-hazardous - total,All NACE activities plus households
European Union - 28 countries (2013-2020),2018,371910000.0,Hazardous and non-hazardous - total,All NACE activities plus households
Belgium,2010,14403309.0,Hazardous and non-hazardous - total,All NACE activities plus households
Belgium,2012,15732194.0,Hazardous and non-hazardous - total,All NACE activities plus households
Belgium,2014,16647115.0,Hazardous and non-hazardous - total,All NACE activities plus households
Belgium,2016,19222040.0,Hazardous and non-hazardous - total,All NACE activities plus households
Belgium,2018,21761834.0,Hazardous and non-hazardous - total,All NACE activities plus households
Belgium,2020,20788008.0,Hazardous and non-hazardous - total,All NACE activities plus households
Belgium,2022,21781829.0,Hazardous and non-hazardous - total,All NACE activities plus households
Bulgaria,2010,138175.0,Hazardous and non-hazardous - total,All NACE activities plus households
Bulgaria,2012,740516.0,Hazardous and non-hazardous - total,All NACE activities plus households
Bulgaria,2014,682074.0,Hazardous and non-hazardous - total,All NACE activities plus households
Bulgaria,2016,718489.0,Hazardous and non-hazardous - total,All NACE activities plus households
Bulgaria,2018,151019.0,Hazardous and non-hazardous - total,All NACE activities plus households
Bulgaria,2020,1153736.0,Hazardous and non-hazardous - total,All NACE activities plus households
Bulgaria,2022,559250.0,Hazardous and non-hazardous - total,All NACE activities plus households
Czechia,2010,2441536.0,Hazardous and non-hazardous - total,All NACE activities plus households
Czechia,2012,3008192.0,Hazardous and non-hazardous - total,All NACE activities plus households
Czechia,2014,2959902.0,Hazardous and non-hazardous - total,All NACE activities plus households
Czechia,2016,3615283.0,Hazardous and non-hazardous - total,All NACE activities plus households
Czechia,2018,7496168.0,Hazardous and non-hazardous - total,All NACE activities plus households
Czechia,2020,6505094.0,Hazardous and non-hazardous - total,All NACE activities plus households
Czechia,2022,6545947.0,Hazardous and non-hazardous - total,All NACE activities plus households
Denmark,2010,2188961.0,Hazardous and non-hazardous - total,All NACE activities plus households
Denmark,2012,2778386.0,Hazardous and non-hazardous - total,All NACE activities plus households
Denmark,2014,3302842.0,Hazardous and non-hazardous - total,All NACE activities plus households
Denmark,2016,3460195.0,Hazardous and non-hazardous - total,All NACE activities plus households
Denmark,2018,4127165.0,Hazardous and non-hazardous - total,All NACE activities plus households
Denmark,2020,3780148.0,Hazardous and non-hazardous - total,All NACE activities plus households
Denmark,2022,4173300.0,Hazardous and non-hazardous - total,All NACE activities plus households
Germany,2010,77115014.0,Hazardous and non-hazardous - total,All NACE activities plus households
Germany,2012,78252747.0,Hazardous and non-hazardous - total,All NACE activities plus households
Germany,2014,79603592.0,Hazardous and non-hazardous - total,All NACE activities plus households
Germany,2016,86885550.0,Hazardous and non-hazardous - total,All NACE activities plus households
Germany,2018,86412432.0,Hazardous and non-hazardous - total,All NACE activities plus households
Germany,2020,89279198.0,Hazardous and non-hazardous - total,All NACE activities plus households
Germany,2022,83934510.0,Hazardous and non-hazardous - total,All NACE activities plus households
Estonia,2010,289053.0,Hazardous and non-hazardous - total,All NACE activities plus households
Estonia,2012,476109.0,Hazardous and non-hazardous - total,All NACE activities plus households
Estonia,2014,626139.0,Hazardous and non-hazardous - total,All NACE activities plus households
Estonia,2016,720572.0,Hazardous and non-hazardous - total,All NACE activities plus households
Estonia,2018,1205051.0,Hazardous and non-hazardous - total,All NACE activities plus households
Estonia,2020,796502.0,Hazardous and non-hazardous - total,All NACE activities plus households
Estonia,2022,896447.0,Hazardous and non-hazardous - total,All NACE activities plus households
Ireland,2010,1437888.0,Hazardous and non-hazardous - total,All NACE activities plus households
Ireland,2012,198534.0,Hazardous and non-hazardous - total,All NACE activities plus households
Ireland,2014,450618.0,Hazardous and non-hazardous - total,All NACE activities plus households
Ireland,2016,261254.0,Hazardous and non-hazardous - total,All NACE activities plus households
Ireland,2018,708153.0,Hazardous and non-hazardous - total,All NACE activities plus households
Ireland,2020,1500689.0,Hazardous and non-hazardous - total,All NACE activities plus households
Ireland,2022,1035842.0,Hazardous and non-hazardous - total,All NACE activities plus households
Greece,2010,1546438.0,Hazardous and non-hazardous - total,All NACE activities plus households
Greece,2012,604753.0,Hazardous and non-hazardous - total,All NACE activities plus households
Greece,2014,367018.0,Hazardous and non-hazardous - total,All NACE activities plus households
Greece,2016,161497.0,Hazardous and non-hazardous - total,All NACE activities plus households
Greece,2018,1145016.0,Hazardous and non-hazardous - total,All NACE activities plus households
Greece,2020,3404364.0,Hazardous and non-hazardous - total,All NACE activities plus households
Greece,2022,3988519.0,Hazardous and non-hazardous - total,All NACE activities plus households
Spain,2010,11383724.0,Hazardous and non-hazardous - total,All NACE activities plus households
Spain,2012,27393120.0,Hazardous and non-hazardous - total,All NACE activities plus households
Spain,2014,7097159.0,Hazardous and non-hazardous - total,All NACE activities plus households
Spain,2016,13585573.0,Hazardous and non-hazardous - total,All NACE activities plus households
Spain,2018,14495808.0,Hazardous and non-hazardous - total,All NACE activities plus households
Spain,2020,14371856.0,Hazardous and non-hazardous - total,All NACE activities plus households
Spain,2022,14560430.0,Hazardous and non-hazardous - total,All NACE activities plus households
France,2010,65486426.0,Hazardous and non-hazardous - total,All NACE activities plus households
France,2012,62188047.0,Hazardous and non-hazardous - total,All NACE activities plus households
France,2014,61122538.0,Hazardous and non-hazardous - total,All NACE activities plus households
France,2016,64560153.0,Hazardous and non-hazardous - total,All NACE activities plus households
France,2018,68976059.0,Hazardous and non-hazardous - total,All NACE activities plus households
France,2020,61223330.0,Hazardous and non-hazardous - total,All NACE activities plus households
France,2022,71390706.0,Hazardous and non-hazardous - total,All NACE activities plus households
Croatia,2010,23528.0,Hazardous and non-hazardous - total,All NACE activities plus households
Croatia,2012,256096.0,Hazardous and non-hazardous - total,All NACE activities plus households
Croatia,2014,289090.0,Hazardous and non-hazardous - total,All NACE activities plus households
Croatia,2016,561037.0,Hazardous and non-hazardous - total,All NACE activities plus households
Croatia,2018,490355.0,Hazardous and non-hazardous - total,All NACE activities plus households
Croatia,2020,630139.0,Hazardous and non-hazardous - total,All NACE activities plus households
Croatia,2022,591031.0,Hazardous and non-hazardous - total,All NACE activities plus households
Italy,2010,35887955.0,Hazardous and non-hazardous - total,All NACE activities plus households
Italy,2012,33916487.0,Hazardous and non-hazardous - total,All NACE activities plus households
Italy,2014,34225306.0,Hazardous and non-hazardous - total,All NACE activities plus households
Italy,2016,35393242.0,Hazardous and non-hazardous - total,All NACE activities plus households
Italy,2018,41265790.0,Hazardous and non-hazardous - total,All NACE activities plus households
Italy,2020,46195675.0,Hazardous and non-hazardous - total,All NACE activities plus households
Italy,2022,55399697.0,Hazardous and non-hazardous - total,All NACE activities plus households
Cyprus,2010,160251.0,Hazardous and non-hazardous - total,All NACE activities plus households
Cyprus,2012,138222.0,Hazardous and non-hazardous - total,All NACE activities plus households
Cyprus,2014,152269.0,Hazardous and non-hazardous - total,All NACE activities plus households
Cyprus,2016,329140.0,Hazardous and non-hazardous - total,All NACE activities plus households
Cyprus,2018,324668.0,Hazardous and non-hazardous - total,All NACE activities plus households
Cyprus,2020,431614.0,Hazardous and non-hazardous - total,All NACE activities plus households
Cyprus,2022,341061.0,Hazardous and non-hazardous - total,All NACE activities plus households
Latvia,2010,144885.0,Hazardous and non-hazardous - total,All NACE activities plus households
Latvia,2012,396258.0,Hazardous and non-hazardous - total,All NACE activities plus households
Latvia,2014,571132.0,Hazardous and non-hazardous - total,All NACE activities plus households
Latvia,2016,387571.0,Hazardous and non-hazardous - total,All NACE activities plus households
Latvia,2018,385371.0,Hazardous and non-hazardous - total,All NACE activities plus households
Latvia,2020,317908.0,Hazardous and non-hazardous - total,All NACE activities plus households
Latvia,2022,373596.0,Hazardous and non-hazardous - total,All NACE activities plus households
Lithuania,2010,388150.0,Hazardous and non-hazardous - total,All NACE activities plus households
Lithuania,2012,564841.0,Hazardous and non-hazardous - total,All NACE activities plus households
Lithuania,2014,647663.0,Hazardous and non-hazardous - total,All NACE activities plus households
Lithuania,2016,799360.0,Hazardous and non-hazardous - total,All NACE activities plus households
Lithuania,2018,797550.0,Hazardous and non-hazardous - total,All NACE activities plus households
Lithuania,2020,737882.0,Hazardous and non-hazardous - total,All NACE activities plus households
Lithuania,2022,770924.0,Hazardous and non-hazardous - total,All NACE activities plus households
Luxembourg,2010,584533.0,Hazardous and non-hazardous - total,All NACE activities plus households
Luxembourg,2012,558051.0,Hazardous and non-hazardous - total,All NACE activities plus households
Luxembourg,2014,543775.0,Hazardous and non-hazardous - total,All NACE activities plus households
Luxembourg,2016,700106.0,Hazardous and non-hazardous - total,All NACE activities plus households
Luxembourg,2018,638666.0,Hazardous and non-hazardous - total,All NACE activities plus households
Luxembourg,2020,743699.0,Hazardous and non-hazardous - total,All NACE activities plus households
Luxembourg,2022,1434980.0,Hazardous and non-hazardous - total,All NACE activities plus households
Hungary,2010,3449229.0,Hazardous and non-hazardous - total,All NACE activities plus households
Hungary,2012,3312916.0,Hazardous and non-hazardous - total,All NACE activities plus households
Hungary,2014,2698023.0,Hazardous and non-hazardous - total,All NACE activities plus households
Hungary,2016,2519730.0,Hazardous and non-hazardous - total,All NACE activities plus households
Hungary,2018,3468467.0,Hazardous and non-hazardous - total,All NACE activities plus households
Hungary,2020,2450472.0,Hazardous and non-hazardous - total,All NACE activities plus households
Hungary,2022,4954959.0,Hazardous and non-hazardous - total,All NACE activities plus households
Malta,2010,746666.0,Hazardous and non-hazardous - total,All NACE activities plus households
Malta,2012,500888.0,Hazardous and non-hazardous - total,All NACE activities plus households
Malta,2014,994639.0,Hazardous and non-hazardous - total,All NACE activities plus households
Malta,2016,1296533.0,Hazardous and non-hazardous - total,All NACE activities plus households
Malta,2018,1877525.0,Hazardous and non-hazardous - total,All NACE activities plus households
Malta,2020,2972009.0,Hazardous and non-hazardous - total,All NACE activities plus households
Malta,2022,2003771.0,Hazardous and non-hazardous - total,All NACE activities plus households
Netherlands,2010,21759356.0,Hazardous and non-hazardous - total,All NACE activities plus households
Netherlands,2012,20961277.0,Hazardous and non-hazardous - total,All NACE activities plus households
Netherlands,2014,20567498.0,Hazardous and non-hazardous - total,All NACE activities plus households
Netherlands,2016,20532871.0,Hazardous and non-hazardous - total,All NACE activities plus households
Netherlands,2018,21200371.0,Hazardous and non-hazardous - total,All NACE activities plus households
Netherlands,2020,20833745.0,Hazardous and non-hazardous - total,All NACE activities plus households
Netherlands,2022,20452306.0,Hazardous and non-hazardous - total,All NACE activities plus households
Austria,2010,5805061.0,Hazardous and non-hazardous - total,All NACE activities plus households
Austria,2012,6300867.0,Hazardous and non-hazardous - total,All NACE activities plus households
Austria,2014,9174000.0,Hazardous and non-hazardous - total,All NACE activities plus households
Austria,2016,10073372.0,Hazardous and non-hazardous - total,All NACE activities plus households
Austria,2018,11161643.0,Hazardous and non-hazardous - total,All NACE activities plus households
Austria,2020,11465709.0,Hazardous and non-hazardous - total,All NACE activities plus households
Austria,2022,11522714.0,Hazardous and non-hazardous - total,All NACE activities plus households
Poland,2010,3705576.0,Hazardous and non-hazardous - total,All NACE activities plus households
Poland,2012,3510300.0,Hazardous and non-hazardous - total,All NACE activities plus households
Poland,2014,4421283.0,Hazardous and non-hazardous - total,All NACE activities plus households
Poland,2016,3697551.0,Hazardous and non-hazardous - total,All NACE activities plus households
Poland,2018,6756428.0,Hazardous and non-hazardous - total,All NACE activities plus households
Poland,2020,6355008.0,Hazardous and non-hazardous - total,All NACE activities plus households
Poland,2022,7195153.0,Hazardous and non-hazardous - total,All NACE activities plus households
Portugal,2010,1237123.0,Hazardous and non-hazardous - total,All NACE activities plus households
Portugal,2012,1033091.0,Hazardous and non-hazardous - total,All NACE activities plus households
Portugal,2014,823296.0,Hazardous and non-hazardous - total,All NACE activities plus households
Portugal,2016,1328975.0,Hazardous and non-hazardous - total,All NACE activities plus households
Portugal,2018,1558231.0,Hazardous and non-hazardous - total,All NACE activities plus households
Portugal,2020,2078426.0,Hazardous and non-hazardous - total,All NACE activities plus households
Portugal,2022,2355594.0,Hazardous and non-hazardous - total,All NACE activities plus households
Romania,2010,935022.0,Hazardous and non-hazardous - total,All NACE activities plus households
Romania,2012,1324411.0,Hazardous and non-hazardous - total,All NACE activities plus households
Romania,2014,1051886.0,Hazardous and non-hazardous - total,All NACE activities plus households
Romania,2016,1262809.0,Hazardous and non-hazardous - total,All NACE activities plus households
Romania,2018,727445.0,Hazardous and non-hazardous - total,All NACE activities plus households
Romania,2020,1167699.0,Hazardous and non-hazardous - total,All NACE activities plus households
Romania,2022,1225269.0,Hazardous and non-hazardous - total,All NACE activities plus households
Slovenia,2010,738561.0,Hazardous and non-hazardous - total,All NACE activities plus households
Slovenia,2012,173392.0,Hazardous and non-hazardous - total,All NACE activities plus households
Slovenia,2014,229595.0,Hazardous and non-hazardous - total,All NACE activities plus households
Slovenia,2016,637825.0,Hazardous and non-hazardous - total,All NACE activities plus households
Slovenia,2018,1065117.0,Hazardous and non-hazardous - total,All NACE activities plus households
Slovenia,2020,974265.0,Hazardous and non-hazardous - total,All NACE activities plus households
Slovenia,2022,1188224.0,Hazardous and non-hazardous - total,All NACE activities plus households
Slovakia,2010,609066.0,Hazardous and non-hazardous - total,All NACE activities plus households
Slovakia,2012,522819.0,Hazardous and non-hazardous - total,All NACE activities plus households
Slovakia,2014,551768.0,Hazardous and non-hazardous - total,All NACE activities plus households
Slovakia,2016,742289.0,Hazardous and non-hazardous - total,All NACE activities plus households
Slovakia,2018,848986.0,Hazardous and non-hazardous - total,All NACE activities plus households
Slovakia,2020,1053897.0,Hazardous and non-hazardous - total,All NACE activities plus households
Slovakia,2022,1405811.0,Hazardous and non-hazardous - total,All NACE activities plus households
Finland,2010,23540568.0,Hazardous and non-hazardous - total,All NACE activities plus households
Finland,2012,15837650.0,Hazardous and non-hazardous - total,All NACE activities plus households
Finland,2014,1104925.0,Hazardous and non-hazardous - total,All NACE activities plus households
Finland,2016,1428798.0,Hazardous and non-hazardous - total,All NACE activities plus households
Finland,2018,1250175.0,Hazardous and non-hazardous - total,All NACE activities plus households
Finland,2020,1210595.0,Hazardous and non-hazardous - total,All NACE activities plus households
Finland,2022,998607.0,Hazardous and non-hazardous - total,All NACE activities plus households
Sweden,2010,1035978.0,Hazardous and non-hazardous - total,All NACE activities plus households
Sweden,2012,986812.0,Hazardous and non-hazardous - total,All NACE activities plus households
Sweden,2014,1841884.0,Hazardous and non-hazardous - total,All NACE activities plus households
Sweden,2016,2837841.0,Hazardous and non-hazardous - total,All NACE activities plus households
Sweden,2018,2876625.0,Hazardous and non-hazardous - total,All NACE activities plus households
Sweden,2022,3458607.0,Hazardous and non-hazardous - total,All NACE activities plus households
Iceland,2010,5441.0,Hazardous and non-hazardous - total,All NACE activities plus households
Iceland,2012,2891.0,Hazardous and non-hazardous - total,All NACE activities plus households
Iceland,2014,343851.0,Hazardous and non-hazardous - total,All NACE activities plus households
Iceland,2016,475368.0,Hazardous and non-hazardous - total,All NACE activities plus households
Iceland,2018,608968.0,Hazardous and non-hazardous - total,All NACE activities plus households
Iceland,2020,412987.0,Hazardous and non-hazardous - total,All NACE activities plus households
Iceland,2022,116403.0,Hazardous and non-hazardous - total,All NACE activities plus households
Liechtenstein,2010,245952.0,Hazardous and non-hazardous - total,All NACE activities plus households
Liechtenstein,2012,62891.0,Hazardous and non-hazardous - total,All NACE activities plus households
Liechtenstein,2014,3122.0,Hazardous and non-hazardous - total,All NACE activities plus households
Liechtenstein,2016,21.0,Hazardous and non-hazardous - total,All NACE activities plus households
Liechtenstein,2018,33.0,Hazardous and non-hazardous - total,All NACE activities plus households
Liechtenstein,2020,28.0,Hazardous and non-hazardous - total,All NACE activities plus households
Liechtenstein,2022,691.0,Hazardous and non-hazardous - total,All NACE activities plus households
Norway,2010,1142812.0,Hazardous and non-hazardous - total,All NACE activities plus households
Norway,2012,840175.0,Hazardous and non-hazardous - total,All NACE activities plus households
Norway,2014,1980412.0,Hazardous and non-hazardous - total,All NACE activities plus households
Norway,2016,2395057.0,Hazardous and non-hazardous - total,All NACE activities plus households
Norway,2018,2427875.0,Hazardous and non-hazardous - total,All NACE activities plus households
Norway,2020,2976397.0,Hazardous and non-hazardous - total,All NACE activities plus households
Norway,2022,2636249.0,Hazardous and non-hazardous - total,All NACE activities plus households
United Kingdom,2010,58045344.0,Hazardous and non-hazardous - total,All NACE activities plus households
United Kingdom,2012,55448593.0,Hazardous and non-hazardous - total,All NACE activities plus households
United Kingdom,2014,62130145.0,Hazardous and non-hazardous - total,All NACE activities plus households
United Kingdom,2016,66995006.0,Hazardous and non-hazardous - total,All NACE activities plus households
United Kingdom,2018,68732873.0,Hazardous and non-hazardous - total,All NACE activities plus households
Bosnia and Herzegovina,2012,6259.0,Hazardous and non-hazardous - total,All NACE activities plus households
Bosnia and Herzegovina,2014,68405.0,Hazardous and non-hazardous - total,All NACE activities plus households
Bosnia and Herzegovina,2016,20145.0,Hazardous and non-hazardous - total,All NACE activities plus households
Bosnia and Herzegovina,2018,12181.0,Hazardous and non-hazardous - total,All NACE activities plus households
Bosnia and Herzegovina,2020,57024.0,Hazardous and non-hazardous - total,All NACE activities plus households
Bosnia and Herzegovina,2022,74211.0,Hazardous and non-hazardous - total,All NACE activities plus households
Montenegro,2012,4043.0,Hazardous and non-hazardous - total,All NACE activities plus households
Montenegro,2014,17399.0,Hazardous and non-hazardous - total,All NACE activities plus households
Montenegro,2016,7875.0,Hazardous and non-hazardous - total,All NACE activities plus households
Montenegro,2018,9945.0,Hazardous and non-hazardous - total,All NACE activities plus households
Montenegro,2020,69554.0,Hazardous and non-hazardous - total,All NACE activities plus households
Montenegro,2022,19047.0,Hazardous and non-hazardous - total,All NACE activities plus households
North Macedonia,2010,62.0,Hazardous and non-hazardous - total,All NACE activities plus households
North Macedonia,2012,989.0,Hazardous and non-hazardous - total,All NACE activities plus households
North Macedonia,2014,684.0,Hazardous and non-hazardous - total,All NACE activities plus households
North Macedonia,2016,81.0,Hazardous and non-hazardous - total,All NACE activities plus households
North Macedonia,2018,8034.0,Hazardous and non-hazardous - total,All NACE activities plus households
North Macedonia,2020,51724.0,Hazardous and non-hazardous - total,All NACE activities plus households
North Macedonia,2022,56321.0,Hazardous and non-hazardous - total,All NACE activities plus households
Albania,2022,42751.0,Hazardous and non-hazardous - total,All NACE activities plus households
Serbia,2010,3173.0,Hazardous and non-hazardous - total,All NACE activities plus households
Serbia,2012,94293.0,Hazardous and non-hazardous - total,All NACE activities plus households
Serbia,2014,55777.0,Hazardous and non-hazardous - total,All NACE activities plus households
Serbia,2016,283384.0,Hazardous and non-hazardous - total,All NACE activities plus households
Serbia,2018,380981.0,Hazardous and non-hazardous - total,All NACE activities plus households
Serbia,2020,528417.0,Hazardous and non-hazardous - total,All NACE activities plus households
Serbia,2022,413213.0,Hazardous and non-hazardous - total,All NACE activities plus households
Türkiye,2010,125757.0,Hazardous and non-hazardous - total,All NACE activities plus households
Türkiye,2012,468191.0,Hazardous and non-hazardous - total,All NACE activities plus households
Türkiye,2014,675321.0,Hazardous and non-hazardous - total,All NACE activities plus households
Türkiye,2016,81888.0,Hazardous and non-hazardous - total,All NACE activities plus households
Türkiye,2018,27090.0,Hazardous and non-hazardous - total,All NACE activities plus households
Türkiye,2020,27438.0,Hazardous and non-hazardous - total,All NACE activities plus households
Türkiye,2022,34003.0,Hazardous and non-hazardous - total,All NACE activities plus households
Kosovo*,2012,0.0,Hazardous and non-hazardous - total,All NACE activities plus households
Kosovo*,2014,2430.0,Hazardous and non-hazardous - total,All NACE activities plus households
Kosovo*,2016,170776.0,Hazardous and non-hazardous - total,All NACE activities plus households
Kosovo*,2018,68012.0,Hazardous and non-hazardous - total,All NACE activities plus households
Kosovo*,2020,13761.0,Hazardous and non-hazardous - total,All NACE activities plus households
Kosovo*,2022,84590.0,Hazardous and non-hazardous - total,All NACE activities plus households
European Union - 27 countries (from 2020),2010,6800000.0,Hazardous,Construction
European Union - 27 countries (from 2020),2012,7270000.0,Hazardous,Construction
European Union - 27 countries (from 2020),2014,7610000.0,Hazardous,Construction
European Union - 27 countries (from 2020),2016,8980000.0,Hazardous,Construction
European Union - 27 countries (from 2020),2018,9980000.0,Hazardous,Construction
European Union - 27 countries (from 2020),2020,9190000.0,Hazardous,Construction
European Union - 27 countries (from 2020),2022,8750000.0,Hazardous,Construction
European Union - 28 countries (2013-2020),2010,7150000.0,Hazardous,Construction
European Union - 28 countries (2013-2020),2012,7570000.0,Hazardous,Construction
European Union - 28 countries (2013-2020),2014,8030000.0,Hazardous,Construction
European Union - 28 countries (2013-2020),2016,9460000.0,Hazardous,Construction
European Union - 28 countries (2013-2020),2018,10430000.0,Hazardous,Construction
Belgium,2010,269199.0,Hazardous,Construction
Belgium,2012,24265.0,Hazardous,Construction
Belgium,2014,22937.0,Hazardous,Construction
Belgium,2016,48800.0,Hazardous,Construction
Belgium,2018,353426.0,Hazardous,Construction
Belgium,2020,31555.0,Hazardous,Construction
Belgium,2022,33702.0,Hazardous,Construction
Bulgaria,2010,70.0,Hazardous,Construction
Bulgaria,2012,0.0,Hazardous,Construction
Bulgaria,2014,0.0,Hazardous,Construction
Bulgaria,2016,0.0,Hazardous,Construction
Bulgaria,2018,0.0,Hazardous,Construction
Bulgaria,2020,2791.0,Hazardous,Construction
Bulgaria,2022,3406.0,Hazardous,Construction
Czechia,2010,31677.0,Hazardous,Construction
Czechia,2012,81800.0,Hazardous,Construction
Czechia,2014,28158.0,Hazardous,Construction
Czechia,2016,62221.0,Hazardous,Construction
Czechia,2018,130353.0,Hazardous,Construction
Czechia,2020,95464.0,Hazardous,Construction
Denmark,2010,103006.0,Hazardous,Construction
Denmark,2012,133650.0,Hazardous,Construction
Denmark,2014,121315.0,Hazardous,Construction
Denmark,2016,102499.0,Hazardous,Construction
Denmark,2018,118215.0,Hazardous,Construction
Denmark,2020,158320.0,Hazardous,Construction
Denmark,2022,80328.0,Hazardous,Construction
Germany,2010,3947743.0,Hazardous,Construction
Germany,2012,4346780.0,Hazardous,Construction
Germany,2014,4669810.0,Hazardous,Construction
Germany,2016,5412041.0,Hazardous,Construction
Germany,2018,5943314.0,Hazardous,Construction
Germany,2020,5902336.0,Hazardous,Construction
Germany,2022,5508397.0,Hazardous,Construction
Estonia,2010,356.0,Hazardous,Construction
Estonia,2012,0.0,Hazardous,Construction
Estonia,2014,205.0,Hazardous,Construction
Estonia,2016,507.0,Hazardous,Construction
Estonia,2018,2557.0,Hazardous,Construction
Estonia,2020,54.0,Hazardous,Construction
Estonia,2022,13058.0,Hazardous,Construction
Ireland,2010,2147.0,Hazardous,Construction
Ireland,2012,8.0,Hazardous,Construction
Ireland,2014,2635.0,Hazardous,Construction
Ireland,2016,419.0,Hazardous,Construction
Ireland,2018,5046.0,Hazardous,Construction
Ireland,2020,13115.0,Hazardous,Construction
Ireland,2022,11504.0,Hazardous,Construction
Greece,2010,1677.0,Hazardous,Construction
Greece,2012,0.0,Hazardous,Construction
Greece,2014,0.0,Hazardous,Construction
Greece,2016,0.0,Hazardous,Construction
Greece,2018,5.0,Hazardous,Construction
Greece,2020,0.0,Hazardous,Construction
Greece,2022,0.0,Hazardous,Construction
Spain,2010,91015.0,Hazardous,Construction
Spain,2012,41136.0,Hazardous,Construction
Spain,2014,37085.0,Hazardous,Construction
Spain,2016,39302.0,Hazardous,Construction
Spain,2018,15315.0,Hazardous,Construction
Spain,2020,10802.0,Hazardous,Construction
Spain,2022,18806.0,Hazardous,Construction
France,2010,1056498.0,Hazardous,Construction
France,2012,987314.0,Hazardous,Construction
France,2014,1160827.0,Hazardous,Construction
France,2016,1144174.0,Hazardous,Construction
France,2018,1225833.0,Hazardous,Construction
France,2020,1079453.0,Hazardous,Construction
France,2022,1259045.0,Hazardous,Construction
Croatia,2010,369.0,Hazardous,Construction
Croatia,2012,892.0,Hazardous,Construction
Croatia,2014,1043.0,Hazardous,Construction
Croatia,2016,6790.0,Hazardous,Construction
Croatia,2018,4061.0,Hazardous,Construction
Croatia,2020,7161.0,Hazardous,Construction
Croatia,2022,4918.0,Hazardous,Construction
Italy,2010,60846.0,Hazardous,Construction
Italy,2012,54767.0,Hazardous,Construction
Italy,2014,70484.0,Hazardous,Construction
Italy,2016,112002.0,Hazardous,Construction
Italy,2018,93838.0,Hazardous,Construction
Italy,2020,139558.0,Hazardous,Construction
Italy,2022,117405.0,Hazardous,Construction
Cyprus,2010,11404.0,Hazardous,Construction
Cyprus,2012,0.0,Hazardous,Construction
Cyprus,2014,0.0,Hazardous,Construction
Cyprus,2016,0.0,Hazardous,Construction
Cyprus,2018,7.0,Hazardous,Construction
Cyprus,2020,0.0,Hazardous,Construction
Cyprus,2022,0.0,Hazardous,Construction
Latvia,2010,0.0,Hazardous,Construction
Latvia,2012,0.0,Hazardous,Construction
Latvia,2014,0.0,Hazardous,Construction
Latvia,2016,0.0,Hazardous,Construction
Latvia,2018,0.0,Hazardous,Construction
Latvia,2020,1.0,Hazardous,Construction
Latvia,2022,0.0,Hazardous,Construction
Lithuania,2010,25.0,Hazardous,Construction
Lithuania,2012,4.0,Hazardous,Construction
Lithuania,2014,27.0,Hazardous,Construction
Lithuania,2016,117.0,Hazardous,Construction
Lithuania,2018,1224.0,Hazardous,Construction
Lithuania,2020,1742.0,Hazardous,Construction
Lithuania,2022,672.0,Hazardous,Construction
Luxembourg,2010,11368.0,Hazardous,Construction
Luxembourg,2012,4454.0,Hazardous,Construction
Luxembourg,2014,19826.0,Hazardous,Construction
Luxembourg,2016,63205.0,Hazardous,Construction
Luxembourg,2018,77951.0,Hazardous,Construction
Luxembourg,2020,53373.0,Hazardous,Construction
Luxembourg,2022,62916.0,Hazardous,Construction
Hungary,2010,6055.0,Hazardous,Construction
Hungary,2012,5195.0,Hazardous,Construction
Hungary,2014,3026.0,Hazardous,Construction
Hungary,2016,1691.0,Hazardous,Construction
Hungary,2018,4587.0,Hazardous,Construction
Hungary,2020,1673.0,Hazardous,Construction
Hungary,2022,10569.0,Hazardous,Construction
Malta,2010,0.0,Hazardous,Construction
Malta,2012,5.0,Hazardous,Construction
Malta,2014,0.0,Hazardous,Construction
Malta,2016,0.0,Hazardous,Construction
Malta,2018,0.0,Hazardous,Construction
Malta,2020,0.0,Hazardous,Construction
Malta,2022,0.0,Hazardous,Construction
Netherlands,2010,1054212.0,Hazardous,Construction
Netherlands,2012,1298828.0,Hazardous,Construction
Netherlands,2014,1283740.0,Hazardous,Construction
Netherlands,2016,1697335.0,Hazardous,Construction
Netherlands,2018,1482490.0,Hazardous,Construction
Netherlands,2020,1261864.0,Hazardous,Construction
Netherlands,2022,1248824.0,Hazardous,Construction
Austria,2010,5222.0,Hazardous,Construction
Austria,2012,16845.0,Hazardous,Construction
Austria,2014,14021.0,Hazardous,Construction
Austria,2018,25581.0,Hazardous,Construction
Austria,2020,21260.0,Hazardous,Construction
Austria,2022,26807.0,Hazardous,Construction
Poland,2010,13287.0,Hazardous,Construction
Poland,2012,15715.0,Hazardous,Construction
Poland,2014,45128.0,Hazardous,Construction
Poland,2016,36145.0,Hazardous,Construction
Poland,2018,216838.0,Hazardous,Construction
Poland,2020,35211.0,Hazardous,Construction
Poland,2022,74685.0,Hazardous,Construction
Portugal,2010,4187.0,Hazardous,Construction
Portugal,2012,1155.0,Hazardous,Construction
Portugal,2014,1006.0,Hazardous,Construction
Portugal,2016,563.0,Hazardous,Construction
Portugal,2018,3129.0,Hazardous,Construction
Portugal,2020,1320.0,Hazardous,Construction
Portugal,2022,2126.0,Hazardous,Construction
Romania,2010,638.0,Hazardous,Construction
Romania,2012,0.0,Hazardous,Construction
Romania,2014,17.0,Hazardous,Construction
Romania,2016,17.0,Hazardous,Construction
Romania,2018,823.0,Hazardous,Construction
Romania,2020,260.0,Hazardous,Construction
Romania,2022,123.0,Hazardous,Construction
Slovenia,2010,1021.0,Hazardous,Construction
Slovenia,2012,1644.0,Hazardous,Construction
Slovenia,2016,20.0,Hazardous,Construction
Slovenia,2022,1.0,Hazardous,Construction
Slovakia,2010,36925.0,Hazardous,Construction
Slovakia,2012,6583.0,Hazardous,Construction
Slovakia,2014,1080.0,Hazardous,Construction
Slovakia,2016,164.0,Hazardous,Construction
Slovakia,2018,62.0,Hazardous,Construction
Slovakia,2020,1199.0,Hazardous,Construction
Slovakia,2022,449.0,Hazardous,Construction
Finland,2010,13800.0,Hazardous,Construction
Finland,2012,148000.0,Hazardous,Construction
Finland,2014,31874.0,Hazardous,Construction
Finland,2016,48311.0,Hazardous,Construction
Finland,2018,86317.0,Hazardous,Construction
Finland,2020,103937.0,Hazardous,Construction
Finland,2022,23057.0,Hazardous,Construction
Sweden,2010,75000.0,Hazardous,Construction
Sweden,2012,100000.0,Hazardous,Construction
Sweden,2014,100000.0,Hazardous,Construction
Sweden,2016,184172.0,Hazardous,Construction
Sweden,2018,190293.0,Hazardous,Construction
Sweden,2020,268369.0,Hazardous,Construction
Sweden,2022,149223.0,Hazardous,Construction
Iceland,2010,0.0,Hazardous,Construction
Iceland,2012,177.0,Hazardous,Construction
Iceland,2014,40.0,Hazardous,Construction
Iceland,2016,30.0,Hazardous,Construction
Iceland,2018,49.0,Hazardous,Construction
Iceland,2020,7.0,Hazardous,Construction
Iceland,2022,1275.0,Hazardous,Construction
Liechtenstein,2010,0.0,Hazardous,Construction
Liechtenstein,2012,0.0,Hazardous,Construction
Liechtenstein,2014,2718.0,Hazardous,Construction
Liechtenstein,2016,13.0,Hazardous,Construction
Liechtenstein,2018,0.0,Hazardous,Construction
Liechtenstein,2020,0.0,Hazardous,Construction
Liechtenstein,2022,0.0,Hazardous,Construction
Norway,2010,2929.0,Hazardous,Construction
Norway,2012,0.0,Hazardous,Construction
Norway,2014,8382.0,Hazardous,Construction
Norway,2016,13877.0,Hazardous,Construction
Norway,2018,27340.0,Hazardous,Construction
Norway,2020,29934.0,Hazardous,Construction
Norway,2022,29213.0,Hazardous,Construction
United Kingdom,2010,349303.0,Hazardous,Construction
United Kingdom,2012,296816.0,Hazardous,Construction
United Kingdom,2014,418589.0,Hazardous,Construction
United Kingdom,2016,478757.0,Hazardous,Construction
United Kingdom,2018,450145.0,Hazardous,Construction
Bosnia and Herzegovina,2014,134.0,Hazardous,Construction
Bosnia and Herzegovina,2016,616.0,Hazardous,Construction
Bosnia and Herzegovina,2018,16.0,Hazardous,Construction
Bosnia and Herzegovina,2020,40.0,Hazardous,Construction
Bosnia and Herzegovina,2022,120.0,Hazardous,Construction
Montenegro,2012,0.0,Hazardous,Construction
Montenegro,2014,0.0,Hazardous,Construction
Montenegro,2016,0.0,Hazardous,Construction
Montenegro,2018,6.0,Hazardous,Construction
Montenegro,2020,0.0,Hazardous,Construction
Montenegro,2022,0.0,Hazardous,Construction
North Macedonia,2012,0.0,Hazardous,Construction
North Macedonia,2014,0.0,Hazardous,Construction
North Macedonia,2016,0.0,Hazardous,Construction
North Macedonia,2018,24.0,Hazardous,Construction
North Macedonia,2020,2.0,Hazardous,Construction
North Macedonia,2022,206.0,Hazardous,Construction
Serbia,2012,4431.0,Hazardous,Construction
Serbia,2014,64.0,Hazardous,Construction
Serbia,2016,1.0,Hazardous,Construction
Serbia,2018,484.0,Hazardous,Construction
Serbia,2020,2129.0,Hazardous,Construction
Serbia,2022,4.0,Hazardous,Construction
Kosovo*,2014,0.0,Hazardous,Construction
Kosovo*,2016,0.0,Hazardous,Construction
Kosovo*,2020,0.0,Hazardous,Construction
Kosovo*,2022,0.0,Hazardous,Construction
European Union - 27 countries (from 2020),2010,7370000.0,Hazardous,All NACE activities plus households
European Union - 27 countries (from 2020),2012,7910000.0,Hazardous,All NACE activities plus households
European Union - 27 countries (from 2020),2014,8140000.0,Hazardous,All NACE activities plus households
European Union - 27 countries (from 2020),2016,9590000.0,Hazardous,All NACE activities plus households
European Union - 27 countries (from 2020),2018,10770000.0,Hazardous,All NACE activities plus households
European Union - 27 countries (from 2020),2020,9840000.0,Hazardous,All NACE activities plus households
European Union - 27 countries (from 2020),2022,9550000.0,Hazardous,All NACE activities plus households
European Union - 28 countries (2013-2020),2010,7730000.0,Hazardous,All NACE activities plus households
European Union - 28 countries (2013-2020),2012,8290000.0,Hazardous,All NACE activities plus households
European Union - 28 countries (2013-2020),2014,8570000.0,Hazardous,All NACE activities plus households
European Union - 28 countries (2013-2020),2016,10130000.0,Hazardous,All NACE activities plus households
European Union - 28 countries (2013-2020),2018,11240000.0,Hazardous,All NACE activities plus households
Belgium,2010,329778.0,Hazardous,All NACE activities plus households
Belgium,2012,132121.0,Hazardous,All NACE activities plus households
Belgium,2014,100386.0,Hazardous,All NACE activities plus households
Belgium,2016,118913.0,Hazardous,All NACE activities plus households
Belgium,2018,472584.0,Hazardous,All NACE activities plus households
Belgium,2020,120527.0,Hazardous,All NACE activities plus households
Belgium,2022,182231.0,Hazardous,All NACE activities plus households
Bulgaria,2010,265.0,Hazardous,All NACE activities plus households
Bulgaria,2012,118.0,Hazardous,All NACE activities plus households
Bulgaria,2014,77.0,Hazardous,All NACE activities plus households
Bulgaria,2016,4233.0,Hazardous,All NACE activities plus households
Bulgaria,2018,31.0,Hazardous,All NACE activities plus households
Bulgaria,2020,5055.0,Hazardous,All NACE activities plus households
Bulgaria,2022,3438.0,Hazardous,All NACE activities plus households
Czechia,2010,93519.0,Hazardous,All NACE activities plus households
Czechia,2012,153945.0,Hazardous,All NACE activities plus households
Czechia,2014,72369.0,Hazardous,All NACE activities plus households
Czechia,2016,94670.0,Hazardous,All NACE activities plus households
Czechia,2018,187909.0,Hazardous,All NACE activities plus households
Czechia,2020,172306.0,Hazardous,All NACE activities plus households
Czechia,2022,144048.0,Hazardous,All NACE activities plus households
Denmark,2010,139898.0,Hazardous,All NACE activities plus households
Denmark,2012,133650.0,Hazardous,All NACE activities plus households
Denmark,2014,121315.0,Hazardous,All NACE activities plus households
Denmark,2016,102499.0,Hazardous,All NACE activities plus households
Denmark,2018,118215.0,Hazardous,All NACE activities plus households
Denmark,2020,158320.0,Hazardous,All NACE activities plus households
Denmark,2022,80328.0,Hazardous,All NACE activities plus households
Germany,2010,3998542.0,Hazardous,All NACE activities plus households
Germany,2012,4438461.0,Hazardous,All NACE activities plus households
Germany,2014,4733561.0,Hazardous,All NACE activities plus households
Germany,2016,5462836.0,Hazardous,All NACE activities plus households
Germany,2018,6008721.0,Hazardous,All NACE activities plus households
Germany,2020,5938001.0,Hazardous,All NACE activities plus households
Germany,2022,5527864.0,Hazardous,All NACE activities plus households
Estonia,2010,3640.0,Hazardous,All NACE activities plus households
Estonia,2012,5541.0,Hazardous,All NACE activities plus households
Estonia,2014,9861.0,Hazardous,All NACE activities plus households
Estonia,2016,1846.0,Hazardous,All NACE activities plus households
Estonia,2018,11560.0,Hazardous,All NACE activities plus households
Estonia,2020,6617.0,Hazardous,All NACE activities plus households
Estonia,2022,15745.0,Hazardous,All NACE activities plus households
Ireland,2010,2565.0,Hazardous,All NACE activities plus households
Ireland,2012,1000.0,Hazardous,All NACE activities plus households
Ireland,2014,16875.0,Hazardous,All NACE activities plus households
Ireland,2016,1148.0,Hazardous,All NACE activities plus households
Ireland,2018,7113.0,Hazardous,All NACE activities plus households
Ireland,2020,15204.0,Hazardous,All NACE activities plus households
Ireland,2022,35669.0,Hazardous,All NACE activities plus households
Greece,2010,1685.0,Hazardous,All NACE activities plus households
Greece,2012,22.0,Hazardous,All NACE activities plus households
Greece,2014,0.0,Hazardous,All NACE activities plus households
Greece,2016,145.0,Hazardous,All NACE activities plus households
Greece,2018,464.0,Hazardous,All NACE activities plus households
Greece,2020,689.0,Hazardous,All NACE activities plus households
Greece,2022,450.0,Hazardous,All NACE activities plus households
Spain,2010,114743.0,Hazardous,All NACE activities plus households
Spain,2012,65406.0,Hazardous,All NACE activities plus households
Spain,2014,56337.0,Hazardous,All NACE activities plus households
Spain,2016,69540.0,Hazardous,All NACE activities plus households
Spain,2018,45749.0,Hazardous,All NACE activities plus households
Spain,2020,16345.0,Hazardous,All NACE activities plus households
Spain,2022,23325.0,Hazardous,All NACE activities plus households
France,2010,1064602.0,Hazardous,All NACE activities plus households
France,2012,987314.0,Hazardous,All NACE activities plus households
France,2014,1160827.0,Hazardous,All NACE activities plus households
France,2016,1144174.0,Hazardous,All NACE activities plus households
France,2018,1225833.0,Hazardous,All NACE activities plus households
France,2020,1079453.0,Hazardous,All NACE activities plus households
France,2022,1259045.0,Hazardous,All NACE activities plus households
Croatia,2010,415.0,Hazardous,All NACE activities plus households
Croatia,2012,5897.0,Hazardous,All NACE activities plus households
Croatia,2014,4760.0,Hazardous,All NACE activities plus households
Croatia,2016,6790.0,Hazardous,All NACE activities plus households
Croatia,2018,4061.0,Hazardous,All NACE activities plus households
Croatia,2020,7161.0,Hazardous,All NACE activities plus households
Croatia,2022,4918.0,Hazardous,All NACE activities plus households
Italy,2010,148149.0,Hazardous,All NACE activities plus households
Italy,2012,159691.0,Hazardous,All NACE activities plus households
Italy,2014,207484.0,Hazardous,All NACE activities plus households
Italy,2016,238897.0,Hazardous,All NACE activities plus households
Italy,2018,242747.0,Hazardous,All NACE activities plus households
Italy,2020,285835.0,Hazardous,All NACE activities plus households
Italy,2022,281460.0,Hazardous,All NACE activities plus households
Cyprus,2010,11410.0,Hazardous,All NACE activities plus households
Cyprus,2012,0.0,Hazardous,All NACE activities plus households
Cyprus,2014,68.0,Hazardous,All NACE activities plus households
Cyprus,2016,0.0,Hazardous,All NACE activities plus households
Cyprus,2018,7.0,Hazardous,All NACE activities plus households
Cyprus,2020,0.0,Hazardous,All NACE activities plus households
Cyprus,2022,0.0,Hazardous,All NACE activities plus households
Latvia,2010,510.0,Hazardous,All NACE activities plus households
Latvia,2012,332.0,Hazardous,All NACE activities plus households
Latvia,2014,414.0,Hazardous,All NACE activities plus households
Latvia,2016,95.0,Hazardous,All NACE activities plus households
Latvia,2018,79.0,Hazardous,All NACE activities plus households
Latvia,2020,69.0,Hazardous,All NACE activities plus households
Latvia,2022,2.0,Hazardous,All NACE activities plus households
Lithuania,2010,74.0,Hazardous,All NACE activities plus households
Lithuania,2012,555.0,Hazardous,All NACE activities plus households
Lithuania,2014,218.0,Hazardous,All NACE activities plus households
Lithuania,2016,1818.0,Hazardous,All NACE activities plus households
Lithuania,2018,2507.0,Hazardous,All NACE activities plus households
Lithuania,2020,4673.0,Hazardous,All NACE activities plus households
Lithuania,2022,3357.0,Hazardous,All NACE activities plus households
Luxembourg,2010,19980.0,Hazardous,All NACE activities plus households
Luxembourg,2012,10538.0,Hazardous,All NACE activities plus households
Luxembourg,2014,21852.0,Hazardous,All NACE activities plus households
Luxembourg,2016,71646.0,Hazardous,All NACE activities plus households
Luxembourg,2018,94295.0,Hazardous,All NACE activities plus households
Luxembourg,2020,59895.0,Hazardous,All NACE activities plus households
Luxembourg,2022,106623.0,Hazardous,All NACE activities plus households
Hungary,2010,23029.0,Hazardous,All NACE activities plus households
Hungary,2012,25093.0,Hazardous,All NACE activities plus households
Hungary,2014,12618.0,Hazardous,All NACE activities plus households
Hungary,2016,9150.0,Hazardous,All NACE activities plus households
Hungary,2018,13023.0,Hazardous,All NACE activities plus households
Hungary,2020,7089.0,Hazardous,All NACE activities plus households
Hungary,2022,17640.0,Hazardous,All NACE activities plus households
Malta,2010,0.0,Hazardous,All NACE activities plus households
Malta,2012,5.0,Hazardous,All NACE activities plus households
Malta,2014,0.0,Hazardous,All NACE activities plus households
Malta,2016,0.0,Hazardous,All NACE activities plus households
Malta,2018,0.0,Hazardous,All NACE activities plus households
Malta,2020,0.0,Hazardous,All NACE activities plus households
Malta,2022,0.0,Hazardous,All NACE activities plus households
Netherlands,2010,1115350.0,Hazardous,All NACE activities plus households
Netherlands,2012,1370407.0,Hazardous,All NACE activities plus households
Netherlands,2014,1352937.0,Hazardous,All NACE activities plus households
Netherlands,2016,1916795.0,Hazardous,All NACE activities plus households
Netherlands,2018,1694865.0,Hazardous,All NACE activities plus households
Netherlands,2020,1405147.0,Hazardous,All NACE activities plus households
Netherlands,2022,1402926.0,Hazardous,All NACE activities plus households
Austria,2010,8506.0,Hazardous,All NACE activities plus households
Austria,2012,16845.0,Hazardous,All NACE activities plus households
Austria,2014,14119.0,Hazardous,All NACE activities plus households
Austria,2016,20348.0,Hazardous,All NACE activities plus households
Austria,2018,25906.0,Hazardous,All NACE activities plus households
Austria,2020,27332.0,Hazardous,All NACE activities plus households
Austria,2022,27691.0,Hazardous,All NACE activities plus households
Poland,2010,52615.0,Hazardous,All NACE activities plus households
Poland,2012,29215.0,Hazardous,All NACE activities plus households
Poland,2014,62838.0,Hazardous,All NACE activities plus households
Poland,2016,52407.0,Hazardous,All NACE activities plus households
Poland,2018,279999.0,Hazardous,All NACE activities plus households
Poland,2020,59211.0,Hazardous,All NACE activities plus households
Poland,2022,95991.0,Hazardous,All NACE activities plus households
Portugal,2010,20113.0,Hazardous,All NACE activities plus households
Portugal,2012,3125.0,Hazardous,All NACE activities plus households
Portugal,2014,2972.0,Hazardous,All NACE activities plus households
Portugal,2016,2327.0,Hazardous,All NACE activities plus households
Portugal,2018,4507.0,Hazardous,All NACE activities plus households
Portugal,2020,3854.0,Hazardous,All NACE activities plus households
Portugal,2022,6038.0,Hazardous,All NACE activities plus households
Romania,2010,5165.0,Hazardous,All NACE activities plus households
Romania,2012,1973.0,Hazardous,All NACE activities plus households
Romania,2014,1902.0,Hazardous,All NACE activities plus households
Romania,2016,4652.0,Hazardous,All NACE activities plus households
Romania,2018,3584.0,Hazardous,All NACE activities plus households
Romania,2020,3054.0,Hazardous,All NACE activities plus households
Romania,2022,2550.0,Hazardous,All NACE activities plus households
Slovenia,2010,1134.0,Hazardous,All NACE activities plus households
Slovenia,2012,1863.0,Hazardous,All NACE activities plus households
Slovenia,2014,2276.0,Hazardous,All NACE activities plus households
Slovenia,2016,6876.0,Hazardous,All NACE activities plus households
Slovenia,2018,151.0,Hazardous,All NACE activities plus households
Slovenia,2020,400.0,Hazardous,All NACE activities plus households
Slovenia,2022,1361.0,Hazardous,All NACE activities plus households
Slovakia,2010,52965.0,Hazardous,All NACE activities plus households
Slovakia,2012,11208.0,Hazardous,All NACE activities plus households
Slovakia,2014,14938.0,Hazardous,All NACE activities plus households
Slovakia,2016,23077.0,Hazardous,All NACE activities plus households
Slovakia,2018,29822.0,Hazardous,All NACE activities plus households
Slovakia,2020,17739.0,Hazardous,All NACE activities plus households
Slovakia,2022,35086.0,Hazardous,All NACE activities plus households
Finland,2010,38120.0,Hazardous,All NACE activities plus households
Finland,2012,209827.0,Hazardous,All NACE activities plus households
Finland,2014,64085.0,Hazardous,All NACE activities plus households
Finland,2016,50245.0,Hazardous,All NACE activities plus households
Finland,2018,101725.0,Hazardous,All NACE activities plus households
Finland,2020,112393.0,Hazardous,All NACE activities plus households
Finland,2022,29890.0,Hazardous,All NACE activities plus households
Sweden,2010,121695.0,Hazardous,All NACE activities plus households
Sweden,2012,142010.0,Hazardous,All NACE activities plus households
Sweden,2014,104662.0,Hazardous,All NACE activities plus households
Sweden,2016,186515.0,Hazardous,All NACE activities plus households
Sweden,2018,196596.0,Hazardous,All NACE activities plus households
Sweden,2022,260525.0,Hazardous,All NACE activities plus households
Iceland,2010,0.0,Hazardous,All NACE activities plus households
Iceland,2012,2891.0,Hazardous,All NACE activities plus households
Iceland,2014,669.0,Hazardous,All NACE activities plus households
Iceland,2016,495.0,Hazardous,All NACE activities plus households
Iceland,2018,809.0,Hazardous,All NACE activities plus households
Iceland,2020,104.0,Hazardous,All NACE activities plus households
Iceland,2022,6551.0,Hazardous,All NACE activities plus households
Liechtenstein,2010,54.0,Hazardous,All NACE activities plus households
Liechtenstein,2012,45.0,Hazardous,All NACE activities plus households
Liechtenstein,2014,3004.0,Hazardous,All NACE activities plus households
Liechtenstein,2016,13.0,Hazardous,All NACE activities plus households
Liechtenstein,2018,0.0,Hazardous,All NACE activities plus households
Liechtenstein,2020,8.0,Hazardous,All NACE activities plus households
Liechtenstein,2022,4.0,Hazardous,All NACE activities plus households
Norway,2010,186374.0,Hazardous,All NACE activities plus households
Norway,2012,0.0,Hazardous,All NACE activities plus households
Norway,2014,127419.0,Hazardous,All NACE activities plus households
Norway,2016,143171.0,Hazardous,All NACE activities plus households
Norway,2018,60492.0,Hazardous,All NACE activities plus households
Norway,2020,88277.0,Hazardous,All NACE activities plus households
Norway,2022,80525.0,Hazardous,All NACE activities plus households
United Kingdom,2010,364448.0,Hazardous,All NACE activities plus households
United Kingdom,2012,387302.0,Hazardous,All NACE activities plus households
United Kingdom,2014,427032.0,Hazardous,All NACE activities plus households
United Kingdom,2016,537854.0,Hazardous,All NACE activities plus households
United Kingdom,2018,465701.0,Hazardous,All NACE activities plus households
Bosnia and Herzegovina,2012,0.0,Hazardous,All NACE activities plus households
Bosnia and Herzegovina,2014,152.0,Hazardous,All NACE activities plus households
Bosnia and Herzegovina,2016,618.0,Hazardous,All NACE activities plus households
Bosnia and Herzegovina,2018,17.0,Hazardous,All NACE activities plus households
Bosnia and Herzegovina,2020,40.0,Hazardous,All NACE activities plus households
Bosnia and Herzegovina,2022,120.0,Hazardous,All NACE activities plus households
Montenegro,2012,0.0,Hazardous,All NACE activities plus households
Montenegro,2014,0.0,Hazardous,All NACE activities plus households
Montenegro,2016,0.0,Hazardous,All NACE activities plus households
Montenegro,2018,28.0,Hazardous,All NACE activities plus households
Montenegro,2020,7.0,Hazardous,All NACE activities plus households
Montenegro,2022,27.0,Hazardous,All NACE activities plus households
North Macedonia,2010,0.0,Hazardous,All NACE activities plus households
North Macedonia,2012,123.0,Hazardous,All NACE activities plus households
North Macedonia,2014,1.0,Hazardous,All NACE activities plus households
North Macedonia,2016,2.0,Hazardous,All NACE activities plus households
North Macedonia,2018,161.0,Hazardous,All NACE activities plus households
North Macedonia,2020,127.0,Hazardous,All NACE activities plus households
North Macedonia,2022,436.0,Hazardous,All NACE activities plus households
Serbia,2010,146.0,Hazardous,All NACE activities plus households
Serbia,2012,4444.0,Hazardous,All NACE activities plus households
Serbia,2014,355.0,Hazardous,All NACE activities plus households
Serbia,2016,274.0,Hazardous,All NACE activities plus households
Serbia,2018,719.0,Hazardous,All NACE activities plus households
Serbia,2020,4292.0,Hazardous,All NACE activities plus households
Serbia,2022,13426.0,Hazardous,All NACE activities plus households
Türkiye,2010,1087.0,Hazardous,All NACE activities plus households
Türkiye,2012,590.0,Hazardous,All NACE activities plus households
Türkiye,2014,1447.0,Hazardous,All NACE activities plus households
Türkiye,2016,2045.0,Hazardous,All NACE activities plus households
Türkiye,2018,2936.0,Hazardous,All NACE activities plus households
Türkiye,2020,6888.0,Hazardous,All NACE activities plus households
Türkiye,2022,7230.0,Hazardous,All NACE activities plus households
Kosovo*,2012,0.0,Hazardous,All NACE activities plus households
Kosovo*,2014,0.0,Hazardous,All NACE activities plus households
Kosovo*,2016,0.0,Hazardous,All NACE activities plus households
Kosovo*,2020,0.0,Hazardous,All NACE activities plus households
Kosovo*,2022,0.0,Hazardous,All NACE activities plus households
European Union - 27 countries (from 2020),2010,256070000.0,Non-hazardous,Construction
European Union - 27 countries (from 2020),2012,262880000.0,Non-hazardous,Construction
European Union - 27 countries (from 2020),2014,231810000.0,Non-hazardous,Construction
European Union - 27 countries (from 2020),2016,249820000.0,Non-hazardous,Construction
European Union - 27 countries (from 2020),2018,270690000.0,Non-hazardous,Construction
European Union - 27 countries (from 2020),2020,273410000.0,Non-hazardous,Construction
European Union - 27 countries (from 2020),2022,293680000.0,Non-hazardous,Construction
European Union - 28 countries (2013-2020),2010,311900000.0,Non-hazardous,Construction
European Union - 28 countries (2013-2020),2012,315280000.0,Non-hazardous,Construction
European Union - 28 countries (2013-2020),2014,290070000.0,Non-hazardous,Construction
European Union - 28 countries (2013-2020),2016,312870000.0,Non-hazardous,Construction
European Union - 28 countries (2013-2020),2018,335380000.0,Non-hazardous,Construction
Belgium,2010,11218391.0,Non-hazardous,Construction
Belgium,2012,12869541.0,Non-hazardous,Construction
Belgium,2014,13606349.0,Non-hazardous,Construction
Belgium,2016,15769321.0,Non-hazardous,Construction
Belgium,2018,18105368.0,Non-hazardous,Construction
Belgium,2020,16802209.0,Non-hazardous,Construction
Belgium,2022,20929583.0,Non-hazardous,Construction
Bulgaria,2010,27039.0,Non-hazardous,Construction
Bulgaria,2012,624332.0,Non-hazardous,Construction
Bulgaria,2014,491341.0,Non-hazardous,Construction
Bulgaria,2016,131450.0,Non-hazardous,Construction
Bulgaria,2018,73731.0,Non-hazardous,Construction
Bulgaria,2020,701774.0,Non-hazardous,Construction
Bulgaria,2022,408172.0,Non-hazardous,Construction
Czechia,2010,1881531.0,Non-hazardous,Construction
Czechia,2012,2307802.0,Non-hazardous,Construction
Czechia,2014,2190245.0,Non-hazardous,Construction
Czechia,2016,2741527.0,Non-hazardous,Construction
Czechia,2018,4770479.0,Non-hazardous,Construction
Czechia,2020,4037565.0,Non-hazardous,Construction
Denmark,2010,1050824.0,Non-hazardous,Construction
Denmark,2012,2644736.0,Non-hazardous,Construction
Denmark,2014,3181527.0,Non-hazardous,Construction
Denmark,2016,3357696.0,Non-hazardous,Construction
Denmark,2018,4008951.0,Non-hazardous,Construction
Denmark,2020,3621828.0,Non-hazardous,Construction
Denmark,2022,4092972.0,Non-hazardous,Construction
Germany,2010,72782850.0,Non-hazardous,Construction
Germany,2012,73499673.0,Non-hazardous,Construction
Germany,2014,74111931.0,Non-hazardous,Construction
Germany,2016,80967723.0,Non-hazardous,Construction
Germany,2018,79970848.0,Non-hazardous,Construction
Germany,2020,83106744.0,Non-hazardous,Construction
Germany,2022,78091598.0,Non-hazardous,Construction
Estonia,2010,203466.0,Non-hazardous,Construction
Estonia,2012,307980.0,Non-hazardous,Construction
Estonia,2014,317903.0,Non-hazardous,Construction
Estonia,2016,484982.0,Non-hazardous,Construction
Estonia,2018,776676.0,Non-hazardous,Construction
Estonia,2020,444383.0,Non-hazardous,Construction
Estonia,2022,631442.0,Non-hazardous,Construction
Ireland,2010,1174704.0,Non-hazardous,Construction
Ireland,2012,93683.0,Non-hazardous,Construction
Ireland,2014,130677.0,Non-hazardous,Construction
Ireland,2016,135200.0,Non-hazardous,Construction
Ireland,2018,560067.0,Non-hazardous,Construction
Ireland,2020,1294634.0,Non-hazardous,Construction
Ireland,2022,814905.0,Non-hazardous,Construction
Greece,2010,1543856.0,Non-hazardous,Construction
Greece,2012,601476.0,Non-hazardous,Construction
Greece,2014,355171.0,Non-hazardous,Construction
Greece,2016,126337.0,Non-hazardous,Construction
Greece,2018,444210.0,Non-hazardous,Construction
Greece,2020,2987684.0,Non-hazardous,Construction
Greece,2022,3543919.0,Non-hazardous,Construction
Spain,2010,10094677.0,Non-hazardous,Construction
Spain,2012,25253965.0,Non-hazardous,Construction
Spain,2014,5104107.0,Non-hazardous,Construction
Spain,2016,12116802.0,Non-hazardous,Construction
Spain,2018,13046015.0,Non-hazardous,Construction
Spain,2020,13423764.0,Non-hazardous,Construction
Spain,2022,13564589.0,Non-hazardous,Construction
France,2010,64421824.0,Non-hazardous,Construction
France,2012,61200733.0,Non-hazardous,Construction
France,2014,59961711.0,Non-hazardous,Construction
France,2016,59101518.0,Non-hazardous,Construction
France,2018,63319566.0,Non-hazardous,Construction
France,2020,55758395.0,Non-hazardous,Construction
France,2022,65035133.0,Non-hazardous,Construction
Croatia,2010,695.0,Non-hazardous,Construction
Croatia,2012,168469.0,Non-hazardous,Construction
Croatia,2014,163397.0,Non-hazardous,Construction
Croatia,2016,554247.0,Non-hazardous,Construction
Croatia,2018,486294.0,Non-hazardous,Construction
Croatia,2020,622978.0,Non-hazardous,Construction
Croatia,2022,586113.0,Non-hazardous,Construction
Italy,2012,33756796.0,Non-hazardous,Construction
Italy,2014,34017822.0,Non-hazardous,Construction
Italy,2016,34804036.0,Non-hazardous,Construction
Italy,2018,40632684.0,Non-hazardous,Construction
Italy,2020,45506917.0,Non-hazardous,Construction
Italy,2022,54755527.0,Non-hazardous,Construction
Cyprus,2010,145369.0,Non-hazardous,Construction
Cyprus,2012,130369.0,Non-hazardous,Construction
Cyprus,2014,148384.0,Non-hazardous,Construction
Cyprus,2016,325399.0,Non-hazardous,Construction
Cyprus,2018,318171.0,Non-hazardous,Construction
Cyprus,2020,421192.0,Non-hazardous,Construction
Cyprus,2022,339145.0,Non-hazardous,Construction
Latvia,2010,18498.0,Non-hazardous,Construction
Latvia,2012,4492.0,Non-hazardous,Construction
Latvia,2014,452236.0,Non-hazardous,Construction
Latvia,2016,107095.0,Non-hazardous,Construction
Latvia,2018,306730.0,Non-hazardous,Construction
Latvia,2020,249380.0,Non-hazardous,Construction
Latvia,2022,295612.0,Non-hazardous,Construction
Lithuania,2010,227305.0,Non-hazardous,Construction
Lithuania,2012,313052.0,Non-hazardous,Construction
Lithuania,2014,392113.0,Non-hazardous,Construction
Lithuania,2016,445720.0,Non-hazardous,Construction
Lithuania,2018,504111.0,Non-hazardous,Construction
Lithuania,2020,460319.0,Non-hazardous,Construction
Lithuania,2022,477486.0,Non-hazardous,Construction
Luxembourg,2010,544727.0,Non-hazardous,Construction
Luxembourg,2012,518892.0,Non-hazardous,Construction
Luxembourg,2014,501560.0,Non-hazardous,Construction
Luxembourg,2016,482124.0,Non-hazardous,Construction
Luxembourg,2018,439970.0,Non-hazardous,Construction
Luxembourg,2020,540335.0,Non-hazardous,Construction
Luxembourg,2022,787816.0,Non-hazardous,Construction
Hungary,2010,2952042.0,Non-hazardous,Construction
Hungary,2012,2913778.0,Non-hazardous,Construction
Hungary,2014,1884933.0,Non-hazardous,Construction
Hungary,2016,1957445.0,Non-hazardous,Construction
Hungary,2018,2640826.0,Non-hazardous,Construction
Hungary,2020,1428510.0,Non-hazardous,Construction
Hungary,2022,3687510.0,Non-hazardous,Construction
Malta,2010,738164.0,Non-hazardous,Construction
Malta,2012,492130.0,Non-hazardous,Construction
Malta,2014,983933.0,Non-hazardous,Construction
Malta,2016,1284979.0,Non-hazardous,Construction
Malta,2018,1866732.0,Non-hazardous,Construction
Malta,2020,2958348.0,Non-hazardous,Construction
Malta,2022,1990675.0,Non-hazardous,Construction
Netherlands,2010,19390405.0,Non-hazardous,Construction
Netherlands,2012,18368873.0,Non-hazardous,Construction
Netherlands,2014,18146732.0,Non-hazardous,Construction
Netherlands,2016,17570661.0,Non-hazardous,Construction
Netherlands,2018,18614063.0,Non-hazardous,Construction
Netherlands,2020,18448448.0,Non-hazardous,Construction
Netherlands,2022,18125773.0,Non-hazardous,Construction
Austria,2010,2687229.0,Non-hazardous,Construction
Austria,2012,6058006.0,Non-hazardous,Construction
Austria,2014,8933873.0,Non-hazardous,Construction
Austria,2018,10942135.0,Non-hazardous,Construction
Austria,2020,11336545.0,Non-hazardous,Construction
Austria,2022,11495023.0,Non-hazardous,Construction
Poland,2010,2750919.0,Non-hazardous,Construction
Poland,2012,2584059.0,Non-hazardous,Construction
Poland,2014,3271767.0,Non-hazardous,Construction
Poland,2016,2435829.0,Non-hazardous,Construction
Poland,2018,3782798.0,Non-hazardous,Construction
Poland,2020,3617058.0,Non-hazardous,Construction
Poland,2022,3737410.0,Non-hazardous,Construction
Portugal,2010,979753.0,Non-hazardous,Construction
Portugal,2012,746814.0,Non-hazardous,Construction
Portugal,2014,575670.0,Non-hazardous,Construction
Portugal,2016,887793.0,Non-hazardous,Construction
Portugal,2018,995295.0,Non-hazardous,Construction
Portugal,2020,1260752.0,Non-hazardous,Construction
Portugal,2022,1543772.0,Non-hazardous,Construction
Romania,2010,562731.0,Non-hazardous,Construction
Romania,2012,781430.0,Non-hazardous,Construction
Romania,2014,200716.0,Non-hazardous,Construction
Romania,2016,172981.0,Non-hazardous,Construction
Romania,2018,250361.0,Non-hazardous,Construction
Romania,2020,175359.0,Non-hazardous,Construction
Romania,2022,247554.0,Non-hazardous,Construction
Slovenia,2010,621410.0,Non-hazardous,Construction
Slovenia,2012,108163.0,Non-hazardous,Construction
Slovenia,2014,98172.0,Non-hazardous,Construction
Slovenia,2016,160920.0,Non-hazardous,Construction
Slovenia,2022,147223.0,Non-hazardous,Construction
Slovakia,2010,328175.0,Non-hazardous,Construction
Slovakia,2012,294752.0,Non-hazardous,Construction
Slovakia,2014,318119.0,Non-hazardous,Construction
Slovakia,2016,297159.0,Non-hazardous,Construction
Slovakia,2018,341093.0,Non-hazardous,Construction
Slovakia,2020,359675.0,Non-hazardous,Construction
Slovakia,2022,375045.0,Non-hazardous,Construction
Finland,2010,23086200.0,Non-hazardous,Construction
Finland,2012,15533650.0,Non-hazardous,Construction
Finland,2014,767934.0,Non-hazardous,Construction
Finland,2016,1267270.0,Non-hazardous,Construction
Finland,2018,873963.0,Non-hazardous,Construction
Finland,2020,1010277.0,Non-hazardous,Construction
Finland,2022,865315.0,Non-hazardous,Construction
Sweden,2010,900000.0,Non-hazardous,Construction
Sweden,2012,700000.0,Non-hazardous,Construction
Sweden,2014,1500000.0,Non-hazardous,Construction
Sweden,2016,2368147.0,Non-hazardous,Construction
Sweden,2018,2381670.0,Non-hazardous,Construction
Sweden,2020,2695642.0,Non-hazardous,Construction
Sweden,2022,2975510.0,Non-hazardous,Construction
Iceland,2010,333.0,Non-hazardous,Construction
Iceland,2012,0.0,Non-hazardous,Construction
Iceland,2014,20591.0,Non-hazardous,Construction
Iceland,2016,28492.0,Non-hazardous,Construction
Iceland,2018,36490.0,Non-hazardous,Construction
Iceland,2020,24773.0,Non-hazardous,Construction
Iceland,2022,96249.0,Non-hazardous,Construction
Liechtenstein,2010,0.0,Non-hazardous,Construction
Liechtenstein,2012,61199.0,Non-hazardous,Construction
Liechtenstein,2014,0.0,Non-hazardous,Construction
Liechtenstein,2016,0.0,Non-hazardous,Construction
Liechtenstein,2018,0.0,Non-hazardous,Construction
Liechtenstein,2020,0.0,Non-hazardous,Construction
Liechtenstein,2022,0.0,Non-hazardous,Construction
Norway,2010,900556.0,Non-hazardous,Construction
Norway,2012,772431.0,Non-hazardous,Construction
Norway,2014,1765394.0,Non-hazardous,Construction
Norway,2016,2167559.0,Non-hazardous,Construction
Norway,2018,2194896.0,Non-hazardous,Construction
Norway,2020,2679023.0,Non-hazardous,Construction
Norway,2022,2351212.0,Non-hazardous,Construction
United Kingdom,2010,55773443.0,Non-hazardous,Construction
United Kingdom,2012,52397933.0,Non-hazardous,Construction
United Kingdom,2014,58263719.0,Non-hazardous,Construction
United Kingdom,2016,63046541.0,Non-hazardous,Construction
United Kingdom,2018,64685385.0,Non-hazardous,Construction
Bosnia and Herzegovina,2014,53163.0,Non-hazardous,Construction
Bosnia and Herzegovina,2016,19069.0,Non-hazardous,Construction
Bosnia and Herzegovina,2018,9877.0,Non-hazardous,Construction
Bosnia and Herzegovina,2020,13203.0,Non-hazardous,Construction
Bosnia and Herzegovina,2022,15735.0,Non-hazardous,Construction
Montenegro,2012,2383.0,Non-hazardous,Construction
Montenegro,2014,12981.0,Non-hazardous,Construction
Montenegro,2016,3366.0,Non-hazardous,Construction
Montenegro,2018,3066.0,Non-hazardous,Construction
Montenegro,2020,56804.0,Non-hazardous,Construction
Montenegro,2022,10386.0,Non-hazardous,Construction
North Macedonia,2012,0.0,Non-hazardous,Construction
North Macedonia,2014,227.0,Non-hazardous,Construction
North Macedonia,2016,2.0,Non-hazardous,Construction
North Macedonia,2018,1866.0,Non-hazardous,Construction
North Macedonia,2020,45801.0,Non-hazardous,Construction
North Macedonia,2022,44494.0,Non-hazardous,Construction
Serbia,2012,82557.0,Non-hazardous,Construction
Serbia,2014,43977.0,Non-hazardous,Construction
Serbia,2016,238982.0,Non-hazardous,Construction
Serbia,2018,335690.0,Non-hazardous,Construction
Serbia,2020,507240.0,Non-hazardous,Construction
Serbia,2022,380288.0,Non-hazardous,Construction
Kosovo*,2014,2334.0,Non-hazardous,Construction
Kosovo*,2016,167254.0,Non-hazardous,Construction
Kosovo*,2018,33826.0,Non-hazardous,Construction
Kosovo*,2020,1950.0,Non-hazardous,Construction
Kosovo*,2022,81671.0,Non-hazardous,Construction
European Union - 27 countries (from 2020),2010,269810000.0,Non-hazardous,All NACE activities plus households
European Union - 27 countries (from 2020),2012,273760000.0,Non-hazardous,All NACE activities plus households
European Union - 27 countries (from 2020),2014,244610000.0,Non-hazardous,All NACE activities plus households
European Union - 27 countries (from 2020),2016,268130000.0,Non-hazardous,All NACE activities plus households
European Union - 27 countries (from 2020),2018,292400000.0,Non-hazardous,All NACE activities plus households
European Union - 27 countries (from 2020),2020,295840000.0,Non-hazardous,All NACE activities plus households
European Union - 27 countries (from 2020),2022,314990000.0,Non-hazardous,All NACE activities plus households
European Union - 28 countries (2013-2020),2010,327540000.0,Non-hazardous,All NACE activities plus households
European Union - 28 countries (2013-2020),2012,328820000.0,Non-hazardous,All NACE activities plus households
European Union - 28 countries (2013-2020),2014,306310000.0,Non-hazardous,All NACE activities plus households
European Union - 28 countries (2013-2020),2016,334590000.0,Non-hazardous,All NACE activities plus households
European Union - 28 countries (2013-2020),2018,360670000.0,Non-hazardous,All NACE activities plus households
Belgium,2010,14073531.0,Non-hazardous,All NACE activities plus households
Belgium,2012,15600073.0,Non-hazardous,All NACE activities plus households
Belgium,2014,16546729.0,Non-hazardous,All NACE activities plus households
Belgium,2016,19103127.0,Non-hazardous,All NACE activities plus households
Belgium,2018,21289250.0,Non-hazardous,All NACE activities plus households
Belgium,2020,20667481.0,Non-hazardous,All NACE activities plus households
Belgium,2022,21599598.0,Non-hazardous,All NACE activities plus households
Bulgaria,2010,137910.0,Non-hazardous,All NACE activities plus households
Bulgaria,2012,740398.0,Non-hazardous,All NACE activities plus households
Bulgaria,2014,681997.0,Non-hazardous,All NACE activities plus households
Bulgaria,2016,714256.0,Non-hazardous,All NACE activities plus households
Bulgaria,2018,150989.0,Non-hazardous,All NACE activities plus households
Bulgaria,2020,1148682.0,Non-hazardous,All NACE activities plus households
Bulgaria,2022,555812.0,Non-hazardous,All NACE activities plus households
Czechia,2010,2348017.0,Non-hazardous,All NACE activities plus households
Czechia,2012,2854247.0,Non-hazardous,All NACE activities plus households
Czechia,2014,2887533.0,Non-hazardous,All NACE activities plus households
Czechia,2016,3520613.0,Non-hazardous,All NACE activities plus households
Czechia,2018,7308259.0,Non-hazardous,All NACE activities plus households
Czechia,2020,6332788.0,Non-hazardous,All NACE activities plus households
Czechia,2022,6401898.0,Non-hazardous,All NACE activities plus households
Denmark,2010,2049063.0,Non-hazardous,All NACE activities plus households
Denmark,2012,2644736.0,Non-hazardous,All NACE activities plus households
Denmark,2014,3181527.0,Non-hazardous,All NACE activities plus households
Denmark,2016,3357696.0,Non-hazardous,All NACE activities plus households
Denmark,2018,4008951.0,Non-hazardous,All NACE activities plus households
Denmark,2020,3621828.0,Non-hazardous,All NACE activities plus households
Denmark,2022,4092972.0,Non-hazardous,All NACE activities plus households
Germany,2010,73116472.0,Non-hazardous,All NACE activities plus households
Germany,2012,73814286.0,Non-hazardous,All NACE activities plus households
Germany,2014,74870031.0,Non-hazardous,All NACE activities plus households
Germany,2016,81422714.0,Non-hazardous,All NACE activities plus households
Germany,2018,80403710.0,Non-hazardous,All NACE activities plus households
Germany,2020,83341197.0,Non-hazardous,All NACE activities plus households
Germany,2022,78406646.0,Non-hazardous,All NACE activities plus households
Estonia,2010,285413.0,Non-hazardous,All NACE activities plus households
Estonia,2012,470569.0,Non-hazardous,All NACE activities plus households
Estonia,2014,616277.0,Non-hazardous,All NACE activities plus households
Estonia,2016,718726.0,Non-hazardous,All NACE activities plus households
Estonia,2018,1193492.0,Non-hazardous,All NACE activities plus households
Estonia,2020,789885.0,Non-hazardous,All NACE activities plus households
Estonia,2022,880702.0,Non-hazardous,All NACE activities plus households
Ireland,2010,1435323.0,Non-hazardous,All NACE activities plus households
Ireland,2012,197534.0,Non-hazardous,All NACE activities plus households
Ireland,2014,433743.0,Non-hazardous,All NACE activities plus households
Ireland,2016,260106.0,Non-hazardous,All NACE activities plus households
Ireland,2018,701040.0,Non-hazardous,All NACE activities plus households
Ireland,2020,1485485.0,Non-hazardous,All NACE activities plus households
Ireland,2022,1000174.0,Non-hazardous,All NACE activities plus households
Greece,2010,1544753.0,Non-hazardous,All NACE activities plus households
Greece,2012,604731.0,Non-hazardous,All NACE activities plus households
Greece,2014,367018.0,Non-hazardous,All NACE activities plus households
Greece,2016,161352.0,Non-hazardous,All NACE activities plus households
Greece,2018,1144552.0,Non-hazardous,All NACE activities plus households
Greece,2020,3403675.0,Non-hazardous,All NACE activities plus households
Greece,2022,3988069.0,Non-hazardous,All NACE activities plus households
Spain,2010,11268981.0,Non-hazardous,All NACE activities plus households
Spain,2012,27327714.0,Non-hazardous,All NACE activities plus households
Spain,2014,7040822.0,Non-hazardous,All NACE activities plus households
Spain,2016,13516033.0,Non-hazardous,All NACE activities plus households
Spain,2018,14450060.0,Non-hazardous,All NACE activities plus households
Spain,2020,14355512.0,Non-hazardous,All NACE activities plus households
Spain,2022,14537105.0,Non-hazardous,All NACE activities plus households
France,2010,64421824.0,Non-hazardous,All NACE activities plus households
France,2012,61200733.0,Non-hazardous,All NACE activities plus households
France,2014,59961711.0,Non-hazardous,All NACE activities plus households
France,2016,63415979.0,Non-hazardous,All NACE activities plus households
France,2018,67750226.0,Non-hazardous,All NACE activities plus households
France,2020,60143877.0,Non-hazardous,All NACE activities plus households
France,2022,70131661.0,Non-hazardous,All NACE activities plus households
Croatia,2010,23113.0,Non-hazardous,All NACE activities plus households
Croatia,2012,250199.0,Non-hazardous,All NACE activities plus households
Croatia,2014,284330.0,Non-hazardous,All NACE activities plus households
Croatia,2016,554247.0,Non-hazardous,All NACE activities plus households
Croatia,2018,486294.0,Non-hazardous,All NACE activities plus households
Croatia,2020,622978.0,Non-hazardous,All NACE activities plus households
Croatia,2022,586113.0,Non-hazardous,All NACE activities plus households
Italy,2010,35739806.0,Non-hazardous,All NACE activities plus households
Italy,2012,33756796.0,Non-hazardous,All NACE activities plus households
Italy,2014,34017822.0,Non-hazardous,All NACE activities plus households
Italy,2016,35154345.0,Non-hazardous,All NACE activities plus households
Italy,2018,41023043.0,Non-hazardous,All NACE activities plus households
Italy,2020,45909840.0,Non-hazardous,All NACE activities plus households
Italy,2022,55118237.0,Non-hazardous,All NACE activities plus households
Cyprus,2010,148841.0,Non-hazardous,All NACE activities plus households
Cyprus,2012,138222.0,Non-hazardous,All NACE activities plus households
Cyprus,2014,152201.0,Non-hazardous,All NACE activities plus households
Cyprus,2016,329140.0,Non-hazardous,All NACE activities plus households
Cyprus,2018,324661.0,Non-hazardous,All NACE activities plus households
Cyprus,2020,431614.0,Non-hazardous,All NACE activities plus households
Cyprus,2022,341061.0,Non-hazardous,All NACE activities plus households
Latvia,2010,144375.0,Non-hazardous,All NACE activities plus households
Latvia,2012,395926.0,Non-hazardous,All NACE activities plus households
Latvia,2014,570718.0,Non-hazardous,All NACE activities plus households
Latvia,2016,387476.0,Non-hazardous,All NACE activities plus households
Latvia,2018,385292.0,Non-hazardous,All NACE activities plus households
Latvia,2020,317839.0,Non-hazardous,All NACE activities plus households
Latvia,2022,373594.0,Non-hazardous,All NACE activities plus households
Lithuania,2010,388076.0,Non-hazardous,All NACE activities plus households
Lithuania,2012,564286.0,Non-hazardous,All NACE activities plus households
Lithuania,2014,647445.0,Non-hazardous,All NACE activities plus households
Lithuania,2016,797542.0,Non-hazardous,All NACE activities plus households
Lithuania,2018,795043.0,Non-hazardous,All NACE activities plus households
Lithuania,2020,733209.0,Non-hazardous,All NACE activities plus households
Lithuania,2022,767568.0,Non-hazardous,All NACE activities plus households
Luxembourg,2010,564553.0,Non-hazardous,All NACE activities plus households
Luxembourg,2012,547513.0,Non-hazardous,All NACE activities plus households
Luxembourg,2014,521923.0,Non-hazardous,All NACE activities plus households
Luxembourg,2016,628460.0,Non-hazardous,All NACE activities plus households
Luxembourg,2018,544371.0,Non-hazardous,All NACE activities plus households
Luxembourg,2020,683804.0,Non-hazardous,All NACE activities plus households
Luxembourg,2022,1328357.0,Non-hazardous,All NACE activities plus households
Hungary,2010,3426200.0,Non-hazardous,All NACE activities plus households
Hungary,2012,3287823.0,Non-hazardous,All NACE activities plus households
Hungary,2014,2685405.0,Non-hazardous,All NACE activities plus households
Hungary,2016,2510580.0,Non-hazardous,All NACE activities plus households
Hungary,2018,3455444.0,Non-hazardous,All NACE activities plus households
Hungary,2020,2443383.0,Non-hazardous,All NACE activities plus households
Hungary,2022,4937319.0,Non-hazardous,All NACE activities plus households
Malta,2010,746666.0,Non-hazardous,All NACE activities plus households
Malta,2012,500883.0,Non-hazardous,All NACE activities plus households
Malta,2014,994639.0,Non-hazardous,All NACE activities plus households
Malta,2016,1296533.0,Non-hazardous,All NACE activities plus households
Malta,2018,1877525.0,Non-hazardous,All NACE activities plus households
Malta,2020,2972009.0,Non-hazardous,All NACE activities plus households
Malta,2022,2003771.0,Non-hazardous,All NACE activities plus households
Netherlands,2010,20644006.0,Non-hazardous,All NACE activities plus households
Netherlands,2012,19590870.0,Non-hazardous,All NACE activities plus households
Netherlands,2014,19214561.0,Non-hazardous,All NACE activities plus households
Netherlands,2016,18616076.0,Non-hazardous,All NACE activities plus households
Netherlands,2018,19505506.0,Non-hazardous,All NACE activities plus households
Netherlands,2020,19428598.0,Non-hazardous,All NACE activities plus households
Netherlands,2022,19049380.0,Non-hazardous,All NACE activities plus households
Austria,2010,5796555.0,Non-hazardous,All NACE activities plus households
Austria,2012,6284022.0,Non-hazardous,All NACE activities plus households
Austria,2014,9159881.0,Non-hazardous,All NACE activities plus households
Austria,2016,10053024.0,Non-hazardous,All NACE activities plus households
Austria,2018,11135738.0,Non-hazardous,All NACE activities plus households
Austria,2020,11438377.0,Non-hazardous,All NACE activities plus households
Austria,2022,11495023.0,Non-hazardous,All NACE activities plus households
Poland,2010,3652961.0,Non-hazardous,All NACE activities plus households
Poland,2012,3481085.0,Non-hazardous,All NACE activities plus households
Poland,2014,4358445.0,Non-hazardous,All NACE activities plus households
Poland,2016,3645144.0,Non-hazardous,All NACE activities plus households
Poland,2018,6476430.0,Non-hazardous,All NACE activities plus households
Poland,2020,6295797.0,Non-hazardous,All NACE activities plus households
Poland,2022,7099162.0,Non-hazardous,All NACE activities plus households
Portugal,2010,1217010.0,Non-hazardous,All NACE activities plus households
Portugal,2012,1029966.0,Non-hazardous,All NACE activities plus households
Portugal,2014,820324.0,Non-hazardous,All NACE activities plus households
Portugal,2016,1326648.0,Non-hazardous,All NACE activities plus households
Portugal,2018,1553725.0,Non-hazardous,All NACE activities plus households
Portugal,2020,2074572.0,Non-hazardous,All NACE activities plus households
Portugal,2022,2349556.0,Non-hazardous,All NACE activities plus households
Romania,2010,929857.0,Non-hazardous,All NACE activities plus households
Romania,2012,1322438.0,Non-hazardous,All NACE activities plus households
Romania,2014,1049984.0,Non-hazardous,All NACE activities plus households
Romania,2016,1258157.0,Non-hazardous,All NACE activities plus households
Romania,2018,723861.0,Non-hazardous,All NACE activities plus households
Romania,2020,1164645.0,Non-hazardous,All NACE activities plus households
Romania,2022,1222719.0,Non-hazardous,All NACE activities plus households
Slovenia,2010,737427.0,Non-hazardous,All NACE activities plus households
Slovenia,2012,171529.0,Non-hazardous,All NACE activities plus households
Slovenia,2014,227319.0,Non-hazardous,All NACE activities plus households
Slovenia,2016,630949.0,Non-hazardous,All NACE activities plus households
Slovenia,2018,1064966.0,Non-hazardous,All NACE activities plus households
Slovenia,2020,973865.0,Non-hazardous,All NACE activities plus households
Slovenia,2022,1186863.0,Non-hazardous,All NACE activities plus households
Slovakia,2010,556101.0,Non-hazardous,All NACE activities plus households
Slovakia,2012,511611.0,Non-hazardous,All NACE activities plus households
Slovakia,2014,536830.0,Non-hazardous,All NACE activities plus households
Slovakia,2016,719212.0,Non-hazardous,All NACE activities plus households
Slovakia,2018,819164.0,Non-hazardous,All NACE activities plus households
Slovakia,2020,1036158.0,Non-hazardous,All NACE activities plus households
Slovakia,2022,1370725.0,Non-hazardous,All NACE activities plus households
Finland,2010,23502448.0,Non-hazardous,All NACE activities plus households
Finland,2012,15627823.0,Non-hazardous,All NACE activities plus households
Finland,2014,1040840.0,Non-hazardous,All NACE activities plus households
Finland,2016,1378553.0,Non-hazardous,All NACE activities plus households
Finland,2018,1148450.0,Non-hazardous,All NACE activities plus households
Finland,2020,1098202.0,Non-hazardous,All NACE activities plus households
Finland,2022,968717.0,Non-hazardous,All NACE activities plus households
Sweden,2010,914283.0,Non-hazardous,All NACE activities plus households
Sweden,2012,844802.0,Non-hazardous,All NACE activities plus households
Sweden,2014,1737222.0,Non-hazardous,All NACE activities plus households
Sweden,2016,2651326.0,Non-hazardous,All NACE activities plus households
Sweden,2018,2680029.0,Non-hazardous,All NACE activities plus households
Sweden,2020,2924346.0,Non-hazardous,All NACE activities plus households
Sweden,2022,3198082.0,Non-hazardous,All NACE activities plus households
Iceland,2010,5441.0,Non-hazardous,All NACE activities plus households
Iceland,2012,0.0,Non-hazardous,All NACE activities plus households
Iceland,2014,343182.0,Non-hazardous,All NACE activities plus households
Iceland,2016,474873.0,Non-hazardous,All NACE activities plus households
Iceland,2018,608159.0,Non-hazardous,All NACE activities plus households
Iceland,2020,412883.0,Non-hazardous,All NACE activities plus households
Iceland,2022,109851.0,Non-hazardous,All NACE activities plus households
Liechtenstein,2010,245898.0,Non-hazardous,All NACE activities plus households
Liechtenstein,2012,62846.0,Non-hazardous,All NACE activities plus households
Liechtenstein,2014,118.0,Non-hazardous,All NACE activities plus households
Liechtenstein,2016,8.0,Non-hazardous,All NACE activities plus households
Liechtenstein,2018,33.0,Non-hazardous,All NACE activities plus households
Liechtenstein,2020,20.0,Non-hazardous,All NACE activities plus households
Liechtenstein,2022,687.0,Non-hazardous,All NACE activities plus households
Norway,2010,956438.0,Non-hazardous,All NACE activities plus households
Norway,2012,840175.0,Non-hazardous,All NACE activities plus households
Norway,2014,1852993.0,Non-hazardous,All NACE activities plus households
Norway,2016,2251886.0,Non-hazardous,All NACE activities plus households
Norway,2018,2367383.0,Non-hazardous,All NACE activities plus households
Norway,2020,2888120.0,Non-hazardous,All NACE activities plus households
Norway,2022,2555724.0,Non-hazardous,All NACE activities plus households
United Kingdom,2010,57680896.0,Non-hazardous,All NACE activities plus households
United Kingdom,2012,55061291.0,Non-hazardous,All NACE activities plus households
United Kingdom,2014,61703113.0,Non-hazardous,All NACE activities plus households
United Kingdom,2016,66457152.0,Non-hazardous,All NACE activities plus households
United Kingdom,2018,68267172.0,Non-hazardous,All NACE activities plus households
Bosnia and Herzegovina,2012,6259.0,Non-hazardous,All NACE activities plus households
Bosnia and Herzegovina,2014,68253.0,Non-hazardous,All NACE activities plus households
Bosnia and Herzegovina,2016,19527.0,Non-hazardous,All NACE activities plus households
Bosnia and Herzegovina,2018,12164.0,Non-hazardous,All NACE activities plus households
Bosnia and Herzegovina,2020,56984.0,Non-hazardous,All NACE activities plus households
Bosnia and Herzegovina,2022,74092.0,Non-hazardous,All NACE activities plus households
Montenegro,2012,4043.0,Non-hazardous,All NACE activities plus households
Montenegro,2014,17399.0,Non-hazardous,All NACE activities plus households
Montenegro,2016,7875.0,Non-hazardous,All NACE activities plus households
Montenegro,2018,9917.0,Non-hazardous,All NACE activities plus households
Montenegro,2020,69547.0,Non-hazardous,All NACE activities plus households
Montenegro,2022,19020.0,Non-hazardous,All NACE activities plus households
North Macedonia,2010,62.0,Non-hazardous,All NACE activities plus households
North Macedonia,2012,866.0,Non-hazardous,All NACE activities plus households
North Macedonia,2014,683.0,Non-hazardous,All NACE activities plus households
North Macedonia,2016,79.0,Non-hazardous,All NACE activities plus households
North Macedonia,2018,7873.0,Non-hazardous,All NACE activities plus households
North Macedonia,2020,51598.0,Non-hazardous,All NACE activities plus households
North Macedonia,2022,55886.0,Non-hazardous,All NACE activities plus households
Albania,2022,42751.0,Non-hazardous,All NACE activities plus households
Serbia,2010,3026.0,Non-hazardous,All NACE activities plus households
Serbia,2012,89849.0,Non-hazardous,All NACE activities plus households
Serbia,2014,55422.0,Non-hazardous,All NACE activities plus households
Serbia,2016,283110.0,Non-hazardous,All NACE activities plus households
Serbia,2018,380262.0,Non-hazardous,All NACE activities plus households
Serbia,2020,524125.0,Non-hazardous,All NACE activities plus households
Serbia,2022,399787.0,Non-hazardous,All NACE activities plus households
Türkiye,2010,124670.0,Non-hazardous,All NACE activities plus households
Türkiye,2012,467601.0,Non-hazardous,All NACE activities plus households
Türkiye,2014,673874.0,Non-hazardous,All NACE activities plus households
Türkiye,2016,79843.0,Non-hazardous,All NACE activities plus households
Türkiye,2018,24155.0,Non-hazardous,All NACE activities plus households
Türkiye,2020,20550.0,Non-hazardous,All NACE activities plus households
Türkiye,2022,26772.0,Non-hazardous,All NACE activities plus households
Kosovo*,2012,0.0,Non-hazardous,All NACE activities plus households
Kosovo*,2014,2430.0,Non-hazardous,All NACE activities plus households
Kosovo*,2016,170776.0,Non-hazardous,All NACE activities plus households
Kosovo*,2018,68012.0,Non-hazardous,All NACE activities plus households
Kosovo*,2020,13761.0,Non-hazardous,All NACE activities plus households
Kosovo*,2022,84590.0,Non-hazardous,All NACE activities plus households
